t,pid,crossfire.exe@db906c+0,crossfire.exe@db906c+1,crossfire.exe@db906c+2,crossfire.exe@db906c+3,crossfire.exe@db9094+0,crossfire.exe@db9094+1,crossfire.exe@db9094+2,crossfire.exe@db9094+3,crossfire.exe@db90c4+0,crossfire.exe@db90c4+1,crossfire.exe@db90c4+2,crossfire.exe@db90c4+3,crossfire.exe@dbfe54+0,crossfire.exe@dbfe54+1,crossfire.exe@dbfe54+2,crossfire.exe@dbfe54+3,crossfire.exe@dbfe94+0,crossfire.exe@dbfe94+1,crossfire.exe@dbfe94+2,crossfire.exe@dbfe94+3,crossfire.exe@dc13e0+0,crossfire.exe@dc13e0+1,crossfire.exe@dc13e0+2,crossfire.exe@dc13e0+3,crossfire.exe@dcbb9c+0,crossfire.exe@dcbb9c+1,crossfire.exe@dcbb9c+2,crossfire.exe@dcbb9c+3,crossfire.exe@dd7aa0+0,crossfire.exe@dd7aa0+1,crossfire.exe@dd7aa0+2,crossfire.exe@dd7aa0+3,cshell.dll@16a53e0+0,cshell.dll@16a53e0+1,cshell.dll@16a53e0+2,cshell.dll@16a53e0+3,cshell.dll@16a5400+0,cshell.dll@16a5400+1,cshell.dll@16a5400+2,cshell.dll@16a5400+3,cshell.dll@1e71000+0,cshell.dll@1e71000+1,cshell.dll@1e71000+2,cshell.dll@1e71000+3,cshell.dll@1e8e478+0,cshell.dll@1e8e478+1,cshell.dll@1e8e478+2,cshell.dll@1e8e478+3,cshell.dll@1e8e498+0,cshell.dll@1e8e498+1,cshell.dll@1e8e498+2,cshell.dll@1e8e498+3,d3d@1a8878,d3d@1a8a88,d3d@1a8a90,d3d@1a8a98,d3d@1a8a9c,d3d@1a8aa0,d3d@1a8ab0,d3d@1a8abc,d3d@1a8bf4,d3d@1a8c24,d3d@1a8cdc,d3d@1a8d28,d3d@1a8d50,d3d@1a8d58,d3d@1a8d5c,d3d@1a8d60,d3d@1a8d6c,d3d@1a8d74,d3d@1a8d88,d3d@1a8d8c,d3d@1a8d98,d3d@1a8da4,d3d@1a8db4,d3d@1a8dbc,d3d@1a8dc4,d3d@1a8dcc,d3d@1a8dd0,d3d@1a8dd4,d3d@1a8dd8,d3d@1a8de0,d3d@1a8dec,d3d@1a8df4,d3d@1a8e04,d3d@1a8e0c,d3d@1a8e10,d3d@1a8e18,d3d@1a8e24,d3d@1a8e44,d3d@1a8f20,d3d@1a8f28
1788306591.43907,27512,7.006492321624085e-45,8.407790785948902e-45,1.401298464324817e-45,1.401298464324817e-45,1.0,0.0,0.0,0.0,0.0,0.0,0.0,1.0,0.0,0.0,0.0,0.0,0.0,0.0,0.0,0.0,0.0,0.0,0.0,0.0,1.0,0.0,1.0,0.0,0.0,0.0,0.0,0.0,0.0,0.0,0.0,0.0,1.0,0.0,0.0,0.0,0.0,0.0,0.0,0.0,0.0,0.0,0.0,0.0,0.0,0.0,0.0,0.0,0f1f8400,c1018d48,8bc1eb0c,000f1f80,00000000,8b5df48b,c8c1f905,f085148e,008b450c,008bca81,01a90000,088b04b9,f8000000,098bc1c1,e817a801,0f85e300,0facc214,f0010000,20040000,a810751b,0d83ff06,45f88b73,1f83ff06,00000006,1af6c101,07c745f0,02000000,8b45f889,45f8660f,8b45108b,058bcb8b,0000d3e0,75108078,8b4dfcc6,81582000,348b5514,108b088b,017599eb,5dc21400,cccccccc
1788306591.5396461,27512,7.006492321624085e-45,8.407790785948902e-45,1.401298464324817e-45,1.401298464324817e-45,1.0,0.0,0.0,0.0,0.0,0.0,0.0,1.0,0.0,0.0,0.0,0.0,0.0,0.0,0.0,0.0,0.0,0.0,0.0,0.0,1.0,0.0,1.0,0.0,0.0,0.0,0.0,0.0,0.0,0.0,0.0,0.0,1.0,0.0,0.0,0.0,0.0,0.0,0.0,0.0,0.0,0.0,0.0,0.0,0.0,0.0,0.0,0.0,0f1f8400,c1018d48,8bc1eb0c,000f1f80,00000000,8b5df48b,c8c1f905,f085148e,008b450c,008bca81,01a90000,088b04b9,f8000000,098bc1c1,e817a801,0f85e300,0facc214,f0010000,20040000,a810751b,0d83ff06,45f88b73,1f83ff06,00000006,1af6c101,07c745f0,02000000,8b45f889,45f8660f,8b45108b,058bcb8b,0000d3e0,75108078,8b4dfcc6,81582000,348b5514,108b088b,017599eb,5dc21400,cccccccc
1788306591.6403182,27512,7.006492321624085e-45,8.407790785948902e-45,1.401298464324817e-45,1.401298464324817e-45,1.0,0.0,0.0,0.0,0.0,0.0,0.0,1.0,0.0,0.0,0.0,0.0,0.0,0.0,0.0,0.0,0.0,0.0,0.0,0.0,1.0,0.0,1.0,0.0,0.0,0.0,0.0,0.0,0.0,0.0,0.0,0.0,1.0,0.0,0.0,0.0,0.0,0.0,0.0,0.0,0.0,0.0,0.0,0.0,0.0,0.0,0.0,0.0,0f1f8400,c1018d48,8bc1eb0c,000f1f80,00000000,8b5df48b,c8c1f905,f085148e,008b450c,008bca81,01a90000,088b04b9,f8000000,098bc1c1,e817a801,0f85e300,0facc214,f0010000,20040000,a810751b,0d83ff06,45f88b73,1f83ff06,00000006,1af6c101,07c745f0,02000000,8b45f889,45f8660f,8b45108b,058bcb8b,0000d3e0,75108078,8b4dfcc6,81582000,348b5514,108b088b,017599eb,5dc21400,cccccccc
1788306591.7699738,27512,7.006492321624085e-45,8.407790785948902e-45,1.401298464324817e-45,1.401298464324817e-45,1.0,0.0,0.0,0.0,0.0,0.0,0.0,1.0,0.0,0.0,0.0,0.0,0.0,0.0,0.0,0.0,0.0,0.0,0.0,0.0,1.0,0.0,1.0,0.0,0.0,0.0,0.0,0.0,0.0,0.0,0.0,0.0,1.0,0.0,0.0,0.0,0.0,0.0,0.0,0.0,0.0,0.0,0.0,0.0,0.0,0.0,0.0,0.0,0f1f8400,c1018d48,8bc1eb0c,000f1f80,00000000,8b5df48b,c8c1f905,f085148e,008b450c,008bca81,01a90000,088b04b9,f8000000,098bc1c1,e817a801,0f85e300,0facc214,f0010000,20040000,a810751b,0d83ff06,45f88b73,1f83ff06,00000006,1af6c101,07c745f0,02000000,8b45f889,45f8660f,8b45108b,058bcb8b,0000d3e0,75108078,8b4dfcc6,81582000,348b5514,108b088b,017599eb,5dc21400,cccccccc
1788306591.8708546,27512,7.006492321624085e-45,8.407790785948902e-45,1.401298464324817e-45,1.401298464324817e-45,1.0,0.0,0.0,0.0,0.0,0.0,0.0,1.0,0.0,0.0,0.0,0.0,0.0,0.0,0.0,0.0,0.0,0.0,0.0,0.0,1.0,0.0,1.0,0.0,0.0,0.0,0.0,0.0,0.0,0.0,0.0,0.0,1.0,0.0,0.0,0.0,0.0,0.0,0.0,0.0,0.0,0.0,0.0,0.0,0.0,0.0,0.0,0.0,0f1f8400,c1018d48,8bc1eb0c,000f1f80,00000000,8b5df48b,c8c1f905,f085148e,008b450c,008bca81,01a90000,088b04b9,f8000000,098bc1c1,e817a801,0f85e300,0facc214,f0010000,20040000,a810751b,0d83ff06,45f88b73,1f83ff06,00000006,1af6c101,07c745f0,02000000,8b45f889,45f8660f,8b45108b,058bcb8b,0000d3e0,75108078,8b4dfcc6,81582000,348b5514,108b088b,017599eb,5dc21400,cccccccc
1788306591.971644,27512,7.006492321624085e-45,8.407790785948902e-45,1.401298464324817e-45,1.401298464324817e-45,1.0,0.0,0.0,0.0,0.0,0.0,0.0,1.0,0.0,0.0,0.0,0.0,0.0,0.0,0.0,0.0,0.0,0.0,0.0,0.0,1.0,0.0,1.0,0.0,0.0,0.0,0.0,0.0,0.0,0.0,0.0,0.0,1.0,0.0,0.0,0.0,0.0,0.0,0.0,0.0,0.0,0.0,0.0,0.0,0.0,0.0,0.0,0.0,0f1f8400,c1018d48,8bc1eb0c,000f1f80,00000000,8b5df48b,c8c1f905,f085148e,008b450c,008bca81,01a90000,088b04b9,f8000000,098bc1c1,e817a801,0f85e300,0facc214,f0010000,20040000,a810751b,0d83ff06,45f88b73,1f83ff06,00000006,1af6c101,07c745f0,02000000,8b45f889,45f8660f,8b45108b,058bcb8b,0000d3e0,75108078,8b4dfcc6,81582000,348b5514,108b088b,017599eb,5dc21400,cccccccc
1788306592.0727339,27512,7.006492321624085e-45,8.407790785948902e-45,1.401298464324817e-45,1.401298464324817e-45,1.0,0.0,0.0,0.0,0.0,0.0,0.0,1.0,0.0,0.0,0.0,0.0,0.0,0.0,0.0,0.0,0.0,0.0,0.0,0.0,1.0,0.0,1.0,0.0,0.0,0.0,0.0,0.0,0.0,0.0,0.0,0.0,1.0,0.0,0.0,0.0,0.0,0.0,0.0,0.0,0.0,0.0,0.0,0.0,0.0,0.0,0.0,0.0,0f1f8400,c1018d48,8bc1eb0c,000f1f80,00000000,8b5df48b,c8c1f905,f085148e,008b450c,008bca81,01a90000,088b04b9,f8000000,098bc1c1,e817a801,0f85e300,0facc214,f0010000,20040000,a810751b,0d83ff06,45f88b73,1f83ff06,00000006,1af6c101,07c745f0,02000000,8b45f889,45f8660f,8b45108b,058bcb8b,0000d3e0,75108078,8b4dfcc6,81582000,348b5514,108b088b,017599eb,5dc21400,cccccccc
1788306592.1737926,27512,7.006492321624085e-45,8.407790785948902e-45,1.401298464324817e-45,1.401298464324817e-45,1.0,0.0,0.0,0.0,0.0,0.0,0.0,1.0,0.0,0.0,0.0,0.0,0.0,0.0,0.0,0.0,0.0,0.0,0.0,0.0,1.0,0.0,1.0,0.0,0.0,0.0,0.0,0.0,0.0,0.0,0.0,0.0,1.0,0.0,0.0,0.0,0.0,0.0,0.0,0.0,0.0,0.0,0.0,0.0,0.0,0.0,0.0,0.0,0f1f8400,c1018d48,8bc1eb0c,000f1f80,00000000,8b5df48b,c8c1f905,f085148e,008b450c,008bca81,01a90000,088b04b9,f8000000,098bc1c1,e817a801,0f85e300,0facc214,f0010000,20040000,a810751b,0d83ff06,45f88b73,1f83ff06,00000006,1af6c101,07c745f0,02000000,8b45f889,45f8660f,8b45108b,058bcb8b,0000d3e0,75108078,8b4dfcc6,81582000,348b5514,108b088b,017599eb,5dc21400,cccccccc
1788306592.2743838,27512,7.006492321624085e-45,8.407790785948902e-45,1.401298464324817e-45,1.401298464324817e-45,1.0,0.0,0.0,0.0,0.0,0.0,0.0,1.0,0.0,0.0,0.0,0.0,0.0,0.0,0.0,0.0,0.0,0.0,0.0,0.0,1.0,0.0,1.0,0.0,0.0,0.0,0.0,0.0,0.0,0.0,0.0,0.0,1.0,0.0,0.0,0.0,0.0,0.0,0.0,0.0,0.0,0.0,0.0,0.0,0.0,0.0,0.0,0.0,0f1f8400,c1018d48,8bc1eb0c,000f1f80,00000000,8b5df48b,c8c1f905,f085148e,008b450c,008bca81,01a90000,088b04b9,f8000000,098bc1c1,e817a801,0f85e300,0facc214,f0010000,20040000,a810751b,0d83ff06,45f88b73,1f83ff06,00000006,1af6c101,07c745f0,02000000,8b45f889,45f8660f,8b45108b,058bcb8b,0000d3e0,75108078,8b4dfcc6,81582000,348b5514,108b088b,017599eb,5dc21400,cccccccc
1788306592.3758106,27512,7.006492321624085e-45,8.407790785948902e-45,1.401298464324817e-45,1.401298464324817e-45,1.0,0.0,0.0,0.0,0.0,0.0,0.0,1.0,0.0,0.0,0.0,0.0,0.0,0.0,0.0,0.0,0.0,0.0,0.0,0.0,1.0,0.0,1.0,0.0,0.0,0.0,0.0,0.0,0.0,0.0,0.0,0.0,1.0,0.0,0.0,0.0,0.0,0.0,0.0,0.0,0.0,0.0,0.0,0.0,0.0,0.0,0.0,0.0,0f1f8400,c1018d48,8bc1eb0c,000f1f80,00000000,8b5df48b,c8c1f905,f085148e,008b450c,008bca81,01a90000,088b04b9,f8000000,098bc1c1,e817a801,0f85e300,0facc214,f0010000,20040000,a810751b,0d83ff06,45f88b73,1f83ff06,00000006,1af6c101,07c745f0,02000000,8b45f889,45f8660f,8b45108b,058bcb8b,0000d3e0,75108078,8b4dfcc6,81582000,348b5514,108b088b,017599eb,5dc21400,cccccccc
1788306592.4768038,27512,7.006492321624085e-45,8.407790785948902e-45,1.401298464324817e-45,1.401298464324817e-45,1.0,0.0,0.0,0.0,0.0,0.0,0.0,1.0,0.0,0.0,0.0,0.0,0.0,0.0,0.0,0.0,0.0,0.0,0.0,0.0,1.0,0.0,1.0,0.0,0.0,0.0,0.0,0.0,0.0,0.0,0.0,0.0,1.0,0.0,0.0,0.0,0.0,0.0,0.0,0.0,0.0,0.0,0.0,0.0,0.0,0.0,0.0,0.0,0f1f8400,c1018d48,8bc1eb0c,000f1f80,00000000,8b5df48b,c8c1f905,f085148e,008b450c,008bca81,01a90000,088b04b9,f8000000,098bc1c1,e817a801,0f85e300,0facc214,f0010000,20040000,a810751b,0d83ff06,45f88b73,1f83ff06,00000006,1af6c101,07c745f0,02000000,8b45f889,45f8660f,8b45108b,058bcb8b,0000d3e0,75108078,8b4dfcc6,81582000,348b5514,108b088b,017599eb,5dc21400,cccccccc
1788306592.5775573,27512,7.006492321624085e-45,8.407790785948902e-45,1.401298464324817e-45,1.401298464324817e-45,1.0,0.0,0.0,0.0,0.0,0.0,0.0,1.0,0.0,0.0,0.0,0.0,0.0,0.0,0.0,0.0,0.0,0.0,0.0,0.0,1.0,0.0,1.0,0.0,0.0,0.0,0.0,0.0,0.0,0.0,0.0,0.0,1.0,0.0,0.0,0.0,0.0,0.0,0.0,0.0,0.0,0.0,0.0,0.0,0.0,0.0,0.0,0.0,0f1f8400,c1018d48,8bc1eb0c,000f1f80,00000000,8b5df48b,c8c1f905,f085148e,008b450c,008bca81,01a90000,088b04b9,f8000000,098bc1c1,e817a801,0f85e300,0facc214,f0010000,20040000,a810751b,0d83ff06,45f88b73,1f83ff06,00000006,1af6c101,07c745f0,02000000,8b45f889,45f8660f,8b45108b,058bcb8b,0000d3e0,75108078,8b4dfcc6,81582000,348b5514,108b088b,017599eb,5dc21400,cccccccc
1788306592.6781409,27512,7.006492321624085e-45,8.407790785948902e-45,1.401298464324817e-45,1.401298464324817e-45,1.0,0.0,0.0,0.0,0.0,0.0,0.0,1.0,0.0,0.0,0.0,0.0,0.0,0.0,0.0,0.0,0.0,0.0,0.0,0.0,1.0,0.0,1.0,0.0,0.0,0.0,0.0,0.0,0.0,0.0,0.0,0.0,1.0,0.0,0.0,0.0,0.0,0.0,0.0,0.0,0.0,0.0,0.0,0.0,0.0,0.0,0.0,0.0,0f1f8400,c1018d48,8bc1eb0c,000f1f80,00000000,8b5df48b,c8c1f905,f085148e,008b450c,008bca81,01a90000,088b04b9,f8000000,098bc1c1,e817a801,0f85e300,0facc214,f0010000,20040000,a810751b,0d83ff06,45f88b73,1f83ff06,00000006,1af6c101,07c745f0,02000000,8b45f889,45f8660f,8b45108b,058bcb8b,0000d3e0,75108078,8b4dfcc6,81582000,348b5514,108b088b,017599eb,5dc21400,cccccccc
1788306592.7788901,27512,7.006492321624085e-45,8.407790785948902e-45,1.401298464324817e-45,1.401298464324817e-45,1.0,0.0,0.0,0.0,0.0,0.0,0.0,1.0,0.0,0.0,0.0,0.0,0.0,0.0,0.0,0.0,0.0,0.0,0.0,0.0,1.0,0.0,1.0,0.0,0.0,0.0,0.0,0.0,0.0,0.0,0.0,0.0,1.0,0.0,0.0,0.0,0.0,0.0,0.0,0.0,0.0,0.0,0.0,0.0,0.0,0.0,0.0,0.0,0f1f8400,c1018d48,8bc1eb0c,000f1f80,00000000,8b5df48b,c8c1f905,f085148e,008b450c,008bca81,01a90000,088b04b9,f8000000,098bc1c1,e817a801,0f85e300,0facc214,f0010000,20040000,a810751b,0d83ff06,45f88b73,1f83ff06,00000006,1af6c101,07c745f0,02000000,8b45f889,45f8660f,8b45108b,058bcb8b,0000d3e0,75108078,8b4dfcc6,81582000,348b5514,108b088b,017599eb,5dc21400,cccccccc
1788306592.879426,27512,7.006492321624085e-45,8.407790785948902e-45,1.401298464324817e-45,1.401298464324817e-45,1.0,0.0,0.0,0.0,0.0,0.0,0.0,1.0,0.0,0.0,0.0,0.0,0.0,0.0,0.0,0.0,0.0,0.0,0.0,0.0,1.0,0.0,1.0,0.0,0.0,0.0,0.0,0.0,0.0,0.0,0.0,0.0,1.0,0.0,0.0,0.0,0.0,0.0,0.0,0.0,0.0,0.0,0.0,0.0,0.0,0.0,0.0,0.0,0f1f8400,c1018d48,8bc1eb0c,000f1f80,00000000,8b5df48b,c8c1f905,f085148e,008b450c,008bca81,01a90000,088b04b9,f8000000,098bc1c1,e817a801,0f85e300,0facc214,f0010000,20040000,a810751b,0d83ff06,45f88b73,1f83ff06,00000006,1af6c101,07c745f0,02000000,8b45f889,45f8660f,8b45108b,058bcb8b,0000d3e0,75108078,8b4dfcc6,81582000,348b5514,108b088b,017599eb,5dc21400,cccccccc
1788306592.980272,27512,7.006492321624085e-45,8.407790785948902e-45,1.401298464324817e-45,1.401298464324817e-45,1.0,0.0,0.0,0.0,0.0,0.0,0.0,1.0,0.0,0.0,0.0,0.0,0.0,0.0,0.0,0.0,0.0,0.0,0.0,0.0,1.0,0.0,1.0,0.0,0.0,0.0,0.0,0.0,0.0,0.0,0.0,0.0,1.0,0.0,0.0,0.0,0.0,0.0,0.0,0.0,0.0,0.0,0.0,0.0,0.0,0.0,0.0,0.0,0f1f8400,c1018d48,8bc1eb0c,000f1f80,00000000,8b5df48b,c8c1f905,f085148e,008b450c,008bca81,01a90000,088b04b9,f8000000,098bc1c1,e817a801,0f85e300,0facc214,f0010000,20040000,a810751b,0d83ff06,45f88b73,1f83ff06,00000006,1af6c101,07c745f0,02000000,8b45f889,45f8660f,8b45108b,058bcb8b,0000d3e0,75108078,8b4dfcc6,81582000,348b5514,108b088b,017599eb,5dc21400,cccccccc
1788306593.0810099,27512,7.006492321624085e-45,8.407790785948902e-45,1.401298464324817e-45,1.401298464324817e-45,1.0,0.0,0.0,0.0,0.0,0.0,0.0,1.0,0.0,0.0,0.0,0.0,0.0,0.0,0.0,0.0,0.0,0.0,0.0,0.0,1.0,0.0,1.0,0.0,0.0,0.0,0.0,0.0,0.0,0.0,0.0,0.0,1.0,0.0,0.0,0.0,0.0,0.0,0.0,0.0,0.0,0.0,0.0,0.0,0.0,0.0,0.0,0.0,0f1f8400,c1018d48,8bc1eb0c,000f1f80,00000000,8b5df48b,c8c1f905,f085148e,008b450c,008bca81,01a90000,088b04b9,f8000000,098bc1c1,e817a801,0f85e300,0facc214,f0010000,20040000,a810751b,0d83ff06,45f88b73,1f83ff06,00000006,1af6c101,07c745f0,02000000,8b45f889,45f8660f,8b45108b,058bcb8b,0000d3e0,75108078,8b4dfcc6,81582000,348b5514,108b088b,017599eb,5dc21400,cccccccc
1788306593.181399,27512,7.006492321624085e-45,8.407790785948902e-45,1.401298464324817e-45,1.401298464324817e-45,1.0,0.0,0.0,0.0,0.0,0.0,0.0,1.0,0.0,0.0,0.0,0.0,0.0,0.0,0.0,0.0,0.0,0.0,0.0,0.0,1.0,0.0,1.0,0.0,0.0,0.0,0.0,0.0,0.0,0.0,0.0,0.0,1.0,0.0,0.0,0.0,0.0,0.0,0.0,0.0,0.0,0.0,0.0,0.0,0.0,0.0,0.0,0.0,0f1f8400,c1018d48,8bc1eb0c,000f1f80,00000000,8b5df48b,c8c1f905,f085148e,008b450c,008bca81,01a90000,088b04b9,f8000000,098bc1c1,e817a801,0f85e300,0facc214,f0010000,20040000,a810751b,0d83ff06,45f88b73,1f83ff06,00000006,1af6c101,07c745f0,02000000,8b45f889,45f8660f,8b45108b,058bcb8b,0000d3e0,75108078,8b4dfcc6,81582000,348b5514,108b088b,017599eb,5dc21400,cccccccc
1788306593.2827387,27512,7.006492321624085e-45,8.407790785948902e-45,1.401298464324817e-45,1.401298464324817e-45,1.0,0.0,0.0,0.0,0.0,0.0,0.0,1.0,0.0,0.0,0.0,0.0,0.0,0.0,0.0,0.0,0.0,0.0,0.0,0.0,1.0,0.0,1.0,0.0,0.0,0.0,0.0,0.0,0.0,0.0,0.0,0.0,1.0,0.0,0.0,0.0,0.0,0.0,0.0,0.0,0.0,0.0,0.0,0.0,0.0,0.0,0.0,0.0,0f1f8400,c1018d48,8bc1eb0c,000f1f80,00000000,8b5df48b,c8c1f905,f085148e,008b450c,008bca81,01a90000,088b04b9,f8000000,098bc1c1,e817a801,0f85e300,0facc214,f0010000,20040000,a810751b,0d83ff06,45f88b73,1f83ff06,00000006,1af6c101,07c745f0,02000000,8b45f889,45f8660f,8b45108b,058bcb8b,0000d3e0,75108078,8b4dfcc6,81582000,348b5514,108b088b,017599eb,5dc21400,cccccccc
1788306593.3839974,27512,7.006492321624085e-45,8.407790785948902e-45,1.401298464324817e-45,1.401298464324817e-45,1.0,0.0,0.0,0.0,0.0,0.0,0.0,1.0,0.0,0.0,0.0,0.0,0.0,0.0,0.0,0.0,0.0,0.0,0.0,0.0,1.0,0.0,1.0,0.0,0.0,0.0,0.0,0.0,0.0,0.0,0.0,0.0,1.0,0.0,0.0,0.0,0.0,0.0,0.0,0.0,0.0,0.0,0.0,0.0,0.0,0.0,0.0,0.0,0f1f8400,c1018d48,8bc1eb0c,000f1f80,00000000,8b5df48b,c8c1f905,f085148e,008b450c,008bca81,01a90000,088b04b9,f8000000,098bc1c1,e817a801,0f85e300,0facc214,f0010000,20040000,a810751b,0d83ff06,45f88b73,1f83ff06,00000006,1af6c101,07c745f0,02000000,8b45f889,45f8660f,8b45108b,058bcb8b,0000d3e0,75108078,8b4dfcc6,81582000,348b5514,108b088b,017599eb,5dc21400,cccccccc
1788306593.484799,27512,7.006492321624085e-45,8.407790785948902e-45,1.401298464324817e-45,1.401298464324817e-45,1.0,0.0,0.0,0.0,0.0,0.0,0.0,1.0,0.0,0.0,0.0,0.0,0.0,0.0,0.0,0.0,0.0,0.0,0.0,0.0,1.0,0.0,1.0,0.0,0.0,0.0,0.0,0.0,0.0,0.0,0.0,0.0,1.0,0.0,0.0,0.0,0.0,0.0,0.0,0.0,0.0,0.0,0.0,0.0,0.0,0.0,0.0,0.0,0f1f8400,c1018d48,8bc1eb0c,000f1f80,00000000,8b5df48b,c8c1f905,f085148e,008b450c,008bca81,01a90000,088b04b9,f8000000,098bc1c1,e817a801,0f85e300,0facc214,f0010000,20040000,a810751b,0d83ff06,45f88b73,1f83ff06,00000006,1af6c101,07c745f0,02000000,8b45f889,45f8660f,8b45108b,058bcb8b,0000d3e0,75108078,8b4dfcc6,81582000,348b5514,108b088b,017599eb,5dc21400,cccccccc
1788306593.5976355,27512,7.006492321624085e-45,8.407790785948902e-45,1.401298464324817e-45,1.401298464324817e-45,1.0,0.0,0.0,0.0,0.0,0.0,0.0,1.0,0.0,0.0,0.0,0.0,0.0,0.0,0.0,0.0,0.0,0.0,0.0,0.0,1.0,0.0,1.0,0.0,0.0,0.0,0.0,0.0,0.0,0.0,0.0,0.0,1.0,0.0,0.0,0.0,0.0,0.0,0.0,0.0,0.0,0.0,0.0,0.0,0.0,0.0,0.0,0.0,0f1f8400,c1018d48,8bc1eb0c,000f1f80,00000000,8b5df48b,c8c1f905,f085148e,008b450c,008bca81,01a90000,088b04b9,f8000000,098bc1c1,e817a801,0f85e300,0facc214,f0010000,20040000,a810751b,0d83ff06,45f88b73,1f83ff06,00000006,1af6c101,07c745f0,02000000,8b45f889,45f8660f,8b45108b,058bcb8b,0000d3e0,75108078,8b4dfcc6,81582000,348b5514,108b088b,017599eb,5dc21400,cccccccc
1788306593.6982467,27512,7.006492321624085e-45,8.407790785948902e-45,1.401298464324817e-45,1.401298464324817e-45,1.0,0.0,0.0,0.0,0.0,0.0,0.0,1.0,0.0,0.0,0.0,0.0,0.0,0.0,0.0,0.0,0.0,0.0,0.0,0.0,1.0,0.0,1.0,0.0,0.0,0.0,0.0,0.0,0.0,0.0,0.0,0.0,1.0,0.0,0.0,0.0,0.0,0.0,0.0,0.0,0.0,0.0,0.0,0.0,0.0,0.0,0.0,0.0,0f1f8400,c1018d48,8bc1eb0c,000f1f80,00000000,8b5df48b,c8c1f905,f085148e,008b450c,008bca81,01a90000,088b04b9,f8000000,098bc1c1,e817a801,0f85e300,0facc214,f0010000,20040000,a810751b,0d83ff06,45f88b73,1f83ff06,00000006,1af6c101,07c745f0,02000000,8b45f889,45f8660f,8b45108b,058bcb8b,0000d3e0,75108078,8b4dfcc6,81582000,348b5514,108b088b,017599eb,5dc21400,cccccccc
1788306593.8000066,27512,7.006492321624085e-45,8.407790785948902e-45,1.401298464324817e-45,1.401298464324817e-45,1.0,0.0,0.0,0.0,0.0,0.0,0.0,1.0,0.0,0.0,0.0,0.0,0.0,0.0,0.0,0.0,0.0,0.0,0.0,0.0,1.0,0.0,1.0,0.0,0.0,0.0,0.0,0.0,0.0,0.0,0.0,0.0,1.0,0.0,0.0,0.0,0.0,0.0,0.0,0.0,0.0,0.0,0.0,0.0,0.0,0.0,0.0,0.0,0f1f8400,c1018d48,8bc1eb0c,000f1f80,00000000,8b5df48b,c8c1f905,f085148e,008b450c,008bca81,01a90000,088b04b9,f8000000,098bc1c1,e817a801,0f85e300,0facc214,f0010000,20040000,a810751b,0d83ff06,45f88b73,1f83ff06,00000006,1af6c101,07c745f0,02000000,8b45f889,45f8660f,8b45108b,058bcb8b,0000d3e0,75108078,8b4dfcc6,81582000,348b5514,108b088b,017599eb,5dc21400,cccccccc
1788306593.9007292,27512,7.006492321624085e-45,8.407790785948902e-45,1.401298464324817e-45,1.401298464324817e-45,1.0,0.0,0.0,0.0,0.0,0.0,0.0,1.0,0.0,0.0,0.0,0.0,0.0,0.0,0.0,0.0,0.0,0.0,0.0,0.0,1.0,0.0,1.0,0.0,0.0,0.0,0.0,0.0,0.0,0.0,0.0,0.0,1.0,0.0,0.0,0.0,0.0,0.0,0.0,0.0,0.0,0.0,0.0,0.0,0.0,0.0,0.0,0.0,0f1f8400,c1018d48,8bc1eb0c,000f1f80,00000000,8b5df48b,c8c1f905,f085148e,008b450c,008bca81,01a90000,088b04b9,f8000000,098bc1c1,e817a801,0f85e300,0facc214,f0010000,20040000,a810751b,0d83ff06,45f88b73,1f83ff06,00000006,1af6c101,07c745f0,02000000,8b45f889,45f8660f,8b45108b,058bcb8b,0000d3e0,75108078,8b4dfcc6,81582000,348b5514,108b088b,017599eb,5dc21400,cccccccc
1788306594.0015645,27512,7.006492321624085e-45,8.407790785948902e-45,1.401298464324817e-45,1.401298464324817e-45,1.0,0.0,0.0,0.0,0.0,0.0,0.0,1.0,0.0,0.0,0.0,0.0,0.0,0.0,0.0,0.0,0.0,0.0,0.0,0.0,1.0,0.0,1.0,0.0,0.0,0.0,0.0,0.0,0.0,0.0,0.0,0.0,1.0,0.0,0.0,0.0,0.0,0.0,0.0,0.0,0.0,0.0,0.0,0.0,0.0,0.0,0.0,0.0,0f1f8400,c1018d48,8bc1eb0c,000f1f80,00000000,8b5df48b,c8c1f905,f085148e,008b450c,008bca81,01a90000,088b04b9,f8000000,098bc1c1,e817a801,0f85e300,0facc214,f0010000,20040000,a810751b,0d83ff06,45f88b73,1f83ff06,00000006,1af6c101,07c745f0,02000000,8b45f889,45f8660f,8b45108b,058bcb8b,0000d3e0,75108078,8b4dfcc6,81582000,348b5514,108b088b,017599eb,5dc21400,cccccccc
1788306594.1021047,27512,7.006492321624085e-45,8.407790785948902e-45,1.401298464324817e-45,1.401298464324817e-45,1.0,0.0,0.0,0.0,0.0,0.0,0.0,1.0,0.0,0.0,0.0,0.0,0.0,0.0,0.0,0.0,0.0,0.0,0.0,0.0,1.0,0.0,1.0,0.0,0.0,0.0,0.0,0.0,0.0,0.0,0.0,0.0,1.0,0.0,0.0,0.0,0.0,0.0,0.0,0.0,0.0,0.0,0.0,0.0,0.0,0.0,0.0,0.0,0f1f8400,c1018d48,8bc1eb0c,000f1f80,00000000,8b5df48b,c8c1f905,f085148e,008b450c,008bca81,01a90000,088b04b9,f8000000,098bc1c1,e817a801,0f85e300,0facc214,f0010000,20040000,a810751b,0d83ff06,45f88b73,1f83ff06,00000006,1af6c101,07c745f0,02000000,8b45f889,45f8660f,8b45108b,058bcb8b,0000d3e0,75108078,8b4dfcc6,81582000,348b5514,108b088b,017599eb,5dc21400,cccccccc
1788306594.202438,27512,7.006492321624085e-45,8.407790785948902e-45,1.401298464324817e-45,1.401298464324817e-45,1.0,0.0,0.0,0.0,0.0,0.0,0.0,1.0,0.0,0.0,0.0,0.0,0.0,0.0,0.0,0.0,0.0,0.0,0.0,0.0,1.0,0.0,1.0,0.0,0.0,0.0,0.0,0.0,0.0,0.0,0.0,0.0,1.0,0.0,0.0,0.0,0.0,0.0,0.0,0.0,0.0,0.0,0.0,0.0,0.0,0.0,0.0,0.0,0f1f8400,c1018d48,8bc1eb0c,000f1f80,00000000,8b5df48b,c8c1f905,f085148e,008b450c,008bca81,01a90000,088b04b9,f8000000,098bc1c1,e817a801,0f85e300,0facc214,f0010000,20040000,a810751b,0d83ff06,45f88b73,1f83ff06,00000006,1af6c101,07c745f0,02000000,8b45f889,45f8660f,8b45108b,058bcb8b,0000d3e0,75108078,8b4dfcc6,81582000,348b5514,108b088b,017599eb,5dc21400,cccccccc
1788306594.3031907,27512,7.006492321624085e-45,8.407790785948902e-45,1.401298464324817e-45,1.401298464324817e-45,1.0,0.0,0.0,0.0,0.0,0.0,0.0,1.0,0.0,0.0,0.0,0.0,0.0,0.0,0.0,0.0,0.0,0.0,0.0,0.0,1.0,0.0,1.0,0.0,0.0,0.0,0.0,0.0,0.0,0.0,0.0,0.0,1.0,0.0,0.0,0.0,0.0,0.0,0.0,0.0,0.0,0.0,0.0,0.0,0.0,0.0,0.0,0.0,0f1f8400,c1018d48,8bc1eb0c,000f1f80,00000000,8b5df48b,c8c1f905,f085148e,008b450c,008bca81,01a90000,088b04b9,f8000000,098bc1c1,e817a801,0f85e300,0facc214,f0010000,20040000,a810751b,0d83ff06,45f88b73,1f83ff06,00000006,1af6c101,07c745f0,02000000,8b45f889,45f8660f,8b45108b,058bcb8b,0000d3e0,75108078,8b4dfcc6,81582000,348b5514,108b088b,017599eb,5dc21400,cccccccc
1788306594.4040403,27512,7.006492321624085e-45,8.407790785948902e-45,1.401298464324817e-45,1.401298464324817e-45,1.0,0.0,0.0,0.0,0.0,0.0,0.0,1.0,0.0,0.0,0.0,0.0,0.0,0.0,0.0,0.0,0.0,0.0,0.0,0.0,1.0,0.0,1.0,0.0,0.0,0.0,0.0,0.0,0.0,0.0,0.0,0.0,1.0,0.0,0.0,0.0,0.0,0.0,0.0,0.0,0.0,0.0,0.0,0.0,0.0,0.0,0.0,0.0,0f1f8400,c1018d48,8bc1eb0c,000f1f80,00000000,8b5df48b,c8c1f905,f085148e,008b450c,008bca81,01a90000,088b04b9,f8000000,098bc1c1,e817a801,0f85e300,0facc214,f0010000,20040000,a810751b,0d83ff06,45f88b73,1f83ff06,00000006,1af6c101,07c745f0,02000000,8b45f889,45f8660f,8b45108b,058bcb8b,0000d3e0,75108078,8b4dfcc6,81582000,348b5514,108b088b,017599eb,5dc21400,cccccccc
1788306594.5044382,27512,7.006492321624085e-45,8.407790785948902e-45,1.401298464324817e-45,1.401298464324817e-45,1.0,0.0,0.0,0.0,0.0,0.0,0.0,1.0,0.0,0.0,0.0,0.0,0.0,0.0,0.0,0.0,0.0,0.0,0.0,0.0,1.0,0.0,1.0,0.0,0.0,0.0,0.0,0.0,0.0,0.0,0.0,0.0,1.0,0.0,0.0,0.0,0.0,0.0,0.0,0.0,0.0,0.0,0.0,0.0,0.0,0.0,0.0,0.0,0f1f8400,c1018d48,8bc1eb0c,000f1f80,00000000,8b5df48b,c8c1f905,f085148e,008b450c,008bca81,01a90000,088b04b9,f8000000,098bc1c1,e817a801,0f85e300,0facc214,f0010000,20040000,a810751b,0d83ff06,45f88b73,1f83ff06,00000006,1af6c101,07c745f0,02000000,8b45f889,45f8660f,8b45108b,058bcb8b,0000d3e0,75108078,8b4dfcc6,81582000,348b5514,108b088b,017599eb,5dc21400,cccccccc
1788306594.6048872,27512,7.006492321624085e-45,8.407790785948902e-45,1.401298464324817e-45,1.401298464324817e-45,1.0,0.0,0.0,0.0,0.0,0.0,0.0,1.0,0.0,0.0,0.0,0.0,0.0,0.0,0.0,0.0,0.0,0.0,0.0,0.0,1.0,0.0,1.0,0.0,0.0,0.0,0.0,0.0,0.0,0.0,0.0,0.0,1.0,0.0,0.0,0.0,0.0,0.0,0.0,0.0,0.0,0.0,0.0,0.0,0.0,0.0,0.0,0.0,0f1f8400,c1018d48,8bc1eb0c,000f1f80,00000000,8b5df48b,c8c1f905,f085148e,008b450c,008bca81,01a90000,088b04b9,f8000000,098bc1c1,e817a801,0f85e300,0facc214,f0010000,20040000,a810751b,0d83ff06,45f88b73,1f83ff06,00000006,1af6c101,07c745f0,02000000,8b45f889,45f8660f,8b45108b,058bcb8b,0000d3e0,75108078,8b4dfcc6,81582000,348b5514,108b088b,017599eb,5dc21400,cccccccc
1788306594.7060592,27512,7.006492321624085e-45,8.407790785948902e-45,1.401298464324817e-45,1.401298464324817e-45,1.0,0.0,0.0,0.0,0.0,0.0,0.0,1.0,0.0,0.0,0.0,0.0,0.0,0.0,0.0,0.0,0.0,0.0,0.0,0.0,1.0,0.0,1.0,0.0,0.0,0.0,0.0,0.0,0.0,0.0,0.0,0.0,1.0,0.0,0.0,0.0,0.0,0.0,0.0,0.0,0.0,0.0,0.0,0.0,0.0,0.0,0.0,0.0,0f1f8400,c1018d48,8bc1eb0c,000f1f80,00000000,8b5df48b,c8c1f905,f085148e,008b450c,008bca81,01a90000,088b04b9,f8000000,098bc1c1,e817a801,0f85e300,0facc214,f0010000,20040000,a810751b,0d83ff06,45f88b73,1f83ff06,00000006,1af6c101,07c745f0,02000000,8b45f889,45f8660f,8b45108b,058bcb8b,0000d3e0,75108078,8b4dfcc6,81582000,348b5514,108b088b,017599eb,5dc21400,cccccccc
1788306594.806923,27512,7.006492321624085e-45,8.407790785948902e-45,1.401298464324817e-45,1.401298464324817e-45,1.0,0.0,0.0,0.0,0.0,0.0,0.0,1.0,0.0,0.0,0.0,0.0,0.0,0.0,0.0,0.0,0.0,0.0,0.0,0.0,1.0,0.0,1.0,0.0,0.0,0.0,0.0,0.0,0.0,0.0,0.0,0.0,1.0,0.0,0.0,0.0,0.0,0.0,0.0,0.0,0.0,0.0,0.0,0.0,0.0,0.0,0.0,0.0,0f1f8400,c1018d48,8bc1eb0c,000f1f80,00000000,8b5df48b,c8c1f905,f085148e,008b450c,008bca81,01a90000,088b04b9,f8000000,098bc1c1,e817a801,0f85e300,0facc214,f0010000,20040000,a810751b,0d83ff06,45f88b73,1f83ff06,00000006,1af6c101,07c745f0,02000000,8b45f889,45f8660f,8b45108b,058bcb8b,0000d3e0,75108078,8b4dfcc6,81582000,348b5514,108b088b,017599eb,5dc21400,cccccccc
1788306594.9075649,27512,7.006492321624085e-45,8.407790785948902e-45,1.401298464324817e-45,1.401298464324817e-45,1.0,0.0,0.0,0.0,0.0,0.0,0.0,1.0,0.0,0.0,0.0,0.0,0.0,0.0,0.0,0.0,0.0,0.0,0.0,0.0,1.0,0.0,1.0,0.0,0.0,0.0,0.0,0.0,0.0,0.0,0.0,0.0,1.0,0.0,0.0,0.0,0.0,0.0,0.0,0.0,0.0,0.0,0.0,0.0,0.0,0.0,0.0,0.0,0f1f8400,c1018d48,8bc1eb0c,000f1f80,00000000,8b5df48b,c8c1f905,f085148e,008b450c,008bca81,01a90000,088b04b9,f8000000,098bc1c1,e817a801,0f85e300,0facc214,f0010000,20040000,a810751b,0d83ff06,45f88b73,1f83ff06,00000006,1af6c101,07c745f0,02000000,8b45f889,45f8660f,8b45108b,058bcb8b,0000d3e0,75108078,8b4dfcc6,81582000,348b5514,108b088b,017599eb,5dc21400,cccccccc
1788306595.0080376,27512,7.006492321624085e-45,8.407790785948902e-45,1.401298464324817e-45,1.401298464324817e-45,1.0,0.0,0.0,0.0,0.0,0.0,0.0,1.0,0.0,0.0,0.0,0.0,0.0,0.0,0.0,0.0,0.0,0.0,0.0,0.0,1.0,0.0,1.0,0.0,0.0,0.0,0.0,0.0,0.0,0.0,0.0,0.0,1.0,0.0,0.0,0.0,0.0,0.0,0.0,0.0,0.0,0.0,0.0,0.0,0.0,0.0,0.0,0.0,0f1f8400,c1018d48,8bc1eb0c,000f1f80,00000000,8b5df48b,c8c1f905,f085148e,008b450c,008bca81,01a90000,088b04b9,f8000000,098bc1c1,e817a801,0f85e300,0facc214,f0010000,20040000,a810751b,0d83ff06,45f88b73,1f83ff06,00000006,1af6c101,07c745f0,02000000,8b45f889,45f8660f,8b45108b,058bcb8b,0000d3e0,75108078,8b4dfcc6,81582000,348b5514,108b088b,017599eb,5dc21400,cccccccc
1788306595.1085389,27512,7.006492321624085e-45,8.407790785948902e-45,1.401298464324817e-45,1.401298464324817e-45,1.0,0.0,0.0,0.0,0.0,0.0,0.0,1.0,0.0,0.0,0.0,0.0,0.0,0.0,0.0,0.0,0.0,0.0,0.0,0.0,1.0,0.0,1.0,0.0,0.0,0.0,0.0,0.0,0.0,0.0,0.0,0.0,1.0,0.0,0.0,0.0,0.0,0.0,0.0,0.0,0.0,0.0,0.0,0.0,0.0,0.0,0.0,0.0,0f1f8400,c1018d48,8bc1eb0c,000f1f80,00000000,8b5df48b,c8c1f905,f085148e,008b450c,008bca81,01a90000,088b04b9,f8000000,098bc1c1,e817a801,0f85e300,0facc214,f0010000,20040000,a810751b,0d83ff06,45f88b73,1f83ff06,00000006,1af6c101,07c745f0,02000000,8b45f889,45f8660f,8b45108b,058bcb8b,0000d3e0,75108078,8b4dfcc6,81582000,348b5514,108b088b,017599eb,5dc21400,cccccccc
1788306595.2090566,27512,7.006492321624085e-45,8.407790785948902e-45,1.401298464324817e-45,1.401298464324817e-45,1.0,0.0,0.0,0.0,0.0,0.0,0.0,1.0,0.0,0.0,0.0,0.0,0.0,0.0,0.0,0.0,0.0,0.0,0.0,0.0,1.0,0.0,1.0,0.0,0.0,0.0,0.0,0.0,0.0,0.0,0.0,0.0,1.0,0.0,0.0,0.0,0.0,0.0,0.0,0.0,0.0,0.0,0.0,0.0,0.0,0.0,0.0,0.0,0f1f8400,c1018d48,8bc1eb0c,000f1f80,00000000,8b5df48b,c8c1f905,f085148e,008b450c,008bca81,01a90000,088b04b9,f8000000,098bc1c1,e817a801,0f85e300,0facc214,f0010000,20040000,a810751b,0d83ff06,45f88b73,1f83ff06,00000006,1af6c101,07c745f0,02000000,8b45f889,45f8660f,8b45108b,058bcb8b,0000d3e0,75108078,8b4dfcc6,81582000,348b5514,108b088b,017599eb,5dc21400,cccccccc
1788306595.3097205,27512,7.006492321624085e-45,8.407790785948902e-45,1.401298464324817e-45,1.401298464324817e-45,1.0,0.0,0.0,0.0,0.0,0.0,0.0,1.0,0.0,0.0,0.0,0.0,0.0,0.0,0.0,0.0,0.0,0.0,0.0,0.0,1.0,0.0,1.0,0.0,0.0,0.0,0.0,0.0,0.0,0.0,0.0,0.0,1.0,0.0,0.0,0.0,0.0,0.0,0.0,0.0,0.0,0.0,0.0,0.0,0.0,0.0,0.0,0.0,0f1f8400,c1018d48,8bc1eb0c,000f1f80,00000000,8b5df48b,c8c1f905,f085148e,008b450c,008bca81,01a90000,088b04b9,f8000000,098bc1c1,e817a801,0f85e300,0facc214,f0010000,20040000,a810751b,0d83ff06,45f88b73,1f83ff06,00000006,1af6c101,07c745f0,02000000,8b45f889,45f8660f,8b45108b,058bcb8b,0000d3e0,75108078,8b4dfcc6,81582000,348b5514,108b088b,017599eb,5dc21400,cccccccc
1788306595.4505935,27512,7.006492321624085e-45,8.407790785948902e-45,1.401298464324817e-45,1.401298464324817e-45,1.0,0.0,0.0,0.0,0.0,0.0,0.0,1.0,0.0,0.0,0.0,0.0,0.0,0.0,0.0,0.0,0.0,0.0,0.0,0.0,1.0,0.0,1.0,0.0,0.0,0.0,0.0,0.0,0.0,0.0,0.0,0.0,1.0,0.0,0.0,0.0,0.0,0.0,0.0,0.0,0.0,0.0,0.0,0.0,0.0,0.0,0.0,0.0,0f1f8400,c1018d48,8bc1eb0c,000f1f80,00000000,8b5df48b,c8c1f905,f085148e,008b450c,008bca81,01a90000,088b04b9,f8000000,098bc1c1,e817a801,0f85e300,0facc214,f0010000,20040000,a810751b,0d83ff06,45f88b73,1f83ff06,00000006,1af6c101,07c745f0,02000000,8b45f889,45f8660f,8b45108b,058bcb8b,0000d3e0,75108078,8b4dfcc6,81582000,348b5514,108b088b,017599eb,5dc21400,cccccccc
1788306595.5511942,27512,7.006492321624085e-45,8.407790785948902e-45,1.401298464324817e-45,1.401298464324817e-45,1.0,0.0,0.0,0.0,0.0,0.0,0.0,1.0,0.0,0.0,0.0,0.0,0.0,0.0,0.0,0.0,0.0,0.0,0.0,0.0,1.0,0.0,1.0,0.0,0.0,0.0,0.0,0.0,0.0,0.0,0.0,0.0,1.0,0.0,0.0,0.0,0.0,0.0,0.0,0.0,0.0,0.0,0.0,0.0,0.0,0.0,0.0,0.0,0f1f8400,c1018d48,8bc1eb0c,000f1f80,00000000,8b5df48b,c8c1f905,f085148e,008b450c,008bca81,01a90000,088b04b9,f8000000,098bc1c1,e817a801,0f85e300,0facc214,f0010000,20040000,a810751b,0d83ff06,45f88b73,1f83ff06,00000006,1af6c101,07c745f0,02000000,8b45f889,45f8660f,8b45108b,058bcb8b,0000d3e0,75108078,8b4dfcc6,81582000,348b5514,108b088b,017599eb,5dc21400,cccccccc
1788306595.651494,27512,7.006492321624085e-45,8.407790785948902e-45,1.401298464324817e-45,1.401298464324817e-45,1.0,0.0,0.0,0.0,0.0,0.0,0.0,1.0,0.0,0.0,0.0,0.0,0.0,0.0,0.0,0.0,0.0,0.0,0.0,0.0,1.0,0.0,1.0,0.0,0.0,0.0,0.0,0.0,0.0,0.0,0.0,0.0,1.0,0.0,0.0,0.0,0.0,0.0,0.0,0.0,0.0,0.0,0.0,0.0,0.0,0.0,0.0,0.0,0f1f8400,c1018d48,8bc1eb0c,000f1f80,00000000,8b5df48b,c8c1f905,f085148e,008b450c,008bca81,01a90000,088b04b9,f8000000,098bc1c1,e817a801,0f85e300,0facc214,f0010000,20040000,a810751b,0d83ff06,45f88b73,1f83ff06,00000006,1af6c101,07c745f0,02000000,8b45f889,45f8660f,8b45108b,058bcb8b,0000d3e0,75108078,8b4dfcc6,81582000,348b5514,108b088b,017599eb,5dc21400,cccccccc
1788306595.7522123,27512,7.006492321624085e-45,8.407790785948902e-45,1.401298464324817e-45,1.401298464324817e-45,1.0,0.0,0.0,0.0,0.0,0.0,0.0,1.0,0.0,0.0,0.0,0.0,0.0,0.0,0.0,0.0,0.0,0.0,0.0,0.0,1.0,0.0,1.0,0.0,0.0,0.0,0.0,0.0,0.0,0.0,0.0,0.0,1.0,0.0,0.0,0.0,0.0,0.0,0.0,0.0,0.0,0.0,0.0,0.0,0.0,0.0,0.0,0.0,0f1f8400,c1018d48,8bc1eb0c,000f1f80,00000000,8b5df48b,c8c1f905,f085148e,008b450c,008bca81,01a90000,088b04b9,f8000000,098bc1c1,e817a801,0f85e300,0facc214,f0010000,20040000,a810751b,0d83ff06,45f88b73,1f83ff06,00000006,1af6c101,07c745f0,02000000,8b45f889,45f8660f,8b45108b,058bcb8b,0000d3e0,75108078,8b4dfcc6,81582000,348b5514,108b088b,017599eb,5dc21400,cccccccc
1788306595.8527787,27512,7.006492321624085e-45,8.407790785948902e-45,1.401298464324817e-45,1.401298464324817e-45,1.0,0.0,0.0,0.0,0.0,0.0,0.0,1.0,0.0,0.0,0.0,0.0,0.0,0.0,0.0,0.0,0.0,0.0,0.0,0.0,1.0,0.0,1.0,0.0,0.0,0.0,0.0,0.0,0.0,0.0,0.0,0.0,1.0,0.0,0.0,0.0,0.0,0.0,0.0,0.0,0.0,0.0,0.0,0.0,0.0,0.0,0.0,0.0,0f1f8400,c1018d48,8bc1eb0c,000f1f80,00000000,8b5df48b,c8c1f905,f085148e,008b450c,008bca81,01a90000,088b04b9,f8000000,098bc1c1,e817a801,0f85e300,0facc214,f0010000,20040000,a810751b,0d83ff06,45f88b73,1f83ff06,00000006,1af6c101,07c745f0,02000000,8b45f889,45f8660f,8b45108b,058bcb8b,0000d3e0,75108078,8b4dfcc6,81582000,348b5514,108b088b,017599eb,5dc21400,cccccccc
1788306595.9534743,27512,7.006492321624085e-45,8.407790785948902e-45,1.401298464324817e-45,1.401298464324817e-45,1.0,0.0,0.0,0.0,0.0,0.0,0.0,1.0,0.0,0.0,0.0,0.0,0.0,0.0,0.0,0.0,0.0,0.0,0.0,0.0,1.0,0.0,1.0,0.0,0.0,0.0,0.0,0.0,0.0,0.0,0.0,0.0,1.0,0.0,0.0,0.0,0.0,0.0,0.0,0.0,0.0,0.0,0.0,0.0,0.0,0.0,0.0,0.0,0f1f8400,c1018d48,8bc1eb0c,000f1f80,00000000,8b5df48b,c8c1f905,f085148e,008b450c,008bca81,01a90000,088b04b9,f8000000,098bc1c1,e817a801,0f85e300,0facc214,f0010000,20040000,a810751b,0d83ff06,45f88b73,1f83ff06,00000006,1af6c101,07c745f0,02000000,8b45f889,45f8660f,8b45108b,058bcb8b,0000d3e0,75108078,8b4dfcc6,81582000,348b5514,108b088b,017599eb,5dc21400,cccccccc
1788306596.0539365,27512,7.006492321624085e-45,8.407790785948902e-45,1.401298464324817e-45,1.401298464324817e-45,1.0,0.0,0.0,0.0,0.0,0.0,0.0,1.0,0.0,0.0,0.0,0.0,0.0,0.0,0.0,0.0,0.0,0.0,0.0,0.0,1.0,0.0,1.0,0.0,0.0,0.0,0.0,0.0,0.0,0.0,0.0,0.0,1.0,0.0,0.0,0.0,0.0,0.0,0.0,0.0,0.0,0.0,0.0,0.0,0.0,0.0,0.0,0.0,0f1f8400,c1018d48,8bc1eb0c,000f1f80,00000000,8b5df48b,c8c1f905,f085148e,008b450c,008bca81,01a90000,088b04b9,f8000000,098bc1c1,e817a801,0f85e300,0facc214,f0010000,20040000,a810751b,0d83ff06,45f88b73,1f83ff06,00000006,1af6c101,07c745f0,02000000,8b45f889,45f8660f,8b45108b,058bcb8b,0000d3e0,75108078,8b4dfcc6,81582000,348b5514,108b088b,017599eb,5dc21400,cccccccc
1788306596.1546538,27512,7.006492321624085e-45,8.407790785948902e-45,1.401298464324817e-45,1.401298464324817e-45,1.0,0.0,0.0,0.0,0.0,0.0,0.0,1.0,0.0,0.0,0.0,0.0,0.0,0.0,0.0,0.0,0.0,0.0,0.0,0.0,1.0,0.0,1.0,0.0,0.0,0.0,0.0,0.0,0.0,0.0,0.0,0.0,1.0,0.0,0.0,0.0,0.0,0.0,0.0,0.0,0.0,0.0,0.0,0.0,0.0,0.0,0.0,0.0,0f1f8400,c1018d48,8bc1eb0c,000f1f80,00000000,8b5df48b,c8c1f905,f085148e,008b450c,008bca81,01a90000,088b04b9,f8000000,098bc1c1,e817a801,0f85e300,0facc214,f0010000,20040000,a810751b,0d83ff06,45f88b73,1f83ff06,00000006,1af6c101,07c745f0,02000000,8b45f889,45f8660f,8b45108b,058bcb8b,0000d3e0,75108078,8b4dfcc6,81582000,348b5514,108b088b,017599eb,5dc21400,cccccccc
1788306596.2559993,27512,7.006492321624085e-45,8.407790785948902e-45,1.401298464324817e-45,1.401298464324817e-45,1.0,0.0,0.0,0.0,0.0,0.0,0.0,1.0,0.0,0.0,0.0,0.0,0.0,0.0,0.0,0.0,0.0,0.0,0.0,0.0,1.0,0.0,1.0,0.0,0.0,0.0,0.0,0.0,0.0,0.0,0.0,0.0,1.0,0.0,0.0,0.0,0.0,0.0,0.0,0.0,0.0,0.0,0.0,0.0,0.0,0.0,0.0,0.0,0f1f8400,c1018d48,8bc1eb0c,000f1f80,00000000,8b5df48b,c8c1f905,f085148e,008b450c,008bca81,01a90000,088b04b9,f8000000,098bc1c1,e817a801,0f85e300,0facc214,f0010000,20040000,a810751b,0d83ff06,45f88b73,1f83ff06,00000006,1af6c101,07c745f0,02000000,8b45f889,45f8660f,8b45108b,058bcb8b,0000d3e0,75108078,8b4dfcc6,81582000,348b5514,108b088b,017599eb,5dc21400,cccccccc
1788306596.357318,27512,7.006492321624085e-45,8.407790785948902e-45,1.401298464324817e-45,1.401298464324817e-45,1.0,0.0,0.0,0.0,0.0,0.0,0.0,1.0,0.0,0.0,0.0,0.0,0.0,0.0,0.0,0.0,0.0,0.0,0.0,0.0,1.0,0.0,1.0,0.0,0.0,0.0,0.0,0.0,0.0,0.0,0.0,0.0,1.0,0.0,0.0,0.0,0.0,0.0,0.0,0.0,0.0,0.0,0.0,0.0,0.0,0.0,0.0,0.0,0f1f8400,c1018d48,8bc1eb0c,000f1f80,00000000,8b5df48b,c8c1f905,f085148e,008b450c,008bca81,01a90000,088b04b9,f8000000,098bc1c1,e817a801,0f85e300,0facc214,f0010000,20040000,a810751b,0d83ff06,45f88b73,1f83ff06,00000006,1af6c101,07c745f0,02000000,8b45f889,45f8660f,8b45108b,058bcb8b,0000d3e0,75108078,8b4dfcc6,81582000,348b5514,108b088b,017599eb,5dc21400,cccccccc
1788306596.457715,27512,7.006492321624085e-45,8.407790785948902e-45,1.401298464324817e-45,1.401298464324817e-45,1.0,0.0,0.0,0.0,0.0,0.0,0.0,1.0,0.0,0.0,0.0,0.0,0.0,0.0,0.0,0.0,0.0,0.0,0.0,0.0,1.0,0.0,1.0,0.0,0.0,0.0,0.0,0.0,0.0,0.0,0.0,0.0,1.0,0.0,0.0,0.0,0.0,0.0,0.0,0.0,0.0,0.0,0.0,0.0,0.0,0.0,0.0,0.0,0f1f8400,c1018d48,8bc1eb0c,000f1f80,00000000,8b5df48b,c8c1f905,f085148e,008b450c,008bca81,01a90000,088b04b9,f8000000,098bc1c1,e817a801,0f85e300,0facc214,f0010000,20040000,a810751b,0d83ff06,45f88b73,1f83ff06,00000006,1af6c101,07c745f0,02000000,8b45f889,45f8660f,8b45108b,058bcb8b,0000d3e0,75108078,8b4dfcc6,81582000,348b5514,108b088b,017599eb,5dc21400,cccccccc
1788306596.5581975,27512,7.006492321624085e-45,8.407790785948902e-45,1.401298464324817e-45,1.401298464324817e-45,1.0,0.0,0.0,0.0,0.0,0.0,0.0,1.0,0.0,0.0,0.0,0.0,0.0,0.0,0.0,0.0,0.0,0.0,0.0,0.0,1.0,0.0,1.0,0.0,0.0,0.0,0.0,0.0,0.0,0.0,0.0,0.0,1.0,0.0,0.0,0.0,0.0,0.0,0.0,0.0,0.0,0.0,0.0,0.0,0.0,0.0,0.0,0.0,0f1f8400,c1018d48,8bc1eb0c,000f1f80,00000000,8b5df48b,c8c1f905,f085148e,008b450c,008bca81,01a90000,088b04b9,f8000000,098bc1c1,e817a801,0f85e300,0facc214,f0010000,20040000,a810751b,0d83ff06,45f88b73,1f83ff06,00000006,1af6c101,07c745f0,02000000,8b45f889,45f8660f,8b45108b,058bcb8b,0000d3e0,75108078,8b4dfcc6,81582000,348b5514,108b088b,017599eb,5dc21400,cccccccc
1788306596.6586173,27512,7.006492321624085e-45,8.407790785948902e-45,1.401298464324817e-45,1.401298464324817e-45,1.0,0.0,0.0,0.0,0.0,0.0,0.0,1.0,0.0,0.0,0.0,0.0,0.0,0.0,0.0,0.0,0.0,0.0,0.0,0.0,1.0,0.0,1.0,0.0,0.0,0.0,0.0,0.0,0.0,0.0,0.0,0.0,1.0,0.0,0.0,0.0,0.0,0.0,0.0,0.0,0.0,0.0,0.0,0.0,0.0,0.0,0.0,0.0,0f1f8400,c1018d48,8bc1eb0c,000f1f80,00000000,8b5df48b,c8c1f905,f085148e,008b450c,008bca81,01a90000,088b04b9,f8000000,098bc1c1,e817a801,0f85e300,0facc214,f0010000,20040000,a810751b,0d83ff06,45f88b73,1f83ff06,00000006,1af6c101,07c745f0,02000000,8b45f889,45f8660f,8b45108b,058bcb8b,0000d3e0,75108078,8b4dfcc6,81582000,348b5514,108b088b,017599eb,5dc21400,cccccccc
1788306596.7592041,27512,7.006492321624085e-45,8.407790785948902e-45,1.401298464324817e-45,1.401298464324817e-45,1.0,0.0,0.0,0.0,0.0,0.0,0.0,1.0,0.0,0.0,0.0,0.0,0.0,0.0,0.0,0.0,0.0,0.0,0.0,0.0,1.0,0.0,1.0,0.0,0.0,0.0,0.0,0.0,0.0,0.0,0.0,0.0,1.0,0.0,0.0,0.0,0.0,0.0,0.0,0.0,0.0,0.0,0.0,0.0,0.0,0.0,0.0,0.0,0f1f8400,c1018d48,8bc1eb0c,000f1f80,00000000,8b5df48b,c8c1f905,f085148e,008b450c,008bca81,01a90000,088b04b9,f8000000,098bc1c1,e817a801,0f85e300,0facc214,f0010000,20040000,a810751b,0d83ff06,45f88b73,1f83ff06,00000006,1af6c101,07c745f0,02000000,8b45f889,45f8660f,8b45108b,058bcb8b,0000d3e0,75108078,8b4dfcc6,81582000,348b5514,108b088b,017599eb,5dc21400,cccccccc
1788306596.8595555,27512,7.006492321624085e-45,8.407790785948902e-45,1.401298464324817e-45,1.401298464324817e-45,1.0,0.0,0.0,0.0,0.0,0.0,0.0,1.0,0.0,0.0,0.0,0.0,0.0,0.0,0.0,0.0,0.0,0.0,0.0,0.0,1.0,0.0,1.0,0.0,0.0,0.0,0.0,0.0,0.0,0.0,0.0,0.0,1.0,0.0,0.0,0.0,0.0,0.0,0.0,0.0,0.0,0.0,0.0,0.0,0.0,0.0,0.0,0.0,0f1f8400,c1018d48,8bc1eb0c,000f1f80,00000000,8b5df48b,c8c1f905,f085148e,008b450c,008bca81,01a90000,088b04b9,f8000000,098bc1c1,e817a801,0f85e300,0facc214,f0010000,20040000,a810751b,0d83ff06,45f88b73,1f83ff06,00000006,1af6c101,07c745f0,02000000,8b45f889,45f8660f,8b45108b,058bcb8b,0000d3e0,75108078,8b4dfcc6,81582000,348b5514,108b088b,017599eb,5dc21400,cccccccc
1788306596.96037,27512,7.006492321624085e-45,8.407790785948902e-45,1.401298464324817e-45,1.401298464324817e-45,1.0,0.0,0.0,0.0,0.0,0.0,0.0,1.0,0.0,0.0,0.0,0.0,0.0,0.0,0.0,0.0,0.0,0.0,0.0,0.0,1.0,0.0,1.0,0.0,0.0,0.0,0.0,0.0,0.0,0.0,0.0,0.0,1.0,0.0,0.0,0.0,0.0,0.0,0.0,0.0,0.0,0.0,0.0,0.0,0.0,0.0,0.0,0.0,0f1f8400,c1018d48,8bc1eb0c,000f1f80,00000000,8b5df48b,c8c1f905,f085148e,008b450c,008bca81,01a90000,088b04b9,f8000000,098bc1c1,e817a801,0f85e300,0facc214,f0010000,20040000,a810751b,0d83ff06,45f88b73,1f83ff06,00000006,1af6c101,07c745f0,02000000,8b45f889,45f8660f,8b45108b,058bcb8b,0000d3e0,75108078,8b4dfcc6,81582000,348b5514,108b088b,017599eb,5dc21400,cccccccc
1788306597.060637,27512,7.006492321624085e-45,8.407790785948902e-45,1.401298464324817e-45,1.401298464324817e-45,1.0,0.0,0.0,0.0,0.0,0.0,0.0,1.0,0.0,0.0,0.0,0.0,0.0,0.0,0.0,0.0,0.0,0.0,0.0,0.0,1.0,0.0,1.0,0.0,0.0,0.0,0.0,0.0,0.0,0.0,0.0,0.0,1.0,0.0,0.0,0.0,0.0,0.0,0.0,0.0,0.0,0.0,0.0,0.0,0.0,0.0,0.0,0.0,0f1f8400,c1018d48,8bc1eb0c,000f1f80,00000000,8b5df48b,c8c1f905,f085148e,008b450c,008bca81,01a90000,088b04b9,f8000000,098bc1c1,e817a801,0f85e300,0facc214,f0010000,20040000,a810751b,0d83ff06,45f88b73,1f83ff06,00000006,1af6c101,07c745f0,02000000,8b45f889,45f8660f,8b45108b,058bcb8b,0000d3e0,75108078,8b4dfcc6,81582000,348b5514,108b088b,017599eb,5dc21400,cccccccc
1788306597.1614008,27512,7.006492321624085e-45,8.407790785948902e-45,1.401298464324817e-45,1.401298464324817e-45,1.0,0.0,0.0,0.0,0.0,0.0,0.0,1.0,0.0,0.0,0.0,0.0,0.0,0.0,0.0,0.0,0.0,0.0,0.0,0.0,1.0,0.0,1.0,0.0,0.0,0.0,0.0,0.0,0.0,0.0,0.0,0.0,1.0,0.0,0.0,0.0,0.0,0.0,0.0,0.0,0.0,0.0,0.0,0.0,0.0,0.0,0.0,0.0,0f1f8400,c1018d48,8bc1eb0c,000f1f80,00000000,8b5df48b,c8c1f905,f085148e,008b450c,008bca81,01a90000,088b04b9,f8000000,098bc1c1,e817a801,0f85e300,0facc214,f0010000,20040000,a810751b,0d83ff06,45f88b73,1f83ff06,00000006,1af6c101,07c745f0,02000000,8b45f889,45f8660f,8b45108b,058bcb8b,0000d3e0,75108078,8b4dfcc6,81582000,348b5514,108b088b,017599eb,5dc21400,cccccccc
1788306597.261986,27512,7.006492321624085e-45,8.407790785948902e-45,1.401298464324817e-45,1.401298464324817e-45,1.0,0.0,0.0,0.0,0.0,0.0,0.0,1.0,0.0,0.0,0.0,0.0,0.0,0.0,0.0,0.0,0.0,0.0,0.0,0.0,1.0,0.0,1.0,0.0,0.0,0.0,0.0,0.0,0.0,0.0,0.0,0.0,1.0,0.0,0.0,0.0,0.0,0.0,0.0,0.0,0.0,0.0,0.0,0.0,0.0,0.0,0.0,0.0,0f1f8400,c1018d48,8bc1eb0c,000f1f80,00000000,8b5df48b,c8c1f905,f085148e,008b450c,008bca81,01a90000,088b04b9,f8000000,098bc1c1,e817a801,0f85e300,0facc214,f0010000,20040000,a810751b,0d83ff06,45f88b73,1f83ff06,00000006,1af6c101,07c745f0,02000000,8b45f889,45f8660f,8b45108b,058bcb8b,0000d3e0,75108078,8b4dfcc6,81582000,348b5514,108b088b,017599eb,5dc21400,cccccccc
1788306597.3955133,27512,7.006492321624085e-45,8.407790785948902e-45,1.401298464324817e-45,1.401298464324817e-45,1.0,0.0,0.0,0.0,0.0,0.0,0.0,1.0,0.0,0.0,0.0,0.0,0.0,0.0,0.0,0.0,0.0,0.0,0.0,0.0,1.0,0.0,1.0,0.0,0.0,0.0,0.0,0.0,0.0,0.0,0.0,0.0,1.0,0.0,0.0,0.0,0.0,0.0,0.0,0.0,0.0,0.0,0.0,0.0,0.0,0.0,0.0,0.0,0f1f8400,c1018d48,8bc1eb0c,000f1f80,00000000,8b5df48b,c8c1f905,f085148e,008b450c,008bca81,01a90000,088b04b9,f8000000,098bc1c1,e817a801,0f85e300,0facc214,f0010000,20040000,a810751b,0d83ff06,45f88b73,1f83ff06,00000006,1af6c101,07c745f0,02000000,8b45f889,45f8660f,8b45108b,058bcb8b,0000d3e0,75108078,8b4dfcc6,81582000,348b5514,108b088b,017599eb,5dc21400,cccccccc
1788306597.4960167,27512,7.006492321624085e-45,8.407790785948902e-45,1.401298464324817e-45,1.401298464324817e-45,1.0,0.0,0.0,0.0,0.0,0.0,0.0,1.0,0.0,0.0,0.0,0.0,0.0,0.0,0.0,0.0,0.0,0.0,0.0,0.0,1.0,0.0,1.0,0.0,0.0,0.0,0.0,0.0,0.0,0.0,0.0,0.0,1.0,0.0,0.0,0.0,0.0,0.0,0.0,0.0,0.0,0.0,0.0,0.0,0.0,0.0,0.0,0.0,0f1f8400,c1018d48,8bc1eb0c,000f1f80,00000000,8b5df48b,c8c1f905,f085148e,008b450c,008bca81,01a90000,088b04b9,f8000000,098bc1c1,e817a801,0f85e300,0facc214,f0010000,20040000,a810751b,0d83ff06,45f88b73,1f83ff06,00000006,1af6c101,07c745f0,02000000,8b45f889,45f8660f,8b45108b,058bcb8b,0000d3e0,75108078,8b4dfcc6,81582000,348b5514,108b088b,017599eb,5dc21400,cccccccc
1788306597.5963454,27512,7.006492321624085e-45,8.407790785948902e-45,1.401298464324817e-45,1.401298464324817e-45,1.0,0.0,0.0,0.0,0.0,0.0,0.0,1.0,0.0,0.0,0.0,0.0,0.0,0.0,0.0,0.0,0.0,0.0,0.0,0.0,1.0,0.0,1.0,0.0,0.0,0.0,0.0,0.0,0.0,0.0,0.0,0.0,1.0,0.0,0.0,0.0,0.0,0.0,0.0,0.0,0.0,0.0,0.0,0.0,0.0,0.0,0.0,0.0,0f1f8400,c1018d48,8bc1eb0c,000f1f80,00000000,8b5df48b,c8c1f905,f085148e,008b450c,008bca81,01a90000,088b04b9,f8000000,098bc1c1,e817a801,0f85e300,0facc214,f0010000,20040000,a810751b,0d83ff06,45f88b73,1f83ff06,00000006,1af6c101,07c745f0,02000000,8b45f889,45f8660f,8b45108b,058bcb8b,0000d3e0,75108078,8b4dfcc6,81582000,348b5514,108b088b,017599eb,5dc21400,cccccccc
1788306597.6970832,27512,7.006492321624085e-45,8.407790785948902e-45,1.401298464324817e-45,1.401298464324817e-45,1.0,0.0,0.0,0.0,0.0,0.0,0.0,1.0,0.0,0.0,0.0,0.0,0.0,0.0,0.0,0.0,0.0,0.0,0.0,0.0,1.0,0.0,1.0,0.0,0.0,0.0,0.0,0.0,0.0,0.0,0.0,0.0,1.0,0.0,0.0,0.0,0.0,0.0,0.0,0.0,0.0,0.0,0.0,0.0,0.0,0.0,0.0,0.0,0f1f8400,c1018d48,8bc1eb0c,000f1f80,00000000,8b5df48b,c8c1f905,f085148e,008b450c,008bca81,01a90000,088b04b9,f8000000,098bc1c1,e817a801,0f85e300,0facc214,f0010000,20040000,a810751b,0d83ff06,45f88b73,1f83ff06,00000006,1af6c101,07c745f0,02000000,8b45f889,45f8660f,8b45108b,058bcb8b,0000d3e0,75108078,8b4dfcc6,81582000,348b5514,108b088b,017599eb,5dc21400,cccccccc
1788306597.797594,27512,7.006492321624085e-45,8.407790785948902e-45,1.401298464324817e-45,1.401298464324817e-45,1.0,0.0,0.0,0.0,0.0,0.0,0.0,1.0,0.0,0.0,0.0,0.0,0.0,0.0,0.0,0.0,0.0,0.0,0.0,0.0,1.0,0.0,1.0,0.0,0.0,0.0,0.0,0.0,0.0,0.0,0.0,0.0,1.0,0.0,0.0,0.0,0.0,0.0,0.0,0.0,0.0,0.0,0.0,0.0,0.0,0.0,0.0,0.0,0f1f8400,c1018d48,8bc1eb0c,000f1f80,00000000,8b5df48b,c8c1f905,f085148e,008b450c,008bca81,01a90000,088b04b9,f8000000,098bc1c1,e817a801,0f85e300,0facc214,f0010000,20040000,a810751b,0d83ff06,45f88b73,1f83ff06,00000006,1af6c101,07c745f0,02000000,8b45f889,45f8660f,8b45108b,058bcb8b,0000d3e0,75108078,8b4dfcc6,81582000,348b5514,108b088b,017599eb,5dc21400,cccccccc
1788306597.8982034,27512,7.006492321624085e-45,8.407790785948902e-45,1.401298464324817e-45,1.401298464324817e-45,1.0,0.0,0.0,0.0,0.0,0.0,0.0,1.0,0.0,0.0,0.0,0.0,0.0,0.0,0.0,0.0,0.0,0.0,0.0,0.0,1.0,0.0,1.0,0.0,0.0,0.0,0.0,0.0,0.0,0.0,0.0,0.0,1.0,0.0,0.0,0.0,0.0,0.0,0.0,0.0,0.0,0.0,0.0,0.0,0.0,0.0,0.0,0.0,0f1f8400,c1018d48,8bc1eb0c,000f1f80,00000000,8b5df48b,c8c1f905,f085148e,008b450c,008bca81,01a90000,088b04b9,f8000000,098bc1c1,e817a801,0f85e300,0facc214,f0010000,20040000,a810751b,0d83ff06,45f88b73,1f83ff06,00000006,1af6c101,07c745f0,02000000,8b45f889,45f8660f,8b45108b,058bcb8b,0000d3e0,75108078,8b4dfcc6,81582000,348b5514,108b088b,017599eb,5dc21400,cccccccc
1788306597.9987593,27512,7.006492321624085e-45,8.407790785948902e-45,1.401298464324817e-45,1.401298464324817e-45,1.0,0.0,0.0,0.0,0.0,0.0,0.0,1.0,0.0,0.0,0.0,0.0,0.0,0.0,0.0,0.0,0.0,0.0,0.0,0.0,1.0,0.0,1.0,0.0,0.0,0.0,0.0,0.0,0.0,0.0,0.0,0.0,1.0,0.0,0.0,0.0,0.0,0.0,0.0,0.0,0.0,0.0,0.0,0.0,0.0,0.0,0.0,0.0,0f1f8400,c1018d48,8bc1eb0c,000f1f80,00000000,8b5df48b,c8c1f905,f085148e,008b450c,008bca81,01a90000,088b04b9,f8000000,098bc1c1,e817a801,0f85e300,0facc214,f0010000,20040000,a810751b,0d83ff06,45f88b73,1f83ff06,00000006,1af6c101,07c745f0,02000000,8b45f889,45f8660f,8b45108b,058bcb8b,0000d3e0,75108078,8b4dfcc6,81582000,348b5514,108b088b,017599eb,5dc21400,cccccccc
1788306598.100187,27512,7.006492321624085e-45,8.407790785948902e-45,1.401298464324817e-45,1.401298464324817e-45,1.0,0.0,0.0,0.0,0.0,0.0,0.0,1.0,0.0,0.0,0.0,0.0,0.0,0.0,0.0,0.0,0.0,0.0,0.0,0.0,1.0,0.0,1.0,0.0,0.0,0.0,0.0,0.0,0.0,0.0,0.0,0.0,1.0,0.0,0.0,0.0,0.0,0.0,0.0,0.0,0.0,0.0,0.0,0.0,0.0,0.0,0.0,0.0,0f1f8400,c1018d48,8bc1eb0c,000f1f80,00000000,8b5df48b,c8c1f905,f085148e,008b450c,008bca81,01a90000,088b04b9,f8000000,098bc1c1,e817a801,0f85e300,0facc214,f0010000,20040000,a810751b,0d83ff06,45f88b73,1f83ff06,00000006,1af6c101,07c745f0,02000000,8b45f889,45f8660f,8b45108b,058bcb8b,0000d3e0,75108078,8b4dfcc6,81582000,348b5514,108b088b,017599eb,5dc21400,cccccccc
1788306598.2006483,27512,7.006492321624085e-45,8.407790785948902e-45,1.401298464324817e-45,1.401298464324817e-45,1.0,0.0,0.0,0.0,0.0,0.0,0.0,1.0,0.0,0.0,0.0,0.0,0.0,0.0,0.0,0.0,0.0,0.0,0.0,0.0,1.0,0.0,1.0,0.0,0.0,0.0,0.0,0.0,0.0,0.0,0.0,0.0,1.0,0.0,0.0,0.0,0.0,0.0,0.0,0.0,0.0,0.0,0.0,0.0,0.0,0.0,0.0,0.0,0f1f8400,c1018d48,8bc1eb0c,000f1f80,00000000,8b5df48b,c8c1f905,f085148e,008b450c,008bca81,01a90000,088b04b9,f8000000,098bc1c1,e817a801,0f85e300,0facc214,f0010000,20040000,a810751b,0d83ff06,45f88b73,1f83ff06,00000006,1af6c101,07c745f0,02000000,8b45f889,45f8660f,8b45108b,058bcb8b,0000d3e0,75108078,8b4dfcc6,81582000,348b5514,108b088b,017599eb,5dc21400,cccccccc
1788306598.3012905,27512,7.006492321624085e-45,8.407790785948902e-45,1.401298464324817e-45,1.401298464324817e-45,1.0,0.0,0.0,0.0,0.0,0.0,0.0,1.0,0.0,0.0,0.0,0.0,0.0,0.0,0.0,0.0,0.0,0.0,0.0,0.0,1.0,0.0,1.0,0.0,0.0,0.0,0.0,0.0,0.0,0.0,0.0,0.0,1.0,0.0,0.0,0.0,0.0,0.0,0.0,0.0,0.0,0.0,0.0,0.0,0.0,0.0,0.0,0.0,0f1f8400,c1018d48,8bc1eb0c,000f1f80,00000000,8b5df48b,c8c1f905,f085148e,008b450c,008bca81,01a90000,088b04b9,f8000000,098bc1c1,e817a801,0f85e300,0facc214,f0010000,20040000,a810751b,0d83ff06,45f88b73,1f83ff06,00000006,1af6c101,07c745f0,02000000,8b45f889,45f8660f,8b45108b,058bcb8b,0000d3e0,75108078,8b4dfcc6,81582000,348b5514,108b088b,017599eb,5dc21400,cccccccc
1788306598.4016805,27512,7.006492321624085e-45,8.407790785948902e-45,1.401298464324817e-45,1.401298464324817e-45,1.0,0.0,0.0,0.0,0.0,0.0,0.0,1.0,0.0,0.0,0.0,0.0,0.0,0.0,0.0,0.0,0.0,0.0,0.0,0.0,1.0,0.0,1.0,0.0,0.0,0.0,0.0,0.0,0.0,0.0,0.0,0.0,1.0,0.0,0.0,0.0,0.0,0.0,0.0,0.0,0.0,0.0,0.0,0.0,0.0,0.0,0.0,0.0,0f1f8400,c1018d48,8bc1eb0c,000f1f80,00000000,8b5df48b,c8c1f905,f085148e,008b450c,008bca81,01a90000,088b04b9,f8000000,098bc1c1,e817a801,0f85e300,0facc214,f0010000,20040000,a810751b,0d83ff06,45f88b73,1f83ff06,00000006,1af6c101,07c745f0,02000000,8b45f889,45f8660f,8b45108b,058bcb8b,0000d3e0,75108078,8b4dfcc6,81582000,348b5514,108b088b,017599eb,5dc21400,cccccccc
1788306598.5026762,27512,7.006492321624085e-45,8.407790785948902e-45,1.401298464324817e-45,1.401298464324817e-45,1.0,0.0,0.0,0.0,0.0,0.0,0.0,1.0,0.0,0.0,0.0,0.0,0.0,0.0,0.0,0.0,0.0,0.0,0.0,0.0,1.0,0.0,1.0,0.0,0.0,0.0,0.0,0.0,0.0,0.0,0.0,0.0,1.0,0.0,0.0,0.0,0.0,0.0,0.0,0.0,0.0,0.0,0.0,0.0,0.0,0.0,0.0,0.0,0f1f8400,c1018d48,8bc1eb0c,000f1f80,00000000,8b5df48b,c8c1f905,f085148e,008b450c,008bca81,01a90000,088b04b9,f8000000,098bc1c1,e817a801,0f85e300,0facc214,f0010000,20040000,a810751b,0d83ff06,45f88b73,1f83ff06,00000006,1af6c101,07c745f0,02000000,8b45f889,45f8660f,8b45108b,058bcb8b,0000d3e0,75108078,8b4dfcc6,81582000,348b5514,108b088b,017599eb,5dc21400,cccccccc
1788306598.6035304,27512,7.006492321624085e-45,8.407790785948902e-45,1.401298464324817e-45,1.401298464324817e-45,1.0,0.0,0.0,0.0,0.0,0.0,0.0,1.0,0.0,0.0,0.0,0.0,0.0,0.0,0.0,0.0,0.0,0.0,0.0,0.0,1.0,0.0,1.0,0.0,0.0,0.0,0.0,0.0,0.0,0.0,0.0,0.0,1.0,0.0,0.0,0.0,0.0,0.0,0.0,0.0,0.0,0.0,0.0,0.0,0.0,0.0,0.0,0.0,0f1f8400,c1018d48,8bc1eb0c,000f1f80,00000000,8b5df48b,c8c1f905,f085148e,008b450c,008bca81,01a90000,088b04b9,f8000000,098bc1c1,e817a801,0f85e300,0facc214,f0010000,20040000,a810751b,0d83ff06,45f88b73,1f83ff06,00000006,1af6c101,07c745f0,02000000,8b45f889,45f8660f,8b45108b,058bcb8b,0000d3e0,75108078,8b4dfcc6,81582000,348b5514,108b088b,017599eb,5dc21400,cccccccc
1788306598.704565,27512,7.006492321624085e-45,8.407790785948902e-45,1.401298464324817e-45,1.401298464324817e-45,1.0,0.0,0.0,0.0,0.0,0.0,0.0,1.0,0.0,0.0,0.0,0.0,0.0,0.0,0.0,0.0,0.0,0.0,0.0,0.0,1.0,0.0,1.0,0.0,0.0,0.0,0.0,0.0,0.0,0.0,0.0,0.0,1.0,0.0,0.0,0.0,0.0,0.0,0.0,0.0,0.0,0.0,0.0,0.0,0.0,0.0,0.0,0.0,0f1f8400,c1018d48,8bc1eb0c,000f1f80,00000000,8b5df48b,c8c1f905,f085148e,008b450c,008bca81,01a90000,088b04b9,f8000000,098bc1c1,e817a801,0f85e300,0facc214,f0010000,20040000,a810751b,0d83ff06,45f88b73,1f83ff06,00000006,1af6c101,07c745f0,02000000,8b45f889,45f8660f,8b45108b,058bcb8b,0000d3e0,75108078,8b4dfcc6,81582000,348b5514,108b088b,017599eb,5dc21400,cccccccc
1788306598.8062413,27512,7.006492321624085e-45,8.407790785948902e-45,1.401298464324817e-45,1.401298464324817e-45,1.0,0.0,0.0,0.0,0.0,0.0,0.0,1.0,0.0,0.0,0.0,0.0,0.0,0.0,0.0,0.0,0.0,0.0,0.0,0.0,1.0,0.0,1.0,0.0,0.0,0.0,0.0,0.0,0.0,0.0,0.0,0.0,1.0,0.0,0.0,0.0,0.0,0.0,0.0,0.0,0.0,0.0,0.0,0.0,0.0,0.0,0.0,0.0,0f1f8400,c1018d48,8bc1eb0c,000f1f80,00000000,8b5df48b,c8c1f905,f085148e,008b450c,008bca81,01a90000,088b04b9,f8000000,098bc1c1,e817a801,0f85e300,0facc214,f0010000,20040000,a810751b,0d83ff06,45f88b73,1f83ff06,00000006,1af6c101,07c745f0,02000000,8b45f889,45f8660f,8b45108b,058bcb8b,0000d3e0,75108078,8b4dfcc6,81582000,348b5514,108b088b,017599eb,5dc21400,cccccccc
1788306598.9072332,27512,7.006492321624085e-45,8.407790785948902e-45,1.401298464324817e-45,1.401298464324817e-45,1.0,0.0,0.0,0.0,0.0,0.0,0.0,1.0,0.0,0.0,0.0,0.0,0.0,0.0,0.0,0.0,0.0,0.0,0.0,0.0,1.0,0.0,1.0,0.0,0.0,0.0,0.0,0.0,0.0,0.0,0.0,0.0,1.0,0.0,0.0,0.0,0.0,0.0,0.0,0.0,0.0,0.0,0.0,0.0,0.0,0.0,0.0,0.0,0f1f8400,c1018d48,8bc1eb0c,000f1f80,00000000,8b5df48b,c8c1f905,f085148e,008b450c,008bca81,01a90000,088b04b9,f8000000,098bc1c1,e817a801,0f85e300,0facc214,f0010000,20040000,a810751b,0d83ff06,45f88b73,1f83ff06,00000006,1af6c101,07c745f0,02000000,8b45f889,45f8660f,8b45108b,058bcb8b,0000d3e0,75108078,8b4dfcc6,81582000,348b5514,108b088b,017599eb,5dc21400,cccccccc
1788306599.0080364,27512,7.006492321624085e-45,8.407790785948902e-45,1.401298464324817e-45,1.401298464324817e-45,1.0,0.0,0.0,0.0,0.0,0.0,0.0,1.0,0.0,0.0,0.0,0.0,0.0,0.0,0.0,0.0,0.0,0.0,0.0,0.0,1.0,0.0,1.0,0.0,0.0,0.0,0.0,0.0,0.0,0.0,0.0,0.0,1.0,0.0,0.0,0.0,0.0,0.0,0.0,0.0,0.0,0.0,0.0,0.0,0.0,0.0,0.0,0.0,0f1f8400,c1018d48,8bc1eb0c,000f1f80,00000000,8b5df48b,c8c1f905,f085148e,008b450c,008bca81,01a90000,088b04b9,f8000000,098bc1c1,e817a801,0f85e300,0facc214,f0010000,20040000,a810751b,0d83ff06,45f88b73,1f83ff06,00000006,1af6c101,07c745f0,02000000,8b45f889,45f8660f,8b45108b,058bcb8b,0000d3e0,75108078,8b4dfcc6,81582000,348b5514,108b088b,017599eb,5dc21400,cccccccc
1788306599.1087153,27512,7.006492321624085e-45,8.407790785948902e-45,1.401298464324817e-45,1.401298464324817e-45,1.0,0.0,0.0,0.0,0.0,0.0,0.0,1.0,0.0,0.0,0.0,0.0,0.0,0.0,0.0,0.0,0.0,0.0,0.0,0.0,1.0,0.0,1.0,0.0,0.0,0.0,0.0,0.0,0.0,0.0,0.0,0.0,1.0,0.0,0.0,0.0,0.0,0.0,0.0,0.0,0.0,0.0,0.0,0.0,0.0,0.0,0.0,0.0,0f1f8400,c1018d48,8bc1eb0c,000f1f80,00000000,8b5df48b,c8c1f905,f085148e,008b450c,008bca81,01a90000,088b04b9,f8000000,098bc1c1,e817a801,0f85e300,0facc214,f0010000,20040000,a810751b,0d83ff06,45f88b73,1f83ff06,00000006,1af6c101,07c745f0,02000000,8b45f889,45f8660f,8b45108b,058bcb8b,0000d3e0,75108078,8b4dfcc6,81582000,348b5514,108b088b,017599eb,5dc21400,cccccccc
1788306599.2096112,27512,7.006492321624085e-45,8.407790785948902e-45,1.401298464324817e-45,1.401298464324817e-45,1.0,0.0,0.0,0.0,0.0,0.0,0.0,1.0,0.0,0.0,0.0,0.0,0.0,0.0,0.0,0.0,0.0,0.0,0.0,0.0,1.0,0.0,1.0,0.0,0.0,0.0,0.0,0.0,0.0,0.0,0.0,0.0,1.0,0.0,0.0,0.0,0.0,0.0,0.0,0.0,0.0,0.0,0.0,0.0,0.0,0.0,0.0,0.0,0f1f8400,c1018d48,8bc1eb0c,000f1f80,00000000,8b5df48b,c8c1f905,f085148e,008b450c,008bca81,01a90000,088b04b9,f8000000,098bc1c1,e817a801,0f85e300,0facc214,f0010000,20040000,a810751b,0d83ff06,45f88b73,1f83ff06,00000006,1af6c101,07c745f0,02000000,8b45f889,45f8660f,8b45108b,058bcb8b,0000d3e0,75108078,8b4dfcc6,81582000,348b5514,108b088b,017599eb,5dc21400,cccccccc
1788306599.3103225,27512,7.006492321624085e-45,8.407790785948902e-45,1.401298464324817e-45,1.401298464324817e-45,1.0,0.0,0.0,0.0,0.0,0.0,0.0,1.0,0.0,0.0,0.0,0.0,0.0,0.0,0.0,0.0,0.0,0.0,0.0,0.0,1.0,0.0,1.0,0.0,0.0,0.0,0.0,0.0,0.0,0.0,0.0,0.0,1.0,0.0,0.0,0.0,0.0,0.0,0.0,0.0,0.0,0.0,0.0,0.0,0.0,0.0,0.0,0.0,0f1f8400,c1018d48,8bc1eb0c,000f1f80,00000000,8b5df48b,c8c1f905,f085148e,008b450c,008bca81,01a90000,088b04b9,f8000000,098bc1c1,e817a801,0f85e300,0facc214,f0010000,20040000,a810751b,0d83ff06,45f88b73,1f83ff06,00000006,1af6c101,07c745f0,02000000,8b45f889,45f8660f,8b45108b,058bcb8b,0000d3e0,75108078,8b4dfcc6,81582000,348b5514,108b088b,017599eb,5dc21400,cccccccc
1788306599.4108438,27512,7.006492321624085e-45,8.407790785948902e-45,1.401298464324817e-45,1.401298464324817e-45,1.0,0.0,0.0,0.0,0.0,0.0,0.0,1.0,0.0,0.0,0.0,0.0,0.0,0.0,0.0,0.0,0.0,0.0,0.0,0.0,1.0,0.0,1.0,0.0,0.0,0.0,0.0,0.0,0.0,0.0,0.0,0.0,1.0,0.0,0.0,0.0,0.0,0.0,0.0,0.0,0.0,0.0,0.0,0.0,0.0,0.0,0.0,0.0,0f1f8400,c1018d48,8bc1eb0c,000f1f80,00000000,8b5df48b,c8c1f905,f085148e,008b450c,008bca81,01a90000,088b04b9,f8000000,098bc1c1,e817a801,0f85e300,0facc214,f0010000,20040000,a810751b,0d83ff06,45f88b73,1f83ff06,00000006,1af6c101,07c745f0,02000000,8b45f889,45f8660f,8b45108b,058bcb8b,0000d3e0,75108078,8b4dfcc6,81582000,348b5514,108b088b,017599eb,5dc21400,cccccccc
1788306599.5113125,27512,7.006492321624085e-45,8.407790785948902e-45,1.401298464324817e-45,1.401298464324817e-45,1.0,0.0,0.0,0.0,0.0,0.0,0.0,1.0,0.0,0.0,0.0,0.0,0.0,0.0,0.0,0.0,0.0,0.0,0.0,0.0,1.0,0.0,1.0,0.0,0.0,0.0,0.0,0.0,0.0,0.0,0.0,0.0,1.0,0.0,0.0,0.0,0.0,0.0,0.0,0.0,0.0,0.0,0.0,0.0,0.0,0.0,0.0,0.0,0f1f8400,c1018d48,8bc1eb0c,000f1f80,00000000,8b5df48b,c8c1f905,f085148e,008b450c,008bca81,01a90000,088b04b9,f8000000,098bc1c1,e817a801,0f85e300,0facc214,f0010000,20040000,a810751b,0d83ff06,45f88b73,1f83ff06,00000006,1af6c101,07c745f0,02000000,8b45f889,45f8660f,8b45108b,058bcb8b,0000d3e0,75108078,8b4dfcc6,81582000,348b5514,108b088b,017599eb,5dc21400,cccccccc
1788306599.6122513,27512,7.006492321624085e-45,8.407790785948902e-45,1.401298464324817e-45,1.401298464324817e-45,1.0,0.0,0.0,0.0,0.0,0.0,0.0,1.0,0.0,0.0,0.0,0.0,0.0,0.0,0.0,0.0,0.0,0.0,0.0,0.0,1.0,0.0,1.0,0.0,0.0,0.0,0.0,0.0,0.0,0.0,0.0,0.0,1.0,0.0,0.0,0.0,0.0,0.0,0.0,0.0,0.0,0.0,0.0,0.0,0.0,0.0,0.0,0.0,0f1f8400,c1018d48,8bc1eb0c,000f1f80,00000000,8b5df48b,c8c1f905,f085148e,008b450c,008bca81,01a90000,088b04b9,f8000000,098bc1c1,e817a801,0f85e300,0facc214,f0010000,20040000,a810751b,0d83ff06,45f88b73,1f83ff06,00000006,1af6c101,07c745f0,02000000,8b45f889,45f8660f,8b45108b,058bcb8b,0000d3e0,75108078,8b4dfcc6,81582000,348b5514,108b088b,017599eb,5dc21400,cccccccc
1788306599.7127388,27512,7.006492321624085e-45,8.407790785948902e-45,1.401298464324817e-45,1.401298464324817e-45,1.0,0.0,0.0,0.0,0.0,0.0,0.0,1.0,0.0,0.0,0.0,0.0,0.0,0.0,0.0,0.0,0.0,0.0,0.0,0.0,1.0,0.0,1.0,0.0,0.0,0.0,0.0,0.0,0.0,0.0,0.0,0.0,1.0,0.0,0.0,0.0,0.0,0.0,0.0,0.0,0.0,0.0,0.0,0.0,0.0,0.0,0.0,0.0,0f1f8400,c1018d48,8bc1eb0c,000f1f80,00000000,8b5df48b,c8c1f905,f085148e,008b450c,008bca81,01a90000,088b04b9,f8000000,098bc1c1,e817a801,0f85e300,0facc214,f0010000,20040000,a810751b,0d83ff06,45f88b73,1f83ff06,00000006,1af6c101,07c745f0,02000000,8b45f889,45f8660f,8b45108b,058bcb8b,0000d3e0,75108078,8b4dfcc6,81582000,348b5514,108b088b,017599eb,5dc21400,cccccccc
1788306599.8238401,27512,7.006492321624085e-45,8.407790785948902e-45,1.401298464324817e-45,1.401298464324817e-45,1.0,0.0,0.0,0.0,0.0,0.0,0.0,1.0,0.0,0.0,0.0,0.0,0.0,0.0,0.0,0.0,0.0,0.0,0.0,0.0,1.0,0.0,1.0,0.0,0.0,0.0,0.0,0.0,0.0,0.0,0.0,0.0,1.0,0.0,0.0,0.0,0.0,0.0,0.0,0.0,0.0,0.0,0.0,0.0,0.0,0.0,0.0,0.0,0f1f8400,c1018d48,8bc1eb0c,000f1f80,00000000,8b5df48b,c8c1f905,f085148e,008b450c,008bca81,01a90000,088b04b9,f8000000,098bc1c1,e817a801,0f85e300,0facc214,f0010000,20040000,a810751b,0d83ff06,45f88b73,1f83ff06,00000006,1af6c101,07c745f0,02000000,8b45f889,45f8660f,8b45108b,058bcb8b,0000d3e0,75108078,8b4dfcc6,81582000,348b5514,108b088b,017599eb,5dc21400,cccccccc
1788306599.92432,27512,7.006492321624085e-45,8.407790785948902e-45,1.401298464324817e-45,1.401298464324817e-45,1.0,0.0,0.0,0.0,0.0,0.0,0.0,1.0,0.0,0.0,0.0,0.0,0.0,0.0,0.0,0.0,0.0,0.0,0.0,0.0,1.0,0.0,1.0,0.0,0.0,0.0,0.0,0.0,0.0,0.0,0.0,0.0,1.0,0.0,0.0,0.0,0.0,0.0,0.0,0.0,0.0,0.0,0.0,0.0,0.0,0.0,0.0,0.0,0f1f8400,c1018d48,8bc1eb0c,000f1f80,00000000,8b5df48b,c8c1f905,f085148e,008b450c,008bca81,01a90000,088b04b9,f8000000,098bc1c1,e817a801,0f85e300,0facc214,f0010000,20040000,a810751b,0d83ff06,45f88b73,1f83ff06,00000006,1af6c101,07c745f0,02000000,8b45f889,45f8660f,8b45108b,058bcb8b,0000d3e0,75108078,8b4dfcc6,81582000,348b5514,108b088b,017599eb,5dc21400,cccccccc
1788306600.0253036,27512,7.006492321624085e-45,8.407790785948902e-45,1.401298464324817e-45,1.401298464324817e-45,1.0,0.0,0.0,0.0,0.0,0.0,0.0,1.0,0.0,0.0,0.0,0.0,0.0,0.0,0.0,0.0,0.0,0.0,0.0,0.0,1.0,0.0,1.0,0.0,0.0,0.0,0.0,0.0,0.0,0.0,0.0,0.0,1.0,0.0,0.0,0.0,0.0,0.0,0.0,0.0,0.0,0.0,0.0,0.0,0.0,0.0,0.0,0.0,0f1f8400,c1018d48,8bc1eb0c,000f1f80,00000000,8b5df48b,c8c1f905,f085148e,008b450c,008bca81,01a90000,088b04b9,f8000000,098bc1c1,e817a801,0f85e300,0facc214,f0010000,20040000,a810751b,0d83ff06,45f88b73,1f83ff06,00000006,1af6c101,07c745f0,02000000,8b45f889,45f8660f,8b45108b,058bcb8b,0000d3e0,75108078,8b4dfcc6,81582000,348b5514,108b088b,017599eb,5dc21400,cccccccc
1788306600.1272461,27512,7.006492321624085e-45,8.407790785948902e-45,1.401298464324817e-45,1.401298464324817e-45,1.0,0.0,0.0,0.0,0.0,0.0,0.0,1.0,0.0,0.0,0.0,0.0,0.0,0.0,0.0,0.0,0.0,0.0,0.0,0.0,1.0,0.0,1.0,0.0,0.0,0.0,0.0,0.0,0.0,0.0,0.0,0.0,1.0,0.0,0.0,0.0,0.0,0.0,0.0,0.0,0.0,0.0,0.0,0.0,0.0,0.0,0.0,0.0,0f1f8400,c1018d48,8bc1eb0c,000f1f80,00000000,8b5df48b,c8c1f905,f085148e,008b450c,008bca81,01a90000,088b04b9,f8000000,098bc1c1,e817a801,0f85e300,0facc214,f0010000,20040000,a810751b,0d83ff06,45f88b73,1f83ff06,00000006,1af6c101,07c745f0,02000000,8b45f889,45f8660f,8b45108b,058bcb8b,0000d3e0,75108078,8b4dfcc6,81582000,348b5514,108b088b,017599eb,5dc21400,cccccccc
1788306600.2279663,27512,7.006492321624085e-45,8.407790785948902e-45,1.401298464324817e-45,1.401298464324817e-45,1.0,0.0,0.0,0.0,0.0,0.0,0.0,1.0,0.0,0.0,0.0,0.0,0.0,0.0,0.0,0.0,0.0,0.0,0.0,0.0,1.0,0.0,1.0,0.0,0.0,0.0,0.0,0.0,0.0,0.0,0.0,0.0,1.0,0.0,0.0,0.0,0.0,0.0,0.0,0.0,0.0,0.0,0.0,0.0,0.0,0.0,0.0,0.0,0f1f8400,c1018d48,8bc1eb0c,000f1f80,00000000,8b5df48b,c8c1f905,f085148e,008b450c,008bca81,01a90000,088b04b9,f8000000,098bc1c1,e817a801,0f85e300,0facc214,f0010000,20040000,a810751b,0d83ff06,45f88b73,1f83ff06,00000006,1af6c101,07c745f0,02000000,8b45f889,45f8660f,8b45108b,058bcb8b,0000d3e0,75108078,8b4dfcc6,81582000,348b5514,108b088b,017599eb,5dc21400,cccccccc
1788306600.3287373,27512,7.006492321624085e-45,8.407790785948902e-45,1.401298464324817e-45,1.401298464324817e-45,1.0,0.0,0.0,0.0,0.0,0.0,0.0,1.0,0.0,0.0,0.0,0.0,0.0,0.0,0.0,0.0,0.0,0.0,0.0,0.0,1.0,0.0,1.0,0.0,0.0,0.0,0.0,0.0,0.0,0.0,0.0,0.0,1.0,0.0,0.0,0.0,0.0,0.0,0.0,0.0,0.0,0.0,0.0,0.0,0.0,0.0,0.0,0.0,0f1f8400,c1018d48,8bc1eb0c,000f1f80,00000000,8b5df48b,c8c1f905,f085148e,008b450c,008bca81,01a90000,088b04b9,f8000000,098bc1c1,e817a801,0f85e300,0facc214,f0010000,20040000,a810751b,0d83ff06,45f88b73,1f83ff06,00000006,1af6c101,07c745f0,02000000,8b45f889,45f8660f,8b45108b,058bcb8b,0000d3e0,75108078,8b4dfcc6,81582000,348b5514,108b088b,017599eb,5dc21400,cccccccc
1788306600.4551313,27512,7.006492321624085e-45,8.407790785948902e-45,1.401298464324817e-45,1.401298464324817e-45,1.0,0.0,0.0,0.0,0.0,0.0,0.0,1.0,0.0,0.0,0.0,0.0,0.0,0.0,0.0,0.0,0.0,0.0,0.0,0.0,1.0,0.0,1.0,0.0,0.0,0.0,0.0,0.0,0.0,0.0,0.0,0.0,1.0,0.0,0.0,0.0,0.0,0.0,0.0,0.0,0.0,0.0,0.0,0.0,0.0,0.0,0.0,0.0,0f1f8400,c1018d48,8bc1eb0c,000f1f80,00000000,8b5df48b,c8c1f905,f085148e,008b450c,008bca81,01a90000,088b04b9,f8000000,098bc1c1,e817a801,0f85e300,0facc214,f0010000,20040000,a810751b,0d83ff06,45f88b73,1f83ff06,00000006,1af6c101,07c745f0,02000000,8b45f889,45f8660f,8b45108b,058bcb8b,0000d3e0,75108078,8b4dfcc6,81582000,348b5514,108b088b,017599eb,5dc21400,cccccccc
1788306600.5555131,27512,7.006492321624085e-45,8.407790785948902e-45,1.401298464324817e-45,1.401298464324817e-45,1.0,0.0,0.0,0.0,0.0,0.0,0.0,1.0,0.0,0.0,0.0,0.0,0.0,0.0,0.0,0.0,0.0,0.0,0.0,0.0,1.0,0.0,1.0,0.0,0.0,0.0,0.0,0.0,0.0,0.0,0.0,0.0,1.0,0.0,0.0,0.0,0.0,0.0,0.0,0.0,0.0,0.0,0.0,0.0,0.0,0.0,0.0,0.0,0f1f8400,c1018d48,8bc1eb0c,000f1f80,00000000,8b5df48b,c8c1f905,f085148e,008b450c,008bca81,01a90000,088b04b9,f8000000,098bc1c1,e817a801,0f85e300,0facc214,f0010000,20040000,a810751b,0d83ff06,45f88b73,1f83ff06,00000006,1af6c101,07c745f0,02000000,8b45f889,45f8660f,8b45108b,058bcb8b,0000d3e0,75108078,8b4dfcc6,81582000,348b5514,108b088b,017599eb,5dc21400,cccccccc
1788306600.6562898,27512,7.006492321624085e-45,8.407790785948902e-45,1.401298464324817e-45,1.401298464324817e-45,1.0,0.0,0.0,0.0,0.0,0.0,0.0,1.0,0.0,0.0,0.0,0.0,0.0,0.0,0.0,0.0,0.0,0.0,0.0,0.0,1.0,0.0,1.0,0.0,0.0,0.0,0.0,0.0,0.0,0.0,0.0,0.0,1.0,0.0,0.0,0.0,0.0,0.0,0.0,0.0,0.0,0.0,0.0,0.0,0.0,0.0,0.0,0.0,0f1f8400,c1018d48,8bc1eb0c,000f1f80,00000000,8b5df48b,c8c1f905,f085148e,008b450c,008bca81,01a90000,088b04b9,f8000000,098bc1c1,e817a801,0f85e300,0facc214,f0010000,20040000,a810751b,0d83ff06,45f88b73,1f83ff06,00000006,1af6c101,07c745f0,02000000,8b45f889,45f8660f,8b45108b,058bcb8b,0000d3e0,75108078,8b4dfcc6,81582000,348b5514,108b088b,017599eb,5dc21400,cccccccc
1788306600.7576933,27512,7.006492321624085e-45,8.407790785948902e-45,1.401298464324817e-45,1.401298464324817e-45,1.0,0.0,0.0,0.0,0.0,0.0,0.0,1.0,0.0,0.0,0.0,0.0,0.0,0.0,0.0,0.0,0.0,0.0,0.0,0.0,1.0,0.0,1.0,0.0,0.0,0.0,0.0,0.0,0.0,0.0,0.0,0.0,1.0,0.0,0.0,0.0,0.0,0.0,0.0,0.0,0.0,0.0,0.0,0.0,0.0,0.0,0.0,0.0,0f1f8400,c1018d48,8bc1eb0c,000f1f80,00000000,8b5df48b,c8c1f905,f085148e,008b450c,008bca81,01a90000,088b04b9,f8000000,098bc1c1,e817a801,0f85e300,0facc214,f0010000,20040000,a810751b,0d83ff06,45f88b73,1f83ff06,00000006,1af6c101,07c745f0,02000000,8b45f889,45f8660f,8b45108b,058bcb8b,0000d3e0,75108078,8b4dfcc6,81582000,348b5514,108b088b,017599eb,5dc21400,cccccccc
1788306600.8610368,27512,7.006492321624085e-45,8.407790785948902e-45,1.401298464324817e-45,1.401298464324817e-45,1.0,0.0,0.0,0.0,0.0,0.0,0.0,1.0,0.0,0.0,0.0,0.0,0.0,0.0,0.0,0.0,0.0,0.0,0.0,0.0,1.0,0.0,1.0,0.0,0.0,0.0,0.0,0.0,0.0,0.0,0.0,0.0,1.0,0.0,0.0,0.0,0.0,0.0,0.0,0.0,0.0,0.0,0.0,0.0,0.0,0.0,0.0,0.0,0f1f8400,c1018d48,8bc1eb0c,000f1f80,00000000,8b5df48b,c8c1f905,f085148e,008b450c,008bca81,01a90000,088b04b9,f8000000,098bc1c1,e817a801,0f85e300,0facc214,f0010000,20040000,a810751b,0d83ff06,45f88b73,1f83ff06,00000006,1af6c101,07c745f0,02000000,8b45f889,45f8660f,8b45108b,058bcb8b,0000d3e0,75108078,8b4dfcc6,81582000,348b5514,108b088b,017599eb,5dc21400,cccccccc
1788306600.9623764,27512,7.006492321624085e-45,8.407790785948902e-45,1.401298464324817e-45,1.401298464324817e-45,1.0,0.0,0.0,0.0,0.0,0.0,0.0,1.0,0.0,0.0,0.0,0.0,0.0,0.0,0.0,0.0,0.0,0.0,0.0,0.0,1.0,0.0,1.0,0.0,0.0,0.0,0.0,0.0,0.0,0.0,0.0,0.0,1.0,0.0,0.0,0.0,0.0,0.0,0.0,0.0,0.0,0.0,0.0,0.0,0.0,0.0,0.0,0.0,0f1f8400,c1018d48,8bc1eb0c,000f1f80,00000000,8b5df48b,c8c1f905,f085148e,008b450c,008bca81,01a90000,088b04b9,f8000000,098bc1c1,e817a801,0f85e300,0facc214,f0010000,20040000,a810751b,0d83ff06,45f88b73,1f83ff06,00000006,1af6c101,07c745f0,02000000,8b45f889,45f8660f,8b45108b,058bcb8b,0000d3e0,75108078,8b4dfcc6,81582000,348b5514,108b088b,017599eb,5dc21400,cccccccc
1788306601.0629127,27512,7.006492321624085e-45,8.407790785948902e-45,1.401298464324817e-45,1.401298464324817e-45,1.0,0.0,0.0,0.0,0.0,0.0,0.0,1.0,0.0,0.0,0.0,0.0,0.0,0.0,0.0,0.0,0.0,0.0,0.0,0.0,1.0,0.0,1.0,0.0,0.0,0.0,0.0,0.0,0.0,0.0,0.0,0.0,1.0,0.0,0.0,0.0,0.0,0.0,0.0,0.0,0.0,0.0,0.0,0.0,0.0,0.0,0.0,0.0,0f1f8400,c1018d48,8bc1eb0c,000f1f80,00000000,8b5df48b,c8c1f905,f085148e,008b450c,008bca81,01a90000,088b04b9,f8000000,098bc1c1,e817a801,0f85e300,0facc214,f0010000,20040000,a810751b,0d83ff06,45f88b73,1f83ff06,00000006,1af6c101,07c745f0,02000000,8b45f889,45f8660f,8b45108b,058bcb8b,0000d3e0,75108078,8b4dfcc6,81582000,348b5514,108b088b,017599eb,5dc21400,cccccccc
1788306601.1638136,27512,7.006492321624085e-45,8.407790785948902e-45,1.401298464324817e-45,1.401298464324817e-45,1.0,0.0,0.0,0.0,0.0,0.0,0.0,1.0,0.0,0.0,0.0,0.0,0.0,0.0,0.0,0.0,0.0,0.0,0.0,0.0,1.0,0.0,1.0,0.0,0.0,0.0,0.0,0.0,0.0,0.0,0.0,0.0,1.0,0.0,0.0,0.0,0.0,0.0,0.0,0.0,0.0,0.0,0.0,0.0,0.0,0.0,0.0,0.0,0f1f8400,c1018d48,8bc1eb0c,000f1f80,00000000,8b5df48b,c8c1f905,f085148e,008b450c,008bca81,01a90000,088b04b9,f8000000,098bc1c1,e817a801,0f85e300,0facc214,f0010000,20040000,a810751b,0d83ff06,45f88b73,1f83ff06,00000006,1af6c101,07c745f0,02000000,8b45f889,45f8660f,8b45108b,058bcb8b,0000d3e0,75108078,8b4dfcc6,81582000,348b5514,108b088b,017599eb,5dc21400,cccccccc
1788306601.2652063,27512,7.006492321624085e-45,8.407790785948902e-45,1.401298464324817e-45,1.401298464324817e-45,1.0,0.0,0.0,0.0,0.0,0.0,0.0,1.0,0.0,0.0,0.0,0.0,0.0,0.0,0.0,0.0,0.0,0.0,0.0,0.0,1.0,0.0,1.0,0.0,0.0,0.0,0.0,0.0,0.0,0.0,0.0,0.0,1.0,0.0,0.0,0.0,0.0,0.0,0.0,0.0,0.0,0.0,0.0,0.0,0.0,0.0,0.0,0.0,0f1f8400,c1018d48,8bc1eb0c,000f1f80,00000000,8b5df48b,c8c1f905,f085148e,008b450c,008bca81,01a90000,088b04b9,f8000000,098bc1c1,e817a801,0f85e300,0facc214,f0010000,20040000,a810751b,0d83ff06,45f88b73,1f83ff06,00000006,1af6c101,07c745f0,02000000,8b45f889,45f8660f,8b45108b,058bcb8b,0000d3e0,75108078,8b4dfcc6,81582000,348b5514,108b088b,017599eb,5dc21400,cccccccc
1788306601.3658988,27512,7.006492321624085e-45,8.407790785948902e-45,1.401298464324817e-45,1.401298464324817e-45,1.0,0.0,0.0,0.0,0.0,0.0,0.0,1.0,0.0,0.0,0.0,0.0,0.0,0.0,0.0,0.0,0.0,0.0,0.0,0.0,1.0,0.0,1.0,0.0,0.0,0.0,0.0,0.0,0.0,0.0,0.0,0.0,1.0,0.0,0.0,0.0,0.0,0.0,0.0,0.0,0.0,0.0,0.0,0.0,0.0,0.0,0.0,0.0,0f1f8400,c1018d48,8bc1eb0c,000f1f80,00000000,8b5df48b,c8c1f905,f085148e,008b450c,008bca81,01a90000,088b04b9,f8000000,098bc1c1,e817a801,0f85e300,0facc214,f0010000,20040000,a810751b,0d83ff06,45f88b73,1f83ff06,00000006,1af6c101,07c745f0,02000000,8b45f889,45f8660f,8b45108b,058bcb8b,0000d3e0,75108078,8b4dfcc6,81582000,348b5514,108b088b,017599eb,5dc21400,cccccccc
1788306601.4670799,27512,7.006492321624085e-45,8.407790785948902e-45,1.401298464324817e-45,1.401298464324817e-45,1.0,0.0,0.0,0.0,0.0,0.0,0.0,1.0,0.0,0.0,0.0,0.0,0.0,0.0,0.0,0.0,0.0,0.0,0.0,0.0,1.0,0.0,1.0,0.0,0.0,0.0,0.0,0.0,0.0,0.0,0.0,0.0,1.0,0.0,0.0,0.0,0.0,0.0,0.0,0.0,0.0,0.0,0.0,0.0,0.0,0.0,0.0,0.0,0f1f8400,c1018d48,8bc1eb0c,000f1f80,00000000,8b5df48b,c8c1f905,f085148e,008b450c,008bca81,01a90000,088b04b9,f8000000,098bc1c1,e817a801,0f85e300,0facc214,f0010000,20040000,a810751b,0d83ff06,45f88b73,1f83ff06,00000006,1af6c101,07c745f0,02000000,8b45f889,45f8660f,8b45108b,058bcb8b,0000d3e0,75108078,8b4dfcc6,81582000,348b5514,108b088b,017599eb,5dc21400,cccccccc
1788306601.568288,27512,7.006492321624085e-45,8.407790785948902e-45,1.401298464324817e-45,1.401298464324817e-45,1.0,0.0,0.0,0.0,0.0,0.0,0.0,1.0,0.0,0.0,0.0,0.0,0.0,0.0,0.0,0.0,0.0,0.0,0.0,0.0,1.0,0.0,1.0,0.0,0.0,0.0,0.0,0.0,0.0,0.0,0.0,0.0,1.0,0.0,0.0,0.0,0.0,0.0,0.0,0.0,0.0,0.0,0.0,0.0,0.0,0.0,0.0,0.0,0f1f8400,c1018d48,8bc1eb0c,000f1f80,00000000,8b5df48b,c8c1f905,f085148e,008b450c,008bca81,01a90000,088b04b9,f8000000,098bc1c1,e817a801,0f85e300,0facc214,f0010000,20040000,a810751b,0d83ff06,45f88b73,1f83ff06,00000006,1af6c101,07c745f0,02000000,8b45f889,45f8660f,8b45108b,058bcb8b,0000d3e0,75108078,8b4dfcc6,81582000,348b5514,108b088b,017599eb,5dc21400,cccccccc
1788306601.668924,27512,7.006492321624085e-45,8.407790785948902e-45,1.401298464324817e-45,1.401298464324817e-45,1.0,0.0,0.0,0.0,0.0,0.0,0.0,1.0,0.0,0.0,0.0,0.0,0.0,0.0,0.0,0.0,0.0,0.0,0.0,0.0,1.0,0.0,1.0,0.0,0.0,0.0,0.0,0.0,0.0,0.0,0.0,0.0,1.0,0.0,0.0,0.0,0.0,0.0,0.0,0.0,0.0,0.0,0.0,0.0,0.0,0.0,0.0,0.0,0f1f8400,c1018d48,8bc1eb0c,000f1f80,00000000,8b5df48b,c8c1f905,f085148e,008b450c,008bca81,01a90000,088b04b9,f8000000,098bc1c1,e817a801,0f85e300,0facc214,f0010000,20040000,a810751b,0d83ff06,45f88b73,1f83ff06,00000006,1af6c101,07c745f0,02000000,8b45f889,45f8660f,8b45108b,058bcb8b,0000d3e0,75108078,8b4dfcc6,81582000,348b5514,108b088b,017599eb,5dc21400,cccccccc
1788306601.7697487,27512,7.006492321624085e-45,8.407790785948902e-45,1.401298464324817e-45,1.401298464324817e-45,1.0,0.0,0.0,0.0,0.0,0.0,0.0,1.0,0.0,0.0,0.0,0.0,0.0,0.0,0.0,0.0,0.0,0.0,0.0,0.0,1.0,0.0,1.0,0.0,0.0,0.0,0.0,0.0,0.0,0.0,0.0,0.0,1.0,0.0,0.0,0.0,0.0,0.0,0.0,0.0,0.0,0.0,0.0,0.0,0.0,0.0,0.0,0.0,0f1f8400,c1018d48,8bc1eb0c,000f1f80,00000000,8b5df48b,c8c1f905,f085148e,008b450c,008bca81,01a90000,088b04b9,f8000000,098bc1c1,e817a801,0f85e300,0facc214,f0010000,20040000,a810751b,0d83ff06,45f88b73,1f83ff06,00000006,1af6c101,07c745f0,02000000,8b45f889,45f8660f,8b45108b,058bcb8b,0000d3e0,75108078,8b4dfcc6,81582000,348b5514,108b088b,017599eb,5dc21400,cccccccc
1788306601.8705668,27512,7.006492321624085e-45,8.407790785948902e-45,1.401298464324817e-45,1.401298464324817e-45,1.0,0.0,0.0,0.0,0.0,0.0,0.0,1.0,0.0,0.0,0.0,0.0,0.0,0.0,0.0,0.0,0.0,0.0,0.0,0.0,1.0,0.0,1.0,0.0,0.0,0.0,0.0,0.0,0.0,0.0,0.0,0.0,1.0,0.0,0.0,0.0,0.0,0.0,0.0,0.0,0.0,0.0,0.0,0.0,0.0,0.0,0.0,0.0,0f1f8400,c1018d48,8bc1eb0c,000f1f80,00000000,8b5df48b,c8c1f905,f085148e,008b450c,008bca81,01a90000,088b04b9,f8000000,098bc1c1,e817a801,0f85e300,0facc214,f0010000,20040000,a810751b,0d83ff06,45f88b73,1f83ff06,00000006,1af6c101,07c745f0,02000000,8b45f889,45f8660f,8b45108b,058bcb8b,0000d3e0,75108078,8b4dfcc6,81582000,348b5514,108b088b,017599eb,5dc21400,cccccccc
1788306601.9710574,27512,7.006492321624085e-45,8.407790785948902e-45,1.401298464324817e-45,1.401298464324817e-45,1.0,0.0,0.0,0.0,0.0,0.0,0.0,1.0,0.0,0.0,0.0,0.0,0.0,0.0,0.0,0.0,0.0,0.0,0.0,0.0,1.0,0.0,1.0,0.0,0.0,0.0,0.0,0.0,0.0,0.0,0.0,0.0,1.0,0.0,0.0,0.0,0.0,0.0,0.0,0.0,0.0,0.0,0.0,0.0,0.0,0.0,0.0,0.0,0f1f8400,c1018d48,8bc1eb0c,000f1f80,00000000,8b5df48b,c8c1f905,f085148e,008b450c,008bca81,01a90000,088b04b9,f8000000,098bc1c1,e817a801,0f85e300,0facc214,f0010000,20040000,a810751b,0d83ff06,45f88b73,1f83ff06,00000006,1af6c101,07c745f0,02000000,8b45f889,45f8660f,8b45108b,058bcb8b,0000d3e0,75108078,8b4dfcc6,81582000,348b5514,108b088b,017599eb,5dc21400,cccccccc
1788306602.0718524,27512,7.006492321624085e-45,8.407790785948902e-45,1.401298464324817e-45,1.401298464324817e-45,1.0,0.0,0.0,0.0,0.0,0.0,0.0,1.0,0.0,0.0,0.0,0.0,0.0,0.0,0.0,0.0,0.0,0.0,0.0,0.0,1.0,0.0,1.0,0.0,0.0,0.0,0.0,0.0,0.0,0.0,0.0,0.0,1.0,0.0,0.0,0.0,0.0,0.0,0.0,0.0,0.0,0.0,0.0,0.0,0.0,0.0,0.0,0.0,0f1f8400,c1018d48,8bc1eb0c,000f1f80,00000000,8b5df48b,c8c1f905,f085148e,008b450c,008bca81,01a90000,088b04b9,f8000000,098bc1c1,e817a801,0f85e300,0facc214,f0010000,20040000,a810751b,0d83ff06,45f88b73,1f83ff06,00000006,1af6c101,07c745f0,02000000,8b45f889,45f8660f,8b45108b,058bcb8b,0000d3e0,75108078,8b4dfcc6,81582000,348b5514,108b088b,017599eb,5dc21400,cccccccc
1788306602.1733873,27512,7.006492321624085e-45,8.407790785948902e-45,1.401298464324817e-45,1.401298464324817e-45,1.0,0.0,0.0,0.0,0.0,0.0,0.0,1.0,0.0,0.0,0.0,0.0,0.0,0.0,0.0,0.0,0.0,0.0,0.0,0.0,1.0,0.0,1.0,0.0,0.0,0.0,0.0,0.0,0.0,0.0,0.0,0.0,1.0,0.0,0.0,0.0,0.0,0.0,0.0,0.0,0.0,0.0,0.0,0.0,0.0,0.0,0.0,0.0,0f1f8400,c1018d48,8bc1eb0c,000f1f80,00000000,8b5df48b,c8c1f905,f085148e,008b450c,008bca81,01a90000,088b04b9,f8000000,098bc1c1,e817a801,0f85e300,0facc214,f0010000,20040000,a810751b,0d83ff06,45f88b73,1f83ff06,00000006,1af6c101,07c745f0,02000000,8b45f889,45f8660f,8b45108b,058bcb8b,0000d3e0,75108078,8b4dfcc6,81582000,348b5514,108b088b,017599eb,5dc21400,cccccccc
1788306602.3273053,27512,7.006492321624085e-45,8.407790785948902e-45,1.401298464324817e-45,1.401298464324817e-45,1.0,0.0,0.0,0.0,0.0,0.0,0.0,1.0,0.0,0.0,0.0,0.0,0.0,0.0,0.0,0.0,0.0,0.0,0.0,0.0,1.0,0.0,1.0,0.0,0.0,0.0,0.0,0.0,0.0,0.0,0.0,0.0,1.0,0.0,0.0,0.0,0.0,0.0,0.0,0.0,0.0,0.0,0.0,0.0,0.0,0.0,0.0,0.0,0f1f8400,c1018d48,8bc1eb0c,000f1f80,00000000,8b5df48b,c8c1f905,f085148e,008b450c,008bca81,01a90000,088b04b9,f8000000,098bc1c1,e817a801,0f85e300,0facc214,f0010000,20040000,a810751b,0d83ff06,45f88b73,1f83ff06,00000006,1af6c101,07c745f0,02000000,8b45f889,45f8660f,8b45108b,058bcb8b,0000d3e0,75108078,8b4dfcc6,81582000,348b5514,108b088b,017599eb,5dc21400,cccccccc
1788306602.428089,27512,7.006492321624085e-45,8.407790785948902e-45,1.401298464324817e-45,1.401298464324817e-45,1.0,0.0,0.0,0.0,0.0,0.0,0.0,1.0,0.0,0.0,0.0,0.0,0.0,0.0,0.0,0.0,0.0,0.0,0.0,0.0,1.0,0.0,1.0,0.0,0.0,0.0,0.0,0.0,0.0,0.0,0.0,0.0,1.0,0.0,0.0,0.0,0.0,0.0,0.0,0.0,0.0,0.0,0.0,0.0,0.0,0.0,0.0,0.0,0f1f8400,c1018d48,8bc1eb0c,000f1f80,00000000,8b5df48b,c8c1f905,f085148e,008b450c,008bca81,01a90000,088b04b9,f8000000,098bc1c1,e817a801,0f85e300,0facc214,f0010000,20040000,a810751b,0d83ff06,45f88b73,1f83ff06,00000006,1af6c101,07c745f0,02000000,8b45f889,45f8660f,8b45108b,058bcb8b,0000d3e0,75108078,8b4dfcc6,81582000,348b5514,108b088b,017599eb,5dc21400,cccccccc
1788306602.5288315,27512,7.006492321624085e-45,8.407790785948902e-45,1.401298464324817e-45,1.401298464324817e-45,1.0,0.0,0.0,0.0,0.0,0.0,0.0,1.0,0.0,0.0,0.0,0.0,0.0,0.0,0.0,0.0,0.0,0.0,0.0,0.0,1.0,0.0,1.0,0.0,0.0,0.0,0.0,0.0,0.0,0.0,0.0,0.0,1.0,0.0,0.0,0.0,0.0,0.0,0.0,0.0,0.0,0.0,0.0,0.0,0.0,0.0,0.0,0.0,0f1f8400,c1018d48,8bc1eb0c,000f1f80,00000000,8b5df48b,c8c1f905,f085148e,008b450c,008bca81,01a90000,088b04b9,f8000000,098bc1c1,e817a801,0f85e300,0facc214,f0010000,20040000,a810751b,0d83ff06,45f88b73,1f83ff06,00000006,1af6c101,07c745f0,02000000,8b45f889,45f8660f,8b45108b,058bcb8b,0000d3e0,75108078,8b4dfcc6,81582000,348b5514,108b088b,017599eb,5dc21400,cccccccc
1788306602.6453333,27512,7.006492321624085e-45,8.407790785948902e-45,1.401298464324817e-45,1.401298464324817e-45,1.0,0.0,0.0,0.0,0.0,0.0,0.0,1.0,0.0,0.0,0.0,0.0,0.0,0.0,0.0,0.0,0.0,0.0,0.0,0.0,1.0,0.0,1.0,0.0,0.0,0.0,0.0,0.0,0.0,0.0,0.0,0.0,1.0,0.0,0.0,0.0,0.0,0.0,0.0,0.0,0.0,0.0,0.0,0.0,0.0,0.0,0.0,0.0,0f1f8400,c1018d48,8bc1eb0c,000f1f80,00000000,8b5df48b,c8c1f905,f085148e,008b450c,008bca81,01a90000,088b04b9,f8000000,098bc1c1,e817a801,0f85e300,0facc214,f0010000,20040000,a810751b,0d83ff06,45f88b73,1f83ff06,00000006,1af6c101,07c745f0,02000000,8b45f889,45f8660f,8b45108b,058bcb8b,0000d3e0,75108078,8b4dfcc6,81582000,348b5514,108b088b,017599eb,5dc21400,cccccccc
1788306602.7462912,27512,7.006492321624085e-45,8.407790785948902e-45,1.401298464324817e-45,1.401298464324817e-45,1.0,0.0,0.0,0.0,0.0,0.0,0.0,1.0,0.0,0.0,0.0,0.0,0.0,0.0,0.0,0.0,0.0,0.0,0.0,0.0,1.0,0.0,1.0,0.0,0.0,0.0,0.0,0.0,0.0,0.0,0.0,0.0,1.0,0.0,0.0,0.0,0.0,0.0,0.0,0.0,0.0,0.0,0.0,0.0,0.0,0.0,0.0,0.0,0f1f8400,c1018d48,8bc1eb0c,000f1f80,00000000,8b5df48b,c8c1f905,f085148e,008b450c,008bca81,01a90000,088b04b9,f8000000,098bc1c1,e817a801,0f85e300,0facc214,f0010000,20040000,a810751b,0d83ff06,45f88b73,1f83ff06,00000006,1af6c101,07c745f0,02000000,8b45f889,45f8660f,8b45108b,058bcb8b,0000d3e0,75108078,8b4dfcc6,81582000,348b5514,108b088b,017599eb,5dc21400,cccccccc
1788306602.8473685,27512,7.006492321624085e-45,8.407790785948902e-45,1.401298464324817e-45,1.401298464324817e-45,1.0,0.0,0.0,0.0,0.0,0.0,0.0,1.0,0.0,0.0,0.0,0.0,0.0,0.0,0.0,0.0,0.0,0.0,0.0,0.0,1.0,0.0,1.0,0.0,0.0,0.0,0.0,0.0,0.0,0.0,0.0,0.0,1.0,0.0,0.0,0.0,0.0,0.0,0.0,0.0,0.0,0.0,0.0,0.0,0.0,0.0,0.0,0.0,0f1f8400,c1018d48,8bc1eb0c,000f1f80,00000000,8b5df48b,c8c1f905,f085148e,008b450c,008bca81,01a90000,088b04b9,f8000000,098bc1c1,e817a801,0f85e300,0facc214,f0010000,20040000,a810751b,0d83ff06,45f88b73,1f83ff06,00000006,1af6c101,07c745f0,02000000,8b45f889,45f8660f,8b45108b,058bcb8b,0000d3e0,75108078,8b4dfcc6,81582000,348b5514,108b088b,017599eb,5dc21400,cccccccc
1788306602.9483244,27512,7.006492321624085e-45,8.407790785948902e-45,1.401298464324817e-45,1.401298464324817e-45,1.0,0.0,0.0,0.0,0.0,0.0,0.0,1.0,0.0,0.0,0.0,0.0,0.0,0.0,0.0,0.0,0.0,0.0,0.0,0.0,1.0,0.0,1.0,0.0,0.0,0.0,0.0,0.0,0.0,0.0,0.0,0.0,1.0,0.0,0.0,0.0,0.0,0.0,0.0,0.0,0.0,0.0,0.0,0.0,0.0,0.0,0.0,0.0,0f1f8400,c1018d48,8bc1eb0c,000f1f80,00000000,8b5df48b,c8c1f905,f085148e,008b450c,008bca81,01a90000,088b04b9,f8000000,098bc1c1,e817a801,0f85e300,0facc214,f0010000,20040000,a810751b,0d83ff06,45f88b73,1f83ff06,00000006,1af6c101,07c745f0,02000000,8b45f889,45f8660f,8b45108b,058bcb8b,0000d3e0,75108078,8b4dfcc6,81582000,348b5514,108b088b,017599eb,5dc21400,cccccccc
1788306603.0499835,27512,7.006492321624085e-45,8.407790785948902e-45,1.401298464324817e-45,1.401298464324817e-45,1.0,0.0,0.0,0.0,0.0,0.0,0.0,1.0,0.0,0.0,0.0,0.0,0.0,0.0,0.0,0.0,0.0,0.0,0.0,0.0,1.0,0.0,1.0,0.0,0.0,0.0,0.0,0.0,0.0,0.0,0.0,0.0,1.0,0.0,0.0,0.0,0.0,0.0,0.0,0.0,0.0,0.0,0.0,0.0,0.0,0.0,0.0,0.0,0f1f8400,c1018d48,8bc1eb0c,000f1f80,00000000,8b5df48b,c8c1f905,f085148e,008b450c,008bca81,01a90000,088b04b9,f8000000,098bc1c1,e817a801,0f85e300,0facc214,f0010000,20040000,a810751b,0d83ff06,45f88b73,1f83ff06,00000006,1af6c101,07c745f0,02000000,8b45f889,45f8660f,8b45108b,058bcb8b,0000d3e0,75108078,8b4dfcc6,81582000,348b5514,108b088b,017599eb,5dc21400,cccccccc
1788306603.15043,27512,7.006492321624085e-45,8.407790785948902e-45,1.401298464324817e-45,1.401298464324817e-45,1.0,0.0,0.0,0.0,0.0,0.0,0.0,1.0,0.0,0.0,0.0,0.0,0.0,0.0,0.0,0.0,0.0,0.0,0.0,0.0,1.0,0.0,1.0,0.0,0.0,0.0,0.0,0.0,0.0,0.0,0.0,0.0,1.0,0.0,0.0,0.0,0.0,0.0,0.0,0.0,0.0,0.0,0.0,0.0,0.0,0.0,0.0,0.0,0f1f8400,c1018d48,8bc1eb0c,000f1f80,00000000,8b5df48b,c8c1f905,f085148e,008b450c,008bca81,01a90000,088b04b9,f8000000,098bc1c1,e817a801,0f85e300,0facc214,f0010000,20040000,a810751b,0d83ff06,45f88b73,1f83ff06,00000006,1af6c101,07c745f0,02000000,8b45f889,45f8660f,8b45108b,058bcb8b,0000d3e0,75108078,8b4dfcc6,81582000,348b5514,108b088b,017599eb,5dc21400,cccccccc
1788306603.2508805,27512,7.006492321624085e-45,8.407790785948902e-45,1.401298464324817e-45,1.401298464324817e-45,1.0,0.0,0.0,0.0,0.0,0.0,0.0,1.0,0.0,0.0,0.0,0.0,0.0,0.0,0.0,0.0,0.0,0.0,0.0,0.0,1.0,0.0,1.0,0.0,0.0,0.0,0.0,0.0,0.0,0.0,0.0,0.0,1.0,0.0,0.0,0.0,0.0,0.0,0.0,0.0,0.0,0.0,0.0,0.0,0.0,0.0,0.0,0.0,0f1f8400,c1018d48,8bc1eb0c,000f1f80,00000000,8b5df48b,c8c1f905,f085148e,008b450c,008bca81,01a90000,088b04b9,f8000000,098bc1c1,e817a801,0f85e300,0facc214,f0010000,20040000,a810751b,0d83ff06,45f88b73,1f83ff06,00000006,1af6c101,07c745f0,02000000,8b45f889,45f8660f,8b45108b,058bcb8b,0000d3e0,75108078,8b4dfcc6,81582000,348b5514,108b088b,017599eb,5dc21400,cccccccc
1788306603.3514764,27512,7.006492321624085e-45,8.407790785948902e-45,1.401298464324817e-45,1.401298464324817e-45,1.0,0.0,0.0,0.0,0.0,0.0,0.0,1.0,0.0,0.0,0.0,0.0,0.0,0.0,0.0,0.0,0.0,0.0,0.0,0.0,1.0,0.0,1.0,0.0,0.0,0.0,0.0,0.0,0.0,0.0,0.0,0.0,1.0,0.0,0.0,0.0,0.0,0.0,0.0,0.0,0.0,0.0,0.0,0.0,0.0,0.0,0.0,0.0,0f1f8400,c1018d48,8bc1eb0c,000f1f80,00000000,8b5df48b,c8c1f905,f085148e,008b450c,008bca81,01a90000,088b04b9,f8000000,098bc1c1,e817a801,0f85e300,0facc214,f0010000,20040000,a810751b,0d83ff06,45f88b73,1f83ff06,00000006,1af6c101,07c745f0,02000000,8b45f889,45f8660f,8b45108b,058bcb8b,0000d3e0,75108078,8b4dfcc6,81582000,348b5514,108b088b,017599eb,5dc21400,cccccccc
1788306603.4520955,27512,7.006492321624085e-45,8.407790785948902e-45,1.401298464324817e-45,1.401298464324817e-45,1.0,0.0,0.0,0.0,0.0,0.0,0.0,1.0,0.0,0.0,0.0,0.0,0.0,0.0,0.0,0.0,0.0,0.0,0.0,0.0,1.0,0.0,1.0,0.0,0.0,0.0,0.0,0.0,0.0,0.0,0.0,0.0,1.0,0.0,0.0,0.0,0.0,0.0,0.0,0.0,0.0,0.0,0.0,0.0,0.0,0.0,0.0,0.0,0f1f8400,c1018d48,8bc1eb0c,000f1f80,00000000,8b5df48b,c8c1f905,f085148e,008b450c,008bca81,01a90000,088b04b9,f8000000,098bc1c1,e817a801,0f85e300,0facc214,f0010000,20040000,a810751b,0d83ff06,45f88b73,1f83ff06,00000006,1af6c101,07c745f0,02000000,8b45f889,45f8660f,8b45108b,058bcb8b,0000d3e0,75108078,8b4dfcc6,81582000,348b5514,108b088b,017599eb,5dc21400,cccccccc
1788306603.5528197,27512,7.006492321624085e-45,8.407790785948902e-45,1.401298464324817e-45,1.401298464324817e-45,1.0,0.0,0.0,0.0,0.0,0.0,0.0,1.0,0.0,0.0,0.0,0.0,0.0,0.0,0.0,0.0,0.0,0.0,0.0,0.0,1.0,0.0,1.0,0.0,0.0,0.0,0.0,0.0,0.0,0.0,0.0,0.0,1.0,0.0,0.0,0.0,0.0,0.0,0.0,0.0,0.0,0.0,0.0,0.0,0.0,0.0,0.0,0.0,0f1f8400,c1018d48,8bc1eb0c,000f1f80,00000000,8b5df48b,c8c1f905,f085148e,008b450c,008bca81,01a90000,088b04b9,f8000000,098bc1c1,e817a801,0f85e300,0facc214,f0010000,20040000,a810751b,0d83ff06,45f88b73,1f83ff06,00000006,1af6c101,07c745f0,02000000,8b45f889,45f8660f,8b45108b,058bcb8b,0000d3e0,75108078,8b4dfcc6,81582000,348b5514,108b088b,017599eb,5dc21400,cccccccc
1788306603.6532989,27512,7.006492321624085e-45,8.407790785948902e-45,1.401298464324817e-45,1.401298464324817e-45,1.0,0.0,0.0,0.0,0.0,0.0,0.0,1.0,0.0,0.0,0.0,0.0,0.0,0.0,0.0,0.0,0.0,0.0,0.0,0.0,1.0,0.0,1.0,0.0,0.0,0.0,0.0,0.0,0.0,0.0,0.0,0.0,1.0,0.0,0.0,0.0,0.0,0.0,0.0,0.0,0.0,0.0,0.0,0.0,0.0,0.0,0.0,0.0,0f1f8400,c1018d48,8bc1eb0c,000f1f80,00000000,8b5df48b,c8c1f905,f085148e,008b450c,008bca81,01a90000,088b04b9,f8000000,098bc1c1,e817a801,0f85e300,0facc214,f0010000,20040000,a810751b,0d83ff06,45f88b73,1f83ff06,00000006,1af6c101,07c745f0,02000000,8b45f889,45f8660f,8b45108b,058bcb8b,0000d3e0,75108078,8b4dfcc6,81582000,348b5514,108b088b,017599eb,5dc21400,cccccccc
1788306603.7541556,27512,7.006492321624085e-45,8.407790785948902e-45,1.401298464324817e-45,1.401298464324817e-45,1.0,0.0,0.0,0.0,0.0,0.0,0.0,1.0,0.0,0.0,0.0,0.0,0.0,0.0,0.0,0.0,0.0,0.0,0.0,0.0,1.0,0.0,1.0,0.0,0.0,0.0,0.0,0.0,0.0,0.0,0.0,0.0,1.0,0.0,0.0,0.0,0.0,0.0,0.0,0.0,0.0,0.0,0.0,0.0,0.0,0.0,0.0,0.0,0f1f8400,c1018d48,8bc1eb0c,000f1f80,00000000,8b5df48b,c8c1f905,f085148e,008b450c,008bca81,01a90000,088b04b9,f8000000,098bc1c1,e817a801,0f85e300,0facc214,f0010000,20040000,a810751b,0d83ff06,45f88b73,1f83ff06,00000006,1af6c101,07c745f0,02000000,8b45f889,45f8660f,8b45108b,058bcb8b,0000d3e0,75108078,8b4dfcc6,81582000,348b5514,108b088b,017599eb,5dc21400,cccccccc
1788306603.8548558,27512,7.006492321624085e-45,8.407790785948902e-45,1.401298464324817e-45,1.401298464324817e-45,1.0,0.0,0.0,0.0,0.0,0.0,0.0,1.0,0.0,0.0,0.0,0.0,0.0,0.0,0.0,0.0,0.0,0.0,0.0,0.0,1.0,0.0,1.0,0.0,0.0,0.0,0.0,0.0,0.0,0.0,0.0,0.0,1.0,0.0,0.0,0.0,0.0,0.0,0.0,0.0,0.0,0.0,0.0,0.0,0.0,0.0,0.0,0.0,0f1f8400,c1018d48,8bc1eb0c,000f1f80,00000000,8b5df48b,c8c1f905,f085148e,008b450c,008bca81,01a90000,088b04b9,f8000000,098bc1c1,e817a801,0f85e300,0facc214,f0010000,20040000,a810751b,0d83ff06,45f88b73,1f83ff06,00000006,1af6c101,07c745f0,02000000,8b45f889,45f8660f,8b45108b,058bcb8b,0000d3e0,75108078,8b4dfcc6,81582000,348b5514,108b088b,017599eb,5dc21400,cccccccc
1788306603.9555676,27512,7.006492321624085e-45,8.407790785948902e-45,1.401298464324817e-45,1.401298464324817e-45,1.0,0.0,0.0,0.0,0.0,0.0,0.0,1.0,0.0,0.0,0.0,0.0,0.0,0.0,0.0,0.0,0.0,0.0,0.0,0.0,1.0,0.0,1.0,0.0,0.0,0.0,0.0,0.0,0.0,0.0,0.0,0.0,1.0,0.0,0.0,0.0,0.0,0.0,0.0,0.0,0.0,0.0,0.0,0.0,0.0,0.0,0.0,0.0,0f1f8400,c1018d48,8bc1eb0c,000f1f80,00000000,8b5df48b,c8c1f905,f085148e,008b450c,008bca81,01a90000,088b04b9,f8000000,098bc1c1,e817a801,0f85e300,0facc214,f0010000,20040000,a810751b,0d83ff06,45f88b73,1f83ff06,00000006,1af6c101,07c745f0,02000000,8b45f889,45f8660f,8b45108b,058bcb8b,0000d3e0,75108078,8b4dfcc6,81582000,348b5514,108b088b,017599eb,5dc21400,cccccccc
1788306604.0561373,27512,7.006492321624085e-45,8.407790785948902e-45,1.401298464324817e-45,1.401298464324817e-45,1.0,0.0,0.0,0.0,0.0,0.0,0.0,1.0,0.0,0.0,0.0,0.0,0.0,0.0,0.0,0.0,0.0,0.0,0.0,0.0,1.0,0.0,1.0,0.0,0.0,0.0,0.0,0.0,0.0,0.0,0.0,0.0,1.0,0.0,0.0,0.0,0.0,0.0,0.0,0.0,0.0,0.0,0.0,0.0,0.0,0.0,0.0,0.0,0f1f8400,c1018d48,8bc1eb0c,000f1f80,00000000,8b5df48b,c8c1f905,f085148e,008b450c,008bca81,01a90000,088b04b9,f8000000,098bc1c1,e817a801,0f85e300,0facc214,f0010000,20040000,a810751b,0d83ff06,45f88b73,1f83ff06,00000006,1af6c101,07c745f0,02000000,8b45f889,45f8660f,8b45108b,058bcb8b,0000d3e0,75108078,8b4dfcc6,81582000,348b5514,108b088b,017599eb,5dc21400,cccccccc
1788306604.1564727,27512,7.006492321624085e-45,8.407790785948902e-45,1.401298464324817e-45,1.401298464324817e-45,1.0,0.0,0.0,0.0,0.0,0.0,0.0,1.0,0.0,0.0,0.0,0.0,0.0,0.0,0.0,0.0,0.0,0.0,0.0,0.0,1.0,0.0,1.0,0.0,0.0,0.0,0.0,0.0,0.0,0.0,0.0,0.0,1.0,0.0,0.0,0.0,0.0,0.0,0.0,0.0,0.0,0.0,0.0,0.0,0.0,0.0,0.0,0.0,0f1f8400,c1018d48,8bc1eb0c,000f1f80,00000000,8b5df48b,c8c1f905,f085148e,008b450c,008bca81,01a90000,088b04b9,f8000000,098bc1c1,e817a801,0f85e300,0facc214,f0010000,20040000,a810751b,0d83ff06,45f88b73,1f83ff06,00000006,1af6c101,07c745f0,02000000,8b45f889,45f8660f,8b45108b,058bcb8b,0000d3e0,75108078,8b4dfcc6,81582000,348b5514,108b088b,017599eb,5dc21400,cccccccc
1788306604.2573617,27512,7.006492321624085e-45,8.407790785948902e-45,1.401298464324817e-45,1.401298464324817e-45,1.0,0.0,0.0,0.0,0.0,0.0,0.0,1.0,0.0,0.0,0.0,0.0,0.0,0.0,0.0,0.0,0.0,0.0,0.0,0.0,1.0,0.0,1.0,0.0,0.0,0.0,0.0,0.0,0.0,0.0,0.0,0.0,1.0,0.0,0.0,0.0,0.0,0.0,0.0,0.0,0.0,0.0,0.0,0.0,0.0,0.0,0.0,0.0,0f1f8400,c1018d48,8bc1eb0c,000f1f80,00000000,8b5df48b,c8c1f905,f085148e,008b450c,008bca81,01a90000,088b04b9,f8000000,098bc1c1,e817a801,0f85e300,0facc214,f0010000,20040000,a810751b,0d83ff06,45f88b73,1f83ff06,00000006,1af6c101,07c745f0,02000000,8b45f889,45f8660f,8b45108b,058bcb8b,0000d3e0,75108078,8b4dfcc6,81582000,348b5514,108b088b,017599eb,5dc21400,cccccccc
1788306604.3579893,27512,7.006492321624085e-45,8.407790785948902e-45,1.401298464324817e-45,1.401298464324817e-45,1.0,0.0,0.0,0.0,0.0,0.0,0.0,1.0,0.0,0.0,0.0,0.0,0.0,0.0,0.0,0.0,0.0,0.0,0.0,0.0,1.0,0.0,1.0,0.0,0.0,0.0,0.0,0.0,0.0,0.0,0.0,0.0,1.0,0.0,0.0,0.0,0.0,0.0,0.0,0.0,0.0,0.0,0.0,0.0,0.0,0.0,0.0,0.0,0f1f8400,c1018d48,8bc1eb0c,000f1f80,00000000,8b5df48b,c8c1f905,f085148e,008b450c,008bca81,01a90000,088b04b9,f8000000,098bc1c1,e817a801,0f85e300,0facc214,f0010000,20040000,a810751b,0d83ff06,45f88b73,1f83ff06,00000006,1af6c101,07c745f0,02000000,8b45f889,45f8660f,8b45108b,058bcb8b,0000d3e0,75108078,8b4dfcc6,81582000,348b5514,108b088b,017599eb,5dc21400,cccccccc
1788306604.4588354,27512,7.006492321624085e-45,8.407790785948902e-45,1.401298464324817e-45,1.401298464324817e-45,1.0,0.0,0.0,0.0,0.0,0.0,0.0,1.0,0.0,0.0,0.0,0.0,0.0,0.0,0.0,0.0,0.0,0.0,0.0,0.0,1.0,0.0,1.0,0.0,0.0,0.0,0.0,0.0,0.0,0.0,0.0,0.0,1.0,0.0,0.0,0.0,0.0,0.0,0.0,0.0,0.0,0.0,0.0,0.0,0.0,0.0,0.0,0.0,0f1f8400,c1018d48,8bc1eb0c,000f1f80,00000000,8b5df48b,c8c1f905,f085148e,008b450c,008bca81,01a90000,088b04b9,f8000000,098bc1c1,e817a801,0f85e300,0facc214,f0010000,20040000,a810751b,0d83ff06,45f88b73,1f83ff06,00000006,1af6c101,07c745f0,02000000,8b45f889,45f8660f,8b45108b,058bcb8b,0000d3e0,75108078,8b4dfcc6,81582000,348b5514,108b088b,017599eb,5dc21400,cccccccc
1788306604.5597281,27512,7.006492321624085e-45,8.407790785948902e-45,1.401298464324817e-45,1.401298464324817e-45,1.0,0.0,0.0,0.0,0.0,0.0,0.0,1.0,0.0,0.0,0.0,0.0,0.0,0.0,0.0,0.0,0.0,0.0,0.0,0.0,1.0,0.0,1.0,0.0,0.0,0.0,0.0,0.0,0.0,0.0,0.0,0.0,1.0,0.0,0.0,0.0,0.0,0.0,0.0,0.0,0.0,0.0,0.0,0.0,0.0,0.0,0.0,0.0,0f1f8400,c1018d48,8bc1eb0c,000f1f80,00000000,8b5df48b,c8c1f905,f085148e,008b450c,008bca81,01a90000,088b04b9,f8000000,098bc1c1,e817a801,0f85e300,0facc214,f0010000,20040000,a810751b,0d83ff06,45f88b73,1f83ff06,00000006,1af6c101,07c745f0,02000000,8b45f889,45f8660f,8b45108b,058bcb8b,0000d3e0,75108078,8b4dfcc6,81582000,348b5514,108b088b,017599eb,5dc21400,cccccccc
1788306604.6600301,27512,7.006492321624085e-45,8.407790785948902e-45,1.401298464324817e-45,1.401298464324817e-45,1.0,0.0,0.0,0.0,0.0,0.0,0.0,1.0,0.0,0.0,0.0,0.0,0.0,0.0,0.0,0.0,0.0,0.0,0.0,0.0,1.0,0.0,1.0,0.0,0.0,0.0,0.0,0.0,0.0,0.0,0.0,0.0,1.0,0.0,0.0,0.0,0.0,0.0,0.0,0.0,0.0,0.0,0.0,0.0,0.0,0.0,0.0,0.0,0f1f8400,c1018d48,8bc1eb0c,000f1f80,00000000,8b5df48b,c8c1f905,f085148e,008b450c,008bca81,01a90000,088b04b9,f8000000,098bc1c1,e817a801,0f85e300,0facc214,f0010000,20040000,a810751b,0d83ff06,45f88b73,1f83ff06,00000006,1af6c101,07c745f0,02000000,8b45f889,45f8660f,8b45108b,058bcb8b,0000d3e0,75108078,8b4dfcc6,81582000,348b5514,108b088b,017599eb,5dc21400,cccccccc
1788306604.7616181,27512,7.006492321624085e-45,8.407790785948902e-45,1.401298464324817e-45,1.401298464324817e-45,1.0,0.0,0.0,0.0,0.0,0.0,0.0,1.0,0.0,0.0,0.0,0.0,0.0,0.0,0.0,0.0,0.0,0.0,0.0,0.0,1.0,0.0,1.0,0.0,0.0,0.0,0.0,0.0,0.0,0.0,0.0,0.0,1.0,0.0,0.0,0.0,0.0,0.0,0.0,0.0,0.0,0.0,0.0,0.0,0.0,0.0,0.0,0.0,0f1f8400,c1018d48,8bc1eb0c,000f1f80,00000000,8b5df48b,c8c1f905,f085148e,008b450c,008bca81,01a90000,088b04b9,f8000000,098bc1c1,e817a801,0f85e300,0facc214,f0010000,20040000,a810751b,0d83ff06,45f88b73,1f83ff06,00000006,1af6c101,07c745f0,02000000,8b45f889,45f8660f,8b45108b,058bcb8b,0000d3e0,75108078,8b4dfcc6,81582000,348b5514,108b088b,017599eb,5dc21400,cccccccc
1788306604.8621528,27512,7.006492321624085e-45,8.407790785948902e-45,1.401298464324817e-45,1.401298464324817e-45,1.0,0.0,0.0,0.0,0.0,0.0,0.0,1.0,0.0,0.0,0.0,0.0,0.0,0.0,0.0,0.0,0.0,0.0,0.0,0.0,1.0,0.0,1.0,0.0,0.0,0.0,0.0,0.0,0.0,0.0,0.0,0.0,1.0,0.0,0.0,0.0,0.0,0.0,0.0,0.0,0.0,0.0,0.0,0.0,0.0,0.0,0.0,0.0,0f1f8400,c1018d48,8bc1eb0c,000f1f80,00000000,8b5df48b,c8c1f905,f085148e,008b450c,008bca81,01a90000,088b04b9,f8000000,098bc1c1,e817a801,0f85e300,0facc214,f0010000,20040000,a810751b,0d83ff06,45f88b73,1f83ff06,00000006,1af6c101,07c745f0,02000000,8b45f889,45f8660f,8b45108b,058bcb8b,0000d3e0,75108078,8b4dfcc6,81582000,348b5514,108b088b,017599eb,5dc21400,cccccccc
1788306604.9626586,27512,7.006492321624085e-45,8.407790785948902e-45,1.401298464324817e-45,1.401298464324817e-45,1.0,0.0,0.0,0.0,0.0,0.0,0.0,1.0,0.0,0.0,0.0,0.0,0.0,0.0,0.0,0.0,0.0,0.0,0.0,0.0,1.0,0.0,1.0,0.0,0.0,0.0,0.0,0.0,0.0,0.0,0.0,0.0,1.0,0.0,0.0,0.0,0.0,0.0,0.0,0.0,0.0,0.0,0.0,0.0,0.0,0.0,0.0,0.0,0f1f8400,c1018d48,8bc1eb0c,000f1f80,00000000,8b5df48b,c8c1f905,f085148e,008b450c,008bca81,01a90000,088b04b9,f8000000,098bc1c1,e817a801,0f85e300,0facc214,f0010000,20040000,a810751b,0d83ff06,45f88b73,1f83ff06,00000006,1af6c101,07c745f0,02000000,8b45f889,45f8660f,8b45108b,058bcb8b,0000d3e0,75108078,8b4dfcc6,81582000,348b5514,108b088b,017599eb,5dc21400,cccccccc
1788306605.0631688,27512,7.006492321624085e-45,8.407790785948902e-45,1.401298464324817e-45,1.401298464324817e-45,1.0,0.0,0.0,0.0,0.0,0.0,0.0,1.0,0.0,0.0,0.0,0.0,0.0,0.0,0.0,0.0,0.0,0.0,0.0,0.0,1.0,0.0,1.0,0.0,0.0,0.0,0.0,0.0,0.0,0.0,0.0,0.0,1.0,0.0,0.0,0.0,0.0,0.0,0.0,0.0,0.0,0.0,0.0,0.0,0.0,0.0,0.0,0.0,0f1f8400,c1018d48,8bc1eb0c,000f1f80,00000000,8b5df48b,c8c1f905,f085148e,008b450c,008bca81,01a90000,088b04b9,f8000000,098bc1c1,e817a801,0f85e300,0facc214,f0010000,20040000,a810751b,0d83ff06,45f88b73,1f83ff06,00000006,1af6c101,07c745f0,02000000,8b45f889,45f8660f,8b45108b,058bcb8b,0000d3e0,75108078,8b4dfcc6,81582000,348b5514,108b088b,017599eb,5dc21400,cccccccc
1788306605.1641476,27512,7.006492321624085e-45,8.407790785948902e-45,1.401298464324817e-45,1.401298464324817e-45,1.0,0.0,0.0,0.0,0.0,0.0,0.0,1.0,0.0,0.0,0.0,0.0,0.0,0.0,0.0,0.0,0.0,0.0,0.0,0.0,1.0,0.0,1.0,0.0,0.0,0.0,0.0,0.0,0.0,0.0,0.0,0.0,1.0,0.0,0.0,0.0,0.0,0.0,0.0,0.0,0.0,0.0,0.0,0.0,0.0,0.0,0.0,0.0,0f1f8400,c1018d48,8bc1eb0c,000f1f80,00000000,8b5df48b,c8c1f905,f085148e,008b450c,008bca81,01a90000,088b04b9,f8000000,098bc1c1,e817a801,0f85e300,0facc214,f0010000,20040000,a810751b,0d83ff06,45f88b73,1f83ff06,00000006,1af6c101,07c745f0,02000000,8b45f889,45f8660f,8b45108b,058bcb8b,0000d3e0,75108078,8b4dfcc6,81582000,348b5514,108b088b,017599eb,5dc21400,cccccccc
1788306605.2650306,27512,7.006492321624085e-45,8.407790785948902e-45,1.401298464324817e-45,1.401298464324817e-45,1.0,0.0,0.0,0.0,0.0,0.0,0.0,1.0,0.0,0.0,0.0,0.0,0.0,0.0,0.0,0.0,0.0,0.0,0.0,0.0,1.0,0.0,1.0,0.0,0.0,0.0,0.0,0.0,0.0,0.0,0.0,0.0,1.0,0.0,0.0,0.0,0.0,0.0,0.0,0.0,0.0,0.0,0.0,0.0,0.0,0.0,0.0,0.0,0f1f8400,c1018d48,8bc1eb0c,000f1f80,00000000,8b5df48b,c8c1f905,f085148e,008b450c,008bca81,01a90000,088b04b9,f8000000,098bc1c1,e817a801,0f85e300,0facc214,f0010000,20040000,a810751b,0d83ff06,45f88b73,1f83ff06,00000006,1af6c101,07c745f0,02000000,8b45f889,45f8660f,8b45108b,058bcb8b,0000d3e0,75108078,8b4dfcc6,81582000,348b5514,108b088b,017599eb,5dc21400,cccccccc
1788306605.3667085,27512,7.006492321624085e-45,8.407790785948902e-45,1.401298464324817e-45,1.401298464324817e-45,1.0,0.0,0.0,0.0,0.0,0.0,0.0,1.0,0.0,0.0,0.0,0.0,0.0,0.0,0.0,0.0,0.0,0.0,0.0,0.0,1.0,0.0,1.0,0.0,0.0,0.0,0.0,0.0,0.0,0.0,0.0,0.0,1.0,0.0,0.0,0.0,0.0,0.0,0.0,0.0,0.0,0.0,0.0,0.0,0.0,0.0,0.0,0.0,0f1f8400,c1018d48,8bc1eb0c,000f1f80,00000000,8b5df48b,c8c1f905,f085148e,008b450c,008bca81,01a90000,088b04b9,f8000000,098bc1c1,e817a801,0f85e300,0facc214,f0010000,20040000,a810751b,0d83ff06,45f88b73,1f83ff06,00000006,1af6c101,07c745f0,02000000,8b45f889,45f8660f,8b45108b,058bcb8b,0000d3e0,75108078,8b4dfcc6,81582000,348b5514,108b088b,017599eb,5dc21400,cccccccc
1788306605.4673712,27512,7.006492321624085e-45,8.407790785948902e-45,1.401298464324817e-45,1.401298464324817e-45,1.0,0.0,0.0,0.0,0.0,0.0,0.0,1.0,0.0,0.0,0.0,0.0,0.0,0.0,0.0,0.0,0.0,0.0,0.0,0.0,1.0,0.0,1.0,0.0,0.0,0.0,0.0,0.0,0.0,0.0,0.0,0.0,1.0,0.0,0.0,0.0,0.0,0.0,0.0,0.0,0.0,0.0,0.0,0.0,0.0,0.0,0.0,0.0,0f1f8400,c1018d48,8bc1eb0c,000f1f80,00000000,8b5df48b,c8c1f905,f085148e,008b450c,008bca81,01a90000,088b04b9,f8000000,098bc1c1,e817a801,0f85e300,0facc214,f0010000,20040000,a810751b,0d83ff06,45f88b73,1f83ff06,00000006,1af6c101,07c745f0,02000000,8b45f889,45f8660f,8b45108b,058bcb8b,0000d3e0,75108078,8b4dfcc6,81582000,348b5514,108b088b,017599eb,5dc21400,cccccccc
1788306605.568079,27512,7.006492321624085e-45,8.407790785948902e-45,1.401298464324817e-45,1.401298464324817e-45,1.0,0.0,0.0,0.0,0.0,0.0,0.0,1.0,0.0,0.0,0.0,0.0,0.0,0.0,0.0,0.0,0.0,0.0,0.0,0.0,1.0,0.0,1.0,0.0,0.0,0.0,0.0,0.0,0.0,0.0,0.0,0.0,1.0,0.0,0.0,0.0,0.0,0.0,0.0,0.0,0.0,0.0,0.0,0.0,0.0,0.0,0.0,0.0,0f1f8400,c1018d48,8bc1eb0c,000f1f80,00000000,8b5df48b,c8c1f905,f085148e,008b450c,008bca81,01a90000,088b04b9,f8000000,098bc1c1,e817a801,0f85e300,0facc214,f0010000,20040000,a810751b,0d83ff06,45f88b73,1f83ff06,00000006,1af6c101,07c745f0,02000000,8b45f889,45f8660f,8b45108b,058bcb8b,0000d3e0,75108078,8b4dfcc6,81582000,348b5514,108b088b,017599eb,5dc21400,cccccccc
1788306605.6687186,27512,7.006492321624085e-45,8.407790785948902e-45,1.401298464324817e-45,1.401298464324817e-45,1.0,0.0,0.0,0.0,0.0,0.0,0.0,1.0,0.0,0.0,0.0,0.0,0.0,0.0,0.0,0.0,0.0,0.0,0.0,0.0,1.0,0.0,1.0,0.0,0.0,0.0,0.0,0.0,0.0,0.0,0.0,0.0,1.0,0.0,0.0,0.0,0.0,0.0,0.0,0.0,0.0,0.0,0.0,0.0,0.0,0.0,0.0,0.0,0f1f8400,c1018d48,8bc1eb0c,000f1f80,00000000,8b5df48b,c8c1f905,f085148e,008b450c,008bca81,01a90000,088b04b9,f8000000,098bc1c1,e817a801,0f85e300,0facc214,f0010000,20040000,a810751b,0d83ff06,45f88b73,1f83ff06,00000006,1af6c101,07c745f0,02000000,8b45f889,45f8660f,8b45108b,058bcb8b,0000d3e0,75108078,8b4dfcc6,81582000,348b5514,108b088b,017599eb,5dc21400,cccccccc
1788306605.7690444,27512,7.006492321624085e-45,8.407790785948902e-45,1.401298464324817e-45,1.401298464324817e-45,1.0,0.0,0.0,0.0,0.0,0.0,0.0,1.0,0.0,0.0,0.0,0.0,0.0,0.0,0.0,0.0,0.0,0.0,0.0,0.0,1.0,0.0,1.0,0.0,0.0,0.0,0.0,0.0,0.0,0.0,0.0,0.0,1.0,0.0,0.0,0.0,0.0,0.0,0.0,0.0,0.0,0.0,0.0,0.0,0.0,0.0,0.0,0.0,0f1f8400,c1018d48,8bc1eb0c,000f1f80,00000000,8b5df48b,c8c1f905,f085148e,008b450c,008bca81,01a90000,088b04b9,f8000000,098bc1c1,e817a801,0f85e300,0facc214,f0010000,20040000,a810751b,0d83ff06,45f88b73,1f83ff06,00000006,1af6c101,07c745f0,02000000,8b45f889,45f8660f,8b45108b,058bcb8b,0000d3e0,75108078,8b4dfcc6,81582000,348b5514,108b088b,017599eb,5dc21400,cccccccc
1788306605.897952,27512,7.006492321624085e-45,8.407790785948902e-45,1.401298464324817e-45,1.401298464324817e-45,1.0,0.0,0.0,0.0,0.0,0.0,0.0,1.0,0.0,0.0,0.0,0.0,0.0,0.0,0.0,0.0,0.0,0.0,0.0,0.0,1.0,0.0,1.0,0.0,0.0,0.0,0.0,0.0,0.0,0.0,0.0,0.0,1.0,0.0,0.0,0.0,0.0,0.0,0.0,0.0,0.0,0.0,0.0,0.0,0.0,0.0,0.0,0.0,0f1f8400,c1018d48,8bc1eb0c,000f1f80,00000000,8b5df48b,c8c1f905,f085148e,008b450c,008bca81,01a90000,088b04b9,f8000000,098bc1c1,e817a801,0f85e300,0facc214,f0010000,20040000,a810751b,0d83ff06,45f88b73,1f83ff06,00000006,1af6c101,07c745f0,02000000,8b45f889,45f8660f,8b45108b,058bcb8b,0000d3e0,75108078,8b4dfcc6,81582000,348b5514,108b088b,017599eb,5dc21400,cccccccc
1788306605.998737,27512,7.006492321624085e-45,8.407790785948902e-45,1.401298464324817e-45,1.401298464324817e-45,1.0,0.0,0.0,0.0,0.0,0.0,0.0,1.0,0.0,0.0,0.0,0.0,0.0,0.0,0.0,0.0,0.0,0.0,0.0,0.0,1.0,0.0,1.0,0.0,0.0,0.0,0.0,0.0,0.0,0.0,0.0,0.0,1.0,0.0,0.0,0.0,0.0,0.0,0.0,0.0,0.0,0.0,0.0,0.0,0.0,0.0,0.0,0.0,0f1f8400,c1018d48,8bc1eb0c,000f1f80,00000000,8b5df48b,c8c1f905,f085148e,008b450c,008bca81,01a90000,088b04b9,f8000000,098bc1c1,e817a801,0f85e300,0facc214,f0010000,20040000,a810751b,0d83ff06,45f88b73,1f83ff06,00000006,1af6c101,07c745f0,02000000,8b45f889,45f8660f,8b45108b,058bcb8b,0000d3e0,75108078,8b4dfcc6,81582000,348b5514,108b088b,017599eb,5dc21400,cccccccc
1788306606.0992534,27512,7.006492321624085e-45,8.407790785948902e-45,1.401298464324817e-45,1.401298464324817e-45,1.0,0.0,0.0,0.0,0.0,0.0,0.0,1.0,0.0,0.0,0.0,0.0,0.0,0.0,0.0,0.0,0.0,0.0,0.0,0.0,1.0,0.0,1.0,0.0,0.0,0.0,0.0,0.0,0.0,0.0,0.0,0.0,1.0,0.0,0.0,0.0,0.0,0.0,0.0,0.0,0.0,0.0,0.0,0.0,0.0,0.0,0.0,0.0,0f1f8400,c1018d48,8bc1eb0c,000f1f80,00000000,8b5df48b,c8c1f905,f085148e,008b450c,008bca81,01a90000,088b04b9,f8000000,098bc1c1,e817a801,0f85e300,0facc214,f0010000,20040000,a810751b,0d83ff06,45f88b73,1f83ff06,00000006,1af6c101,07c745f0,02000000,8b45f889,45f8660f,8b45108b,058bcb8b,0000d3e0,75108078,8b4dfcc6,81582000,348b5514,108b088b,017599eb,5dc21400,cccccccc
1788306606.2005317,27512,7.006492321624085e-45,8.407790785948902e-45,1.401298464324817e-45,1.401298464324817e-45,1.0,0.0,0.0,0.0,0.0,0.0,0.0,1.0,0.0,0.0,0.0,0.0,0.0,0.0,0.0,0.0,0.0,0.0,0.0,0.0,1.0,0.0,1.0,0.0,0.0,0.0,0.0,0.0,0.0,0.0,0.0,0.0,1.0,0.0,0.0,0.0,0.0,0.0,0.0,0.0,0.0,0.0,0.0,0.0,0.0,0.0,0.0,0.0,0f1f8400,c1018d48,8bc1eb0c,000f1f80,00000000,8b5df48b,c8c1f905,f085148e,008b450c,008bca81,01a90000,088b04b9,f8000000,098bc1c1,e817a801,0f85e300,0facc214,f0010000,20040000,a810751b,0d83ff06,45f88b73,1f83ff06,00000006,1af6c101,07c745f0,02000000,8b45f889,45f8660f,8b45108b,058bcb8b,0000d3e0,75108078,8b4dfcc6,81582000,348b5514,108b088b,017599eb,5dc21400,cccccccc
1788306606.3014884,27512,7.006492321624085e-45,8.407790785948902e-45,1.401298464324817e-45,1.401298464324817e-45,1.0,0.0,0.0,0.0,0.0,0.0,0.0,1.0,0.0,0.0,0.0,0.0,0.0,0.0,0.0,0.0,0.0,0.0,0.0,0.0,1.0,0.0,1.0,0.0,0.0,0.0,0.0,0.0,0.0,0.0,0.0,0.0,1.0,0.0,0.0,0.0,0.0,0.0,0.0,0.0,0.0,0.0,0.0,0.0,0.0,0.0,0.0,0.0,0f1f8400,c1018d48,8bc1eb0c,000f1f80,00000000,8b5df48b,c8c1f905,f085148e,008b450c,008bca81,01a90000,088b04b9,f8000000,098bc1c1,e817a801,0f85e300,0facc214,f0010000,20040000,a810751b,0d83ff06,45f88b73,1f83ff06,00000006,1af6c101,07c745f0,02000000,8b45f889,45f8660f,8b45108b,058bcb8b,0000d3e0,75108078,8b4dfcc6,81582000,348b5514,108b088b,017599eb,5dc21400,cccccccc
1788306606.4020526,27512,7.006492321624085e-45,8.407790785948902e-45,1.401298464324817e-45,1.401298464324817e-45,1.0,0.0,0.0,0.0,0.0,0.0,0.0,1.0,0.0,0.0,0.0,0.0,0.0,0.0,0.0,0.0,0.0,0.0,0.0,0.0,1.0,0.0,1.0,0.0,0.0,0.0,0.0,0.0,0.0,0.0,0.0,0.0,1.0,0.0,0.0,0.0,0.0,0.0,0.0,0.0,0.0,0.0,0.0,0.0,0.0,0.0,0.0,0.0,0f1f8400,c1018d48,8bc1eb0c,000f1f80,00000000,8b5df48b,c8c1f905,f085148e,008b450c,008bca81,01a90000,088b04b9,f8000000,098bc1c1,e817a801,0f85e300,0facc214,f0010000,20040000,a810751b,0d83ff06,45f88b73,1f83ff06,00000006,1af6c101,07c745f0,02000000,8b45f889,45f8660f,8b45108b,058bcb8b,0000d3e0,75108078,8b4dfcc6,81582000,348b5514,108b088b,017599eb,5dc21400,cccccccc
1788306606.5024009,27512,7.006492321624085e-45,8.407790785948902e-45,1.401298464324817e-45,1.401298464324817e-45,1.0,0.0,0.0,0.0,0.0,0.0,0.0,1.0,0.0,0.0,0.0,0.0,0.0,0.0,0.0,0.0,0.0,0.0,0.0,0.0,1.0,0.0,1.0,0.0,0.0,0.0,0.0,0.0,0.0,0.0,0.0,0.0,1.0,0.0,0.0,0.0,0.0,0.0,0.0,0.0,0.0,0.0,0.0,0.0,0.0,0.0,0.0,0.0,0f1f8400,c1018d48,8bc1eb0c,000f1f80,00000000,8b5df48b,c8c1f905,f085148e,008b450c,008bca81,01a90000,088b04b9,f8000000,098bc1c1,e817a801,0f85e300,0facc214,f0010000,20040000,a810751b,0d83ff06,45f88b73,1f83ff06,00000006,1af6c101,07c745f0,02000000,8b45f889,45f8660f,8b45108b,058bcb8b,0000d3e0,75108078,8b4dfcc6,81582000,348b5514,108b088b,017599eb,5dc21400,cccccccc
1788306606.6031356,27512,7.006492321624085e-45,8.407790785948902e-45,1.401298464324817e-45,1.401298464324817e-45,1.0,0.0,0.0,0.0,0.0,0.0,0.0,1.0,0.0,0.0,0.0,0.0,0.0,0.0,0.0,0.0,0.0,0.0,0.0,0.0,1.0,0.0,1.0,0.0,0.0,0.0,0.0,0.0,0.0,0.0,0.0,0.0,1.0,0.0,0.0,0.0,0.0,0.0,0.0,0.0,0.0,0.0,0.0,0.0,0.0,0.0,0.0,0.0,0f1f8400,c1018d48,8bc1eb0c,000f1f80,00000000,8b5df48b,c8c1f905,f085148e,008b450c,008bca81,01a90000,088b04b9,f8000000,098bc1c1,e817a801,0f85e300,0facc214,f0010000,20040000,a810751b,0d83ff06,45f88b73,1f83ff06,00000006,1af6c101,07c745f0,02000000,8b45f889,45f8660f,8b45108b,058bcb8b,0000d3e0,75108078,8b4dfcc6,81582000,348b5514,108b088b,017599eb,5dc21400,cccccccc
1788306606.7035558,27512,7.006492321624085e-45,8.407790785948902e-45,1.401298464324817e-45,1.401298464324817e-45,1.0,0.0,0.0,0.0,0.0,0.0,0.0,1.0,0.0,0.0,0.0,0.0,0.0,0.0,0.0,0.0,0.0,0.0,0.0,0.0,1.0,0.0,1.0,0.0,0.0,0.0,0.0,0.0,0.0,0.0,0.0,0.0,1.0,0.0,0.0,0.0,0.0,0.0,0.0,0.0,0.0,0.0,0.0,0.0,0.0,0.0,0.0,0.0,0f1f8400,c1018d48,8bc1eb0c,000f1f80,00000000,8b5df48b,c8c1f905,f085148e,008b450c,008bca81,01a90000,088b04b9,f8000000,098bc1c1,e817a801,0f85e300,0facc214,f0010000,20040000,a810751b,0d83ff06,45f88b73,1f83ff06,00000006,1af6c101,07c745f0,02000000,8b45f889,45f8660f,8b45108b,058bcb8b,0000d3e0,75108078,8b4dfcc6,81582000,348b5514,108b088b,017599eb,5dc21400,cccccccc
1788306606.8045015,27512,7.006492321624085e-45,8.407790785948902e-45,1.401298464324817e-45,1.401298464324817e-45,1.0,0.0,0.0,0.0,0.0,0.0,0.0,1.0,0.0,0.0,0.0,0.0,0.0,0.0,0.0,0.0,0.0,0.0,0.0,0.0,1.0,0.0,1.0,0.0,0.0,0.0,0.0,0.0,0.0,0.0,0.0,0.0,1.0,0.0,0.0,0.0,0.0,0.0,0.0,0.0,0.0,0.0,0.0,0.0,0.0,0.0,0.0,0.0,0f1f8400,c1018d48,8bc1eb0c,000f1f80,00000000,8b5df48b,c8c1f905,f085148e,008b450c,008bca81,01a90000,088b04b9,f8000000,098bc1c1,e817a801,0f85e300,0facc214,f0010000,20040000,a810751b,0d83ff06,45f88b73,1f83ff06,00000006,1af6c101,07c745f0,02000000,8b45f889,45f8660f,8b45108b,058bcb8b,0000d3e0,75108078,8b4dfcc6,81582000,348b5514,108b088b,017599eb,5dc21400,cccccccc
1788306606.905197,27512,7.006492321624085e-45,8.407790785948902e-45,1.401298464324817e-45,1.401298464324817e-45,1.0,0.0,0.0,0.0,0.0,0.0,0.0,1.0,0.0,0.0,0.0,0.0,0.0,0.0,0.0,0.0,0.0,0.0,0.0,0.0,1.0,0.0,1.0,0.0,0.0,0.0,0.0,0.0,0.0,0.0,0.0,0.0,1.0,0.0,0.0,0.0,0.0,0.0,0.0,0.0,0.0,0.0,0.0,0.0,0.0,0.0,0.0,0.0,0f1f8400,c1018d48,8bc1eb0c,000f1f80,00000000,8b5df48b,c8c1f905,f085148e,008b450c,008bca81,01a90000,088b04b9,f8000000,098bc1c1,e817a801,0f85e300,0facc214,f0010000,20040000,a810751b,0d83ff06,45f88b73,1f83ff06,00000006,1af6c101,07c745f0,02000000,8b45f889,45f8660f,8b45108b,058bcb8b,0000d3e0,75108078,8b4dfcc6,81582000,348b5514,108b088b,017599eb,5dc21400,cccccccc
1788306607.0063012,27512,7.006492321624085e-45,8.407790785948902e-45,1.401298464324817e-45,1.401298464324817e-45,1.0,0.0,0.0,0.0,0.0,0.0,0.0,1.0,0.0,0.0,0.0,0.0,0.0,0.0,0.0,0.0,0.0,0.0,0.0,0.0,1.0,0.0,1.0,0.0,0.0,0.0,0.0,0.0,0.0,0.0,0.0,0.0,1.0,0.0,0.0,0.0,0.0,0.0,0.0,0.0,0.0,0.0,0.0,0.0,0.0,0.0,0.0,0.0,0f1f8400,c1018d48,8bc1eb0c,000f1f80,00000000,8b5df48b,c8c1f905,f085148e,008b450c,008bca81,01a90000,088b04b9,f8000000,098bc1c1,e817a801,0f85e300,0facc214,f0010000,20040000,a810751b,0d83ff06,45f88b73,1f83ff06,00000006,1af6c101,07c745f0,02000000,8b45f889,45f8660f,8b45108b,058bcb8b,0000d3e0,75108078,8b4dfcc6,81582000,348b5514,108b088b,017599eb,5dc21400,cccccccc
1788306607.107009,27512,7.006492321624085e-45,8.407790785948902e-45,1.401298464324817e-45,1.401298464324817e-45,1.0,0.0,0.0,0.0,0.0,0.0,0.0,1.0,0.0,0.0,0.0,0.0,0.0,0.0,0.0,0.0,0.0,0.0,0.0,0.0,1.0,0.0,1.0,0.0,0.0,0.0,0.0,0.0,0.0,0.0,0.0,0.0,1.0,0.0,0.0,0.0,0.0,0.0,0.0,0.0,0.0,0.0,0.0,0.0,0.0,0.0,0.0,0.0,0f1f8400,c1018d48,8bc1eb0c,000f1f80,00000000,8b5df48b,c8c1f905,f085148e,008b450c,008bca81,01a90000,088b04b9,f8000000,098bc1c1,e817a801,0f85e300,0facc214,f0010000,20040000,a810751b,0d83ff06,45f88b73,1f83ff06,00000006,1af6c101,07c745f0,02000000,8b45f889,45f8660f,8b45108b,058bcb8b,0000d3e0,75108078,8b4dfcc6,81582000,348b5514,108b088b,017599eb,5dc21400,cccccccc
1788306607.2078292,27512,7.006492321624085e-45,8.407790785948902e-45,1.401298464324817e-45,1.401298464324817e-45,1.0,0.0,0.0,0.0,0.0,0.0,0.0,1.0,0.0,0.0,0.0,0.0,0.0,0.0,0.0,0.0,0.0,0.0,0.0,0.0,1.0,0.0,1.0,0.0,0.0,0.0,0.0,0.0,0.0,0.0,0.0,0.0,1.0,0.0,0.0,0.0,0.0,0.0,0.0,0.0,0.0,0.0,0.0,0.0,0.0,0.0,0.0,0.0,0f1f8400,c1018d48,8bc1eb0c,000f1f80,00000000,8b5df48b,c8c1f905,f085148e,008b450c,008bca81,01a90000,088b04b9,f8000000,098bc1c1,e817a801,0f85e300,0facc214,f0010000,20040000,a810751b,0d83ff06,45f88b73,1f83ff06,00000006,1af6c101,07c745f0,02000000,8b45f889,45f8660f,8b45108b,058bcb8b,0000d3e0,75108078,8b4dfcc6,81582000,348b5514,108b088b,017599eb,5dc21400,cccccccc
1788306607.3086877,27512,7.006492321624085e-45,8.407790785948902e-45,1.401298464324817e-45,1.401298464324817e-45,1.0,0.0,0.0,0.0,0.0,0.0,0.0,1.0,0.0,0.0,0.0,0.0,0.0,0.0,0.0,0.0,0.0,0.0,0.0,0.0,1.0,0.0,1.0,0.0,0.0,0.0,0.0,0.0,0.0,0.0,0.0,0.0,1.0,0.0,0.0,0.0,0.0,0.0,0.0,0.0,0.0,0.0,0.0,0.0,0.0,0.0,0.0,0.0,0f1f8400,c1018d48,8bc1eb0c,000f1f80,00000000,8b5df48b,c8c1f905,f085148e,008b450c,008bca81,01a90000,088b04b9,f8000000,098bc1c1,e817a801,0f85e300,0facc214,f0010000,20040000,a810751b,0d83ff06,45f88b73,1f83ff06,00000006,1af6c101,07c745f0,02000000,8b45f889,45f8660f,8b45108b,058bcb8b,0000d3e0,75108078,8b4dfcc6,81582000,348b5514,108b088b,017599eb,5dc21400,cccccccc
1788306607.409353,27512,7.006492321624085e-45,8.407790785948902e-45,1.401298464324817e-45,1.401298464324817e-45,1.0,0.0,0.0,0.0,0.0,0.0,0.0,1.0,0.0,0.0,0.0,0.0,0.0,0.0,0.0,0.0,0.0,0.0,0.0,0.0,1.0,0.0,1.0,0.0,0.0,0.0,0.0,0.0,0.0,0.0,0.0,0.0,1.0,0.0,0.0,0.0,0.0,0.0,0.0,0.0,0.0,0.0,0.0,0.0,0.0,0.0,0.0,0.0,0f1f8400,c1018d48,8bc1eb0c,000f1f80,00000000,8b5df48b,c8c1f905,f085148e,008b450c,008bca81,01a90000,088b04b9,f8000000,098bc1c1,e817a801,0f85e300,0facc214,f0010000,20040000,a810751b,0d83ff06,45f88b73,1f83ff06,00000006,1af6c101,07c745f0,02000000,8b45f889,45f8660f,8b45108b,058bcb8b,0000d3e0,75108078,8b4dfcc6,81582000,348b5514,108b088b,017599eb,5dc21400,cccccccc
1788306607.5106041,27512,7.006492321624085e-45,8.407790785948902e-45,1.401298464324817e-45,1.401298464324817e-45,1.0,0.0,0.0,0.0,0.0,0.0,0.0,1.0,0.0,0.0,0.0,0.0,0.0,0.0,0.0,0.0,0.0,0.0,0.0,0.0,1.0,0.0,1.0,0.0,0.0,0.0,0.0,0.0,0.0,0.0,0.0,0.0,1.0,0.0,0.0,0.0,0.0,0.0,0.0,0.0,0.0,0.0,0.0,0.0,0.0,0.0,0.0,0.0,0f1f8400,c1018d48,8bc1eb0c,000f1f80,00000000,8b5df48b,c8c1f905,f085148e,008b450c,008bca81,01a90000,088b04b9,f8000000,098bc1c1,e817a801,0f85e300,0facc214,f0010000,20040000,a810751b,0d83ff06,45f88b73,1f83ff06,00000006,1af6c101,07c745f0,02000000,8b45f889,45f8660f,8b45108b,058bcb8b,0000d3e0,75108078,8b4dfcc6,81582000,348b5514,108b088b,017599eb,5dc21400,cccccccc
1788306607.6114101,27512,7.006492321624085e-45,8.407790785948902e-45,1.401298464324817e-45,1.401298464324817e-45,1.0,0.0,0.0,0.0,0.0,0.0,0.0,1.0,0.0,0.0,0.0,0.0,0.0,0.0,0.0,0.0,0.0,0.0,0.0,0.0,1.0,0.0,1.0,0.0,0.0,0.0,0.0,0.0,0.0,0.0,0.0,0.0,1.0,0.0,0.0,0.0,0.0,0.0,0.0,0.0,0.0,0.0,0.0,0.0,0.0,0.0,0.0,0.0,0f1f8400,c1018d48,8bc1eb0c,000f1f80,00000000,8b5df48b,c8c1f905,f085148e,008b450c,008bca81,01a90000,088b04b9,f8000000,098bc1c1,e817a801,0f85e300,0facc214,f0010000,20040000,a810751b,0d83ff06,45f88b73,1f83ff06,00000006,1af6c101,07c745f0,02000000,8b45f889,45f8660f,8b45108b,058bcb8b,0000d3e0,75108078,8b4dfcc6,81582000,348b5514,108b088b,017599eb,5dc21400,cccccccc
1788306607.7122793,27512,7.006492321624085e-45,8.407790785948902e-45,1.401298464324817e-45,1.401298464324817e-45,1.0,0.0,0.0,0.0,0.0,0.0,0.0,1.0,0.0,0.0,0.0,0.0,0.0,0.0,0.0,0.0,0.0,0.0,0.0,0.0,1.0,0.0,1.0,0.0,0.0,0.0,0.0,0.0,0.0,0.0,0.0,0.0,1.0,0.0,0.0,0.0,0.0,0.0,0.0,0.0,0.0,0.0,0.0,0.0,0.0,0.0,0.0,0.0,0f1f8400,c1018d48,8bc1eb0c,000f1f80,00000000,8b5df48b,c8c1f905,f085148e,008b450c,008bca81,01a90000,088b04b9,f8000000,098bc1c1,e817a801,0f85e300,0facc214,f0010000,20040000,a810751b,0d83ff06,45f88b73,1f83ff06,00000006,1af6c101,07c745f0,02000000,8b45f889,45f8660f,8b45108b,058bcb8b,0000d3e0,75108078,8b4dfcc6,81582000,348b5514,108b088b,017599eb,5dc21400,cccccccc
1788306607.813281,27512,7.006492321624085e-45,8.407790785948902e-45,1.401298464324817e-45,1.401298464324817e-45,1.0,0.0,0.0,0.0,0.0,0.0,0.0,1.0,0.0,0.0,0.0,0.0,0.0,0.0,0.0,0.0,0.0,0.0,0.0,0.0,1.0,0.0,1.0,0.0,0.0,0.0,0.0,0.0,0.0,0.0,0.0,0.0,1.0,0.0,0.0,0.0,0.0,0.0,0.0,0.0,0.0,0.0,0.0,0.0,0.0,0.0,0.0,0.0,0f1f8400,c1018d48,8bc1eb0c,000f1f80,00000000,8b5df48b,c8c1f905,f085148e,008b450c,008bca81,01a90000,088b04b9,f8000000,098bc1c1,e817a801,0f85e300,0facc214,f0010000,20040000,a810751b,0d83ff06,45f88b73,1f83ff06,00000006,1af6c101,07c745f0,02000000,8b45f889,45f8660f,8b45108b,058bcb8b,0000d3e0,75108078,8b4dfcc6,81582000,348b5514,108b088b,017599eb,5dc21400,cccccccc
1788306607.9139369,27512,7.006492321624085e-45,8.407790785948902e-45,1.401298464324817e-45,1.401298464324817e-45,1.0,0.0,0.0,0.0,0.0,0.0,0.0,1.0,0.0,0.0,0.0,0.0,0.0,0.0,0.0,0.0,0.0,0.0,0.0,0.0,1.0,0.0,1.0,0.0,0.0,0.0,0.0,0.0,0.0,0.0,0.0,0.0,1.0,0.0,0.0,0.0,0.0,0.0,0.0,0.0,0.0,0.0,0.0,0.0,0.0,0.0,0.0,0.0,0f1f8400,c1018d48,8bc1eb0c,000f1f80,00000000,8b5df48b,c8c1f905,f085148e,008b450c,008bca81,01a90000,088b04b9,f8000000,098bc1c1,e817a801,0f85e300,0facc214,f0010000,20040000,a810751b,0d83ff06,45f88b73,1f83ff06,00000006,1af6c101,07c745f0,02000000,8b45f889,45f8660f,8b45108b,058bcb8b,0000d3e0,75108078,8b4dfcc6,81582000,348b5514,108b088b,017599eb,5dc21400,cccccccc
1788306608.0143163,27512,7.006492321624085e-45,8.407790785948902e-45,1.401298464324817e-45,1.401298464324817e-45,1.0,0.0,0.0,0.0,0.0,0.0,0.0,1.0,0.0,0.0,0.0,0.0,0.0,0.0,0.0,0.0,0.0,0.0,0.0,0.0,1.0,0.0,1.0,0.0,0.0,0.0,0.0,0.0,0.0,0.0,0.0,0.0,1.0,0.0,0.0,0.0,0.0,0.0,0.0,0.0,0.0,0.0,0.0,0.0,0.0,0.0,0.0,0.0,0f1f8400,c1018d48,8bc1eb0c,000f1f80,00000000,8b5df48b,c8c1f905,f085148e,008b450c,008bca81,01a90000,088b04b9,f8000000,098bc1c1,e817a801,0f85e300,0facc214,f0010000,20040000,a810751b,0d83ff06,45f88b73,1f83ff06,00000006,1af6c101,07c745f0,02000000,8b45f889,45f8660f,8b45108b,058bcb8b,0000d3e0,75108078,8b4dfcc6,81582000,348b5514,108b088b,017599eb,5dc21400,cccccccc
1788306608.1148233,27512,7.006492321624085e-45,8.407790785948902e-45,1.401298464324817e-45,1.401298464324817e-45,1.0,0.0,0.0,0.0,0.0,0.0,0.0,1.0,0.0,0.0,0.0,0.0,0.0,0.0,0.0,0.0,0.0,0.0,0.0,0.0,1.0,0.0,1.0,0.0,0.0,0.0,0.0,0.0,0.0,0.0,0.0,0.0,1.0,0.0,0.0,0.0,0.0,0.0,0.0,0.0,0.0,0.0,0.0,0.0,0.0,0.0,0.0,0.0,0f1f8400,c1018d48,8bc1eb0c,000f1f80,00000000,8b5df48b,c8c1f905,f085148e,008b450c,008bca81,01a90000,088b04b9,f8000000,098bc1c1,e817a801,0f85e300,0facc214,f0010000,20040000,a810751b,0d83ff06,45f88b73,1f83ff06,00000006,1af6c101,07c745f0,02000000,8b45f889,45f8660f,8b45108b,058bcb8b,0000d3e0,75108078,8b4dfcc6,81582000,348b5514,108b088b,017599eb,5dc21400,cccccccc
1788306608.2157185,27512,7.006492321624085e-45,8.407790785948902e-45,1.401298464324817e-45,1.401298464324817e-45,1.0,0.0,0.0,0.0,0.0,0.0,0.0,1.0,0.0,0.0,0.0,0.0,0.0,0.0,0.0,0.0,0.0,0.0,0.0,0.0,1.0,0.0,1.0,0.0,0.0,0.0,0.0,0.0,0.0,0.0,0.0,0.0,1.0,0.0,0.0,0.0,0.0,0.0,0.0,0.0,0.0,0.0,0.0,0.0,0.0,0.0,0.0,0.0,0f1f8400,c1018d48,8bc1eb0c,000f1f80,00000000,8b5df48b,c8c1f905,f085148e,008b450c,008bca81,01a90000,088b04b9,f8000000,098bc1c1,e817a801,0f85e300,0facc214,f0010000,20040000,a810751b,0d83ff06,45f88b73,1f83ff06,00000006,1af6c101,07c745f0,02000000,8b45f889,45f8660f,8b45108b,058bcb8b,0000d3e0,75108078,8b4dfcc6,81582000,348b5514,108b088b,017599eb,5dc21400,cccccccc
1788306608.3166656,27512,7.006492321624085e-45,8.407790785948902e-45,1.401298464324817e-45,1.401298464324817e-45,1.0,0.0,0.0,0.0,0.0,0.0,0.0,1.0,0.0,0.0,0.0,0.0,0.0,0.0,0.0,0.0,0.0,0.0,0.0,0.0,1.0,0.0,1.0,0.0,0.0,0.0,0.0,0.0,0.0,0.0,0.0,0.0,1.0,0.0,0.0,0.0,0.0,0.0,0.0,0.0,0.0,0.0,0.0,0.0,0.0,0.0,0.0,0.0,0f1f8400,c1018d48,8bc1eb0c,000f1f80,00000000,8b5df48b,c8c1f905,f085148e,008b450c,008bca81,01a90000,088b04b9,f8000000,098bc1c1,e817a801,0f85e300,0facc214,f0010000,20040000,a810751b,0d83ff06,45f88b73,1f83ff06,00000006,1af6c101,07c745f0,02000000,8b45f889,45f8660f,8b45108b,058bcb8b,0000d3e0,75108078,8b4dfcc6,81582000,348b5514,108b088b,017599eb,5dc21400,cccccccc
1788306608.4177372,27512,7.006492321624085e-45,8.407790785948902e-45,1.401298464324817e-45,1.401298464324817e-45,1.0,0.0,0.0,0.0,0.0,0.0,0.0,1.0,0.0,0.0,0.0,0.0,0.0,0.0,0.0,0.0,0.0,0.0,0.0,0.0,1.0,0.0,1.0,0.0,0.0,0.0,0.0,0.0,0.0,0.0,0.0,0.0,1.0,0.0,0.0,0.0,0.0,0.0,0.0,0.0,0.0,0.0,0.0,0.0,0.0,0.0,0.0,0.0,0f1f8400,c1018d48,8bc1eb0c,000f1f80,00000000,8b5df48b,c8c1f905,f085148e,008b450c,008bca81,01a90000,088b04b9,f8000000,098bc1c1,e817a801,0f85e300,0facc214,f0010000,20040000,a810751b,0d83ff06,45f88b73,1f83ff06,00000006,1af6c101,07c745f0,02000000,8b45f889,45f8660f,8b45108b,058bcb8b,0000d3e0,75108078,8b4dfcc6,81582000,348b5514,108b088b,017599eb,5dc21400,cccccccc
1788306608.518233,27512,7.006492321624085e-45,8.407790785948902e-45,1.401298464324817e-45,1.401298464324817e-45,1.0,0.0,0.0,0.0,0.0,0.0,0.0,1.0,0.0,0.0,0.0,0.0,0.0,0.0,0.0,0.0,0.0,0.0,0.0,0.0,1.0,0.0,1.0,0.0,0.0,0.0,0.0,0.0,0.0,0.0,0.0,0.0,1.0,0.0,0.0,0.0,0.0,0.0,0.0,0.0,0.0,0.0,0.0,0.0,0.0,0.0,0.0,0.0,0f1f8400,c1018d48,8bc1eb0c,000f1f80,00000000,8b5df48b,c8c1f905,f085148e,008b450c,008bca81,01a90000,088b04b9,f8000000,098bc1c1,e817a801,0f85e300,0facc214,f0010000,20040000,a810751b,0d83ff06,45f88b73,1f83ff06,00000006,1af6c101,07c745f0,02000000,8b45f889,45f8660f,8b45108b,058bcb8b,0000d3e0,75108078,8b4dfcc6,81582000,348b5514,108b088b,017599eb,5dc21400,cccccccc
1788306608.6189876,27512,7.006492321624085e-45,8.407790785948902e-45,1.401298464324817e-45,1.401298464324817e-45,1.0,0.0,0.0,0.0,0.0,0.0,0.0,1.0,0.0,0.0,0.0,0.0,0.0,0.0,0.0,0.0,0.0,0.0,0.0,0.0,1.0,0.0,1.0,0.0,0.0,0.0,0.0,0.0,0.0,0.0,0.0,0.0,1.0,0.0,0.0,0.0,0.0,0.0,0.0,0.0,0.0,0.0,0.0,0.0,0.0,0.0,0.0,0.0,0f1f8400,c1018d48,8bc1eb0c,000f1f80,00000000,8b5df48b,c8c1f905,f085148e,008b450c,008bca81,01a90000,088b04b9,f8000000,098bc1c1,e817a801,0f85e300,0facc214,f0010000,20040000,a810751b,0d83ff06,45f88b73,1f83ff06,00000006,1af6c101,07c745f0,02000000,8b45f889,45f8660f,8b45108b,058bcb8b,0000d3e0,75108078,8b4dfcc6,81582000,348b5514,108b088b,017599eb,5dc21400,cccccccc
1788306608.719697,27512,7.006492321624085e-45,8.407790785948902e-45,1.401298464324817e-45,1.401298464324817e-45,1.0,0.0,0.0,0.0,0.0,0.0,0.0,1.0,0.0,0.0,0.0,0.0,0.0,0.0,0.0,0.0,0.0,0.0,0.0,0.0,1.0,0.0,1.0,0.0,0.0,0.0,0.0,0.0,0.0,0.0,0.0,0.0,1.0,0.0,0.0,0.0,0.0,0.0,0.0,0.0,0.0,0.0,0.0,0.0,0.0,0.0,0.0,0.0,0f1f8400,c1018d48,8bc1eb0c,000f1f80,00000000,8b5df48b,c8c1f905,f085148e,008b450c,008bca81,01a90000,088b04b9,f8000000,098bc1c1,e817a801,0f85e300,0facc214,f0010000,20040000,a810751b,0d83ff06,45f88b73,1f83ff06,00000006,1af6c101,07c745f0,02000000,8b45f889,45f8660f,8b45108b,058bcb8b,0000d3e0,75108078,8b4dfcc6,81582000,348b5514,108b088b,017599eb,5dc21400,cccccccc
1788306608.8201184,27512,7.006492321624085e-45,8.407790785948902e-45,1.401298464324817e-45,1.401298464324817e-45,1.0,0.0,0.0,0.0,0.0,0.0,0.0,1.0,0.0,0.0,0.0,0.0,0.0,0.0,0.0,0.0,0.0,0.0,0.0,0.0,1.0,0.0,1.0,0.0,0.0,0.0,0.0,0.0,0.0,0.0,0.0,0.0,1.0,0.0,0.0,0.0,0.0,0.0,0.0,0.0,0.0,0.0,0.0,0.0,0.0,0.0,0.0,0.0,0f1f8400,c1018d48,8bc1eb0c,000f1f80,00000000,8b5df48b,c8c1f905,f085148e,008b450c,008bca81,01a90000,088b04b9,f8000000,098bc1c1,e817a801,0f85e300,0facc214,f0010000,20040000,a810751b,0d83ff06,45f88b73,1f83ff06,00000006,1af6c101,07c745f0,02000000,8b45f889,45f8660f,8b45108b,058bcb8b,0000d3e0,75108078,8b4dfcc6,81582000,348b5514,108b088b,017599eb,5dc21400,cccccccc
1788306608.9209206,27512,7.006492321624085e-45,8.407790785948902e-45,1.401298464324817e-45,1.401298464324817e-45,1.0,0.0,0.0,0.0,0.0,0.0,0.0,1.0,0.0,0.0,0.0,0.0,0.0,0.0,0.0,0.0,0.0,0.0,0.0,0.0,1.0,0.0,1.0,0.0,0.0,0.0,0.0,0.0,0.0,0.0,0.0,0.0,1.0,0.0,0.0,0.0,0.0,0.0,0.0,0.0,0.0,0.0,0.0,0.0,0.0,0.0,0.0,0.0,0f1f8400,c1018d48,8bc1eb0c,000f1f80,00000000,8b5df48b,c8c1f905,f085148e,008b450c,008bca81,01a90000,088b04b9,f8000000,098bc1c1,e817a801,0f85e300,0facc214,f0010000,20040000,a810751b,0d83ff06,45f88b73,1f83ff06,00000006,1af6c101,07c745f0,02000000,8b45f889,45f8660f,8b45108b,058bcb8b,0000d3e0,75108078,8b4dfcc6,81582000,348b5514,108b088b,017599eb,5dc21400,cccccccc
1788306609.0214896,27512,7.006492321624085e-45,8.407790785948902e-45,1.401298464324817e-45,1.401298464324817e-45,1.0,0.0,0.0,0.0,0.0,0.0,0.0,1.0,0.0,0.0,0.0,0.0,0.0,0.0,0.0,0.0,0.0,0.0,0.0,0.0,1.0,0.0,1.0,0.0,0.0,0.0,0.0,0.0,0.0,0.0,0.0,0.0,1.0,0.0,0.0,0.0,0.0,0.0,0.0,0.0,0.0,0.0,0.0,0.0,0.0,0.0,0.0,0.0,0f1f8400,c1018d48,8bc1eb0c,000f1f80,00000000,8b5df48b,c8c1f905,f085148e,008b450c,008bca81,01a90000,088b04b9,f8000000,098bc1c1,e817a801,0f85e300,0facc214,f0010000,20040000,a810751b,0d83ff06,45f88b73,1f83ff06,00000006,1af6c101,07c745f0,02000000,8b45f889,45f8660f,8b45108b,058bcb8b,0000d3e0,75108078,8b4dfcc6,81582000,348b5514,108b088b,017599eb,5dc21400,cccccccc
1788306609.1221,27512,7.006492321624085e-45,8.407790785948902e-45,1.401298464324817e-45,1.401298464324817e-45,1.0,0.0,0.0,0.0,0.0,0.0,0.0,1.0,0.0,0.0,0.0,0.0,0.0,0.0,0.0,0.0,0.0,0.0,0.0,0.0,1.0,0.0,1.0,0.0,0.0,0.0,0.0,0.0,0.0,0.0,0.0,0.0,1.0,0.0,0.0,0.0,0.0,0.0,0.0,0.0,0.0,0.0,0.0,0.0,0.0,0.0,0.0,0.0,0f1f8400,c1018d48,8bc1eb0c,000f1f80,00000000,8b5df48b,c8c1f905,f085148e,008b450c,008bca81,01a90000,088b04b9,f8000000,098bc1c1,e817a801,0f85e300,0facc214,f0010000,20040000,a810751b,0d83ff06,45f88b73,1f83ff06,00000006,1af6c101,07c745f0,02000000,8b45f889,45f8660f,8b45108b,058bcb8b,0000d3e0,75108078,8b4dfcc6,81582000,348b5514,108b088b,017599eb,5dc21400,cccccccc
1788306609.22448,27512,7.006492321624085e-45,8.407790785948902e-45,1.401298464324817e-45,1.401298464324817e-45,1.0,0.0,0.0,0.0,0.0,0.0,0.0,1.0,0.0,0.0,0.0,0.0,0.0,0.0,0.0,0.0,0.0,0.0,0.0,0.0,1.0,0.0,1.0,0.0,0.0,0.0,0.0,0.0,0.0,0.0,0.0,0.0,1.0,0.0,0.0,0.0,0.0,0.0,0.0,0.0,0.0,0.0,0.0,0.0,0.0,0.0,0.0,0.0,0f1f8400,c1018d48,8bc1eb0c,000f1f80,00000000,8b5df48b,c8c1f905,f085148e,008b450c,008bca81,01a90000,088b04b9,f8000000,098bc1c1,e817a801,0f85e300,0facc214,f0010000,20040000,a810751b,0d83ff06,45f88b73,1f83ff06,00000006,1af6c101,07c745f0,02000000,8b45f889,45f8660f,8b45108b,058bcb8b,0000d3e0,75108078,8b4dfcc6,81582000,348b5514,108b088b,017599eb,5dc21400,cccccccc
1788306609.3253224,27512,7.006492321624085e-45,8.407790785948902e-45,1.401298464324817e-45,1.401298464324817e-45,1.0,0.0,0.0,0.0,0.0,0.0,0.0,1.0,0.0,0.0,0.0,0.0,0.0,0.0,0.0,0.0,0.0,0.0,0.0,0.0,1.0,0.0,1.0,0.0,0.0,0.0,0.0,0.0,0.0,0.0,0.0,0.0,1.0,0.0,0.0,0.0,0.0,0.0,0.0,0.0,0.0,0.0,0.0,0.0,0.0,0.0,0.0,0.0,0f1f8400,c1018d48,8bc1eb0c,000f1f80,00000000,8b5df48b,c8c1f905,f085148e,008b450c,008bca81,01a90000,088b04b9,f8000000,098bc1c1,e817a801,0f85e300,0facc214,f0010000,20040000,a810751b,0d83ff06,45f88b73,1f83ff06,00000006,1af6c101,07c745f0,02000000,8b45f889,45f8660f,8b45108b,058bcb8b,0000d3e0,75108078,8b4dfcc6,81582000,348b5514,108b088b,017599eb,5dc21400,cccccccc
1788306609.4257832,27512,7.006492321624085e-45,8.407790785948902e-45,1.401298464324817e-45,1.401298464324817e-45,1.0,0.0,0.0,0.0,0.0,0.0,0.0,1.0,0.0,0.0,0.0,0.0,0.0,0.0,0.0,0.0,0.0,0.0,0.0,0.0,1.0,0.0,1.0,0.0,0.0,0.0,0.0,0.0,0.0,0.0,0.0,0.0,1.0,0.0,0.0,0.0,0.0,0.0,0.0,0.0,0.0,0.0,0.0,0.0,0.0,0.0,0.0,0.0,0f1f8400,c1018d48,8bc1eb0c,000f1f80,00000000,8b5df48b,c8c1f905,f085148e,008b450c,008bca81,01a90000,088b04b9,f8000000,098bc1c1,e817a801,0f85e300,0facc214,f0010000,20040000,a810751b,0d83ff06,45f88b73,1f83ff06,00000006,1af6c101,07c745f0,02000000,8b45f889,45f8660f,8b45108b,058bcb8b,0000d3e0,75108078,8b4dfcc6,81582000,348b5514,108b088b,017599eb,5dc21400,cccccccc
1788306609.5263808,27512,7.006492321624085e-45,8.407790785948902e-45,1.401298464324817e-45,1.401298464324817e-45,1.0,0.0,0.0,0.0,0.0,0.0,0.0,1.0,0.0,0.0,0.0,0.0,0.0,0.0,0.0,0.0,0.0,0.0,0.0,0.0,1.0,0.0,1.0,0.0,0.0,0.0,0.0,0.0,0.0,0.0,0.0,0.0,1.0,0.0,0.0,0.0,0.0,0.0,0.0,0.0,0.0,0.0,0.0,0.0,0.0,0.0,0.0,0.0,0f1f8400,c1018d48,8bc1eb0c,000f1f80,00000000,8b5df48b,c8c1f905,f085148e,008b450c,008bca81,01a90000,088b04b9,f8000000,098bc1c1,e817a801,0f85e300,0facc214,f0010000,20040000,a810751b,0d83ff06,45f88b73,1f83ff06,00000006,1af6c101,07c745f0,02000000,8b45f889,45f8660f,8b45108b,058bcb8b,0000d3e0,75108078,8b4dfcc6,81582000,348b5514,108b088b,017599eb,5dc21400,cccccccc
1788306609.6278236,27512,7.006492321624085e-45,8.407790785948902e-45,1.401298464324817e-45,1.401298464324817e-45,1.0,0.0,0.0,0.0,0.0,0.0,0.0,1.0,0.0,0.0,0.0,0.0,0.0,0.0,0.0,0.0,0.0,0.0,0.0,0.0,1.0,0.0,1.0,0.0,0.0,0.0,0.0,0.0,0.0,0.0,0.0,0.0,1.0,0.0,0.0,0.0,0.0,0.0,0.0,0.0,0.0,0.0,0.0,0.0,0.0,0.0,0.0,0.0,0f1f8400,c1018d48,8bc1eb0c,000f1f80,00000000,8b5df48b,c8c1f905,f085148e,008b450c,008bca81,01a90000,088b04b9,f8000000,098bc1c1,e817a801,0f85e300,0facc214,f0010000,20040000,a810751b,0d83ff06,45f88b73,1f83ff06,00000006,1af6c101,07c745f0,02000000,8b45f889,45f8660f,8b45108b,058bcb8b,0000d3e0,75108078,8b4dfcc6,81582000,348b5514,108b088b,017599eb,5dc21400,cccccccc
1788306609.729391,27512,7.006492321624085e-45,8.407790785948902e-45,1.401298464324817e-45,1.401298464324817e-45,1.0,0.0,0.0,0.0,0.0,0.0,0.0,1.0,0.0,0.0,0.0,0.0,0.0,0.0,0.0,0.0,0.0,0.0,0.0,0.0,1.0,0.0,1.0,0.0,0.0,0.0,0.0,0.0,0.0,0.0,0.0,0.0,1.0,0.0,0.0,0.0,0.0,0.0,0.0,0.0,0.0,0.0,0.0,0.0,0.0,0.0,0.0,0.0,0f1f8400,c1018d48,8bc1eb0c,000f1f80,00000000,8b5df48b,c8c1f905,f085148e,008b450c,008bca81,01a90000,088b04b9,f8000000,098bc1c1,e817a801,0f85e300,0facc214,f0010000,20040000,a810751b,0d83ff06,45f88b73,1f83ff06,00000006,1af6c101,07c745f0,02000000,8b45f889,45f8660f,8b45108b,058bcb8b,0000d3e0,75108078,8b4dfcc6,81582000,348b5514,108b088b,017599eb,5dc21400,cccccccc
1788306609.8308685,27512,7.006492321624085e-45,8.407790785948902e-45,1.401298464324817e-45,1.401298464324817e-45,1.0,0.0,0.0,0.0,0.0,0.0,0.0,1.0,0.0,0.0,0.0,0.0,0.0,0.0,0.0,0.0,0.0,0.0,0.0,0.0,1.0,0.0,1.0,0.0,0.0,0.0,0.0,0.0,0.0,0.0,0.0,0.0,1.0,0.0,0.0,0.0,0.0,0.0,0.0,0.0,0.0,0.0,0.0,0.0,0.0,0.0,0.0,0.0,0f1f8400,c1018d48,8bc1eb0c,000f1f80,00000000,8b5df48b,c8c1f905,f085148e,008b450c,008bca81,01a90000,088b04b9,f8000000,098bc1c1,e817a801,0f85e300,0facc214,f0010000,20040000,a810751b,0d83ff06,45f88b73,1f83ff06,00000006,1af6c101,07c745f0,02000000,8b45f889,45f8660f,8b45108b,058bcb8b,0000d3e0,75108078,8b4dfcc6,81582000,348b5514,108b088b,017599eb,5dc21400,cccccccc
1788306609.9312687,27512,7.006492321624085e-45,8.407790785948902e-45,1.401298464324817e-45,1.401298464324817e-45,1.0,0.0,0.0,0.0,0.0,0.0,0.0,1.0,0.0,0.0,0.0,0.0,0.0,0.0,0.0,0.0,0.0,0.0,0.0,0.0,1.0,0.0,1.0,0.0,0.0,0.0,0.0,0.0,0.0,0.0,0.0,0.0,1.0,0.0,0.0,0.0,0.0,0.0,0.0,0.0,0.0,0.0,0.0,0.0,0.0,0.0,0.0,0.0,0f1f8400,c1018d48,8bc1eb0c,000f1f80,00000000,8b5df48b,c8c1f905,f085148e,008b450c,008bca81,01a90000,088b04b9,f8000000,098bc1c1,e817a801,0f85e300,0facc214,f0010000,20040000,a810751b,0d83ff06,45f88b73,1f83ff06,00000006,1af6c101,07c745f0,02000000,8b45f889,45f8660f,8b45108b,058bcb8b,0000d3e0,75108078,8b4dfcc6,81582000,348b5514,108b088b,017599eb,5dc21400,cccccccc
1788306610.0319371,27512,7.006492321624085e-45,8.407790785948902e-45,1.401298464324817e-45,1.401298464324817e-45,1.0,0.0,0.0,0.0,0.0,0.0,0.0,1.0,0.0,0.0,0.0,0.0,0.0,0.0,0.0,0.0,0.0,0.0,0.0,0.0,1.0,0.0,1.0,0.0,0.0,0.0,0.0,0.0,0.0,0.0,0.0,0.0,1.0,0.0,0.0,0.0,0.0,0.0,0.0,0.0,0.0,0.0,0.0,0.0,0.0,0.0,0.0,0.0,0f1f8400,c1018d48,8bc1eb0c,000f1f80,00000000,8b5df48b,c8c1f905,f085148e,008b450c,008bca81,01a90000,088b04b9,f8000000,098bc1c1,e817a801,0f85e300,0facc214,f0010000,20040000,a810751b,0d83ff06,45f88b73,1f83ff06,00000006,1af6c101,07c745f0,02000000,8b45f889,45f8660f,8b45108b,058bcb8b,0000d3e0,75108078,8b4dfcc6,81582000,348b5514,108b088b,017599eb,5dc21400,cccccccc
1788306610.1322613,27512,7.006492321624085e-45,8.407790785948902e-45,1.401298464324817e-45,1.401298464324817e-45,1.0,0.0,0.0,0.0,0.0,0.0,0.0,1.0,0.0,0.0,0.0,0.0,0.0,0.0,0.0,0.0,0.0,0.0,0.0,0.0,1.0,0.0,1.0,0.0,0.0,0.0,0.0,0.0,0.0,0.0,0.0,0.0,1.0,0.0,0.0,0.0,0.0,0.0,0.0,0.0,0.0,0.0,0.0,0.0,0.0,0.0,0.0,0.0,0f1f8400,c1018d48,8bc1eb0c,000f1f80,00000000,8b5df48b,c8c1f905,f085148e,008b450c,008bca81,01a90000,088b04b9,f8000000,098bc1c1,e817a801,0f85e300,0facc214,f0010000,20040000,a810751b,0d83ff06,45f88b73,1f83ff06,00000006,1af6c101,07c745f0,02000000,8b45f889,45f8660f,8b45108b,058bcb8b,0000d3e0,75108078,8b4dfcc6,81582000,348b5514,108b088b,017599eb,5dc21400,cccccccc
1788306610.2331119,27512,7.006492321624085e-45,8.407790785948902e-45,1.401298464324817e-45,1.401298464324817e-45,1.0,0.0,0.0,0.0,0.0,0.0,0.0,1.0,0.0,0.0,0.0,0.0,0.0,0.0,0.0,0.0,0.0,0.0,0.0,0.0,1.0,0.0,1.0,0.0,0.0,0.0,0.0,0.0,0.0,0.0,0.0,0.0,1.0,0.0,0.0,0.0,0.0,0.0,0.0,0.0,0.0,0.0,0.0,0.0,0.0,0.0,0.0,0.0,0f1f8400,c1018d48,8bc1eb0c,000f1f80,00000000,8b5df48b,c8c1f905,f085148e,008b450c,008bca81,01a90000,088b04b9,f8000000,098bc1c1,e817a801,0f85e300,0facc214,f0010000,20040000,a810751b,0d83ff06,45f88b73,1f83ff06,00000006,1af6c101,07c745f0,02000000,8b45f889,45f8660f,8b45108b,058bcb8b,0000d3e0,75108078,8b4dfcc6,81582000,348b5514,108b088b,017599eb,5dc21400,cccccccc
1788306610.3338404,27512,7.006492321624085e-45,8.407790785948902e-45,1.401298464324817e-45,1.401298464324817e-45,1.0,0.0,0.0,0.0,0.0,0.0,0.0,1.0,0.0,0.0,0.0,0.0,0.0,0.0,0.0,0.0,0.0,0.0,0.0,0.0,1.0,0.0,1.0,0.0,0.0,0.0,0.0,0.0,0.0,0.0,0.0,0.0,1.0,0.0,0.0,0.0,0.0,0.0,0.0,0.0,0.0,0.0,0.0,0.0,0.0,0.0,0.0,0.0,0f1f8400,c1018d48,8bc1eb0c,000f1f80,00000000,8b5df48b,c8c1f905,f085148e,008b450c,008bca81,01a90000,088b04b9,f8000000,098bc1c1,e817a801,0f85e300,0facc214,f0010000,20040000,a810751b,0d83ff06,45f88b73,1f83ff06,00000006,1af6c101,07c745f0,02000000,8b45f889,45f8660f,8b45108b,058bcb8b,0000d3e0,75108078,8b4dfcc6,81582000,348b5514,108b088b,017599eb,5dc21400,cccccccc
1788306610.4346814,27512,7.006492321624085e-45,8.407790785948902e-45,1.401298464324817e-45,1.401298464324817e-45,1.0,0.0,0.0,0.0,0.0,0.0,0.0,1.0,0.0,0.0,0.0,0.0,0.0,0.0,0.0,0.0,0.0,0.0,0.0,0.0,1.0,0.0,1.0,0.0,0.0,0.0,0.0,0.0,0.0,0.0,0.0,0.0,1.0,0.0,0.0,0.0,0.0,0.0,0.0,0.0,0.0,0.0,0.0,0.0,0.0,0.0,0.0,0.0,0f1f8400,c1018d48,8bc1eb0c,000f1f80,00000000,8b5df48b,c8c1f905,f085148e,008b450c,008bca81,01a90000,088b04b9,f8000000,098bc1c1,e817a801,0f85e300,0facc214,f0010000,20040000,a810751b,0d83ff06,45f88b73,1f83ff06,00000006,1af6c101,07c745f0,02000000,8b45f889,45f8660f,8b45108b,058bcb8b,0000d3e0,75108078,8b4dfcc6,81582000,348b5514,108b088b,017599eb,5dc21400,cccccccc
1788306610.5355525,27512,7.006492321624085e-45,8.407790785948902e-45,1.401298464324817e-45,1.401298464324817e-45,1.0,0.0,0.0,0.0,0.0,0.0,0.0,1.0,0.0,0.0,0.0,0.0,0.0,0.0,0.0,0.0,0.0,0.0,0.0,0.0,1.0,0.0,1.0,0.0,0.0,0.0,0.0,0.0,0.0,0.0,0.0,0.0,1.0,0.0,0.0,0.0,0.0,0.0,0.0,0.0,0.0,0.0,0.0,0.0,0.0,0.0,0.0,0.0,0f1f8400,c1018d48,8bc1eb0c,000f1f80,00000000,8b5df48b,c8c1f905,f085148e,008b450c,008bca81,01a90000,088b04b9,f8000000,098bc1c1,e817a801,0f85e300,0facc214,f0010000,20040000,a810751b,0d83ff06,45f88b73,1f83ff06,00000006,1af6c101,07c745f0,02000000,8b45f889,45f8660f,8b45108b,058bcb8b,0000d3e0,75108078,8b4dfcc6,81582000,348b5514,108b088b,017599eb,5dc21400,cccccccc
1788306610.6361606,27512,7.006492321624085e-45,8.407790785948902e-45,1.401298464324817e-45,1.401298464324817e-45,1.0,0.0,0.0,0.0,0.0,0.0,0.0,1.0,0.0,0.0,0.0,0.0,0.0,0.0,0.0,0.0,0.0,0.0,0.0,0.0,1.0,0.0,1.0,0.0,0.0,0.0,0.0,0.0,0.0,0.0,0.0,0.0,1.0,0.0,0.0,0.0,0.0,0.0,0.0,0.0,0.0,0.0,0.0,0.0,0.0,0.0,0.0,0.0,0f1f8400,c1018d48,8bc1eb0c,000f1f80,00000000,8b5df48b,c8c1f905,f085148e,008b450c,008bca81,01a90000,088b04b9,f8000000,098bc1c1,e817a801,0f85e300,0facc214,f0010000,20040000,a810751b,0d83ff06,45f88b73,1f83ff06,00000006,1af6c101,07c745f0,02000000,8b45f889,45f8660f,8b45108b,058bcb8b,0000d3e0,75108078,8b4dfcc6,81582000,348b5514,108b088b,017599eb,5dc21400,cccccccc
1788306610.7369008,27512,7.006492321624085e-45,8.407790785948902e-45,1.401298464324817e-45,1.401298464324817e-45,1.0,0.0,0.0,0.0,0.0,0.0,0.0,1.0,0.0,0.0,0.0,0.0,0.0,0.0,0.0,0.0,0.0,0.0,0.0,0.0,1.0,0.0,1.0,0.0,0.0,0.0,0.0,0.0,0.0,0.0,0.0,0.0,1.0,0.0,0.0,0.0,0.0,0.0,0.0,0.0,0.0,0.0,0.0,0.0,0.0,0.0,0.0,0.0,0f1f8400,c1018d48,8bc1eb0c,000f1f80,00000000,8b5df48b,c8c1f905,f085148e,008b450c,008bca81,01a90000,088b04b9,f8000000,098bc1c1,e817a801,0f85e300,0facc214,f0010000,20040000,a810751b,0d83ff06,45f88b73,1f83ff06,00000006,1af6c101,07c745f0,02000000,8b45f889,45f8660f,8b45108b,058bcb8b,0000d3e0,75108078,8b4dfcc6,81582000,348b5514,108b088b,017599eb,5dc21400,cccccccc
1788306610.8376174,27512,7.006492321624085e-45,8.407790785948902e-45,1.401298464324817e-45,1.401298464324817e-45,1.0,0.0,0.0,0.0,0.0,0.0,0.0,1.0,0.0,0.0,0.0,0.0,0.0,0.0,0.0,0.0,0.0,0.0,0.0,0.0,1.0,0.0,1.0,0.0,0.0,0.0,0.0,0.0,0.0,0.0,0.0,0.0,1.0,0.0,0.0,0.0,0.0,0.0,0.0,0.0,0.0,0.0,0.0,0.0,0.0,0.0,0.0,0.0,0f1f8400,c1018d48,8bc1eb0c,000f1f80,00000000,8b5df48b,c8c1f905,f085148e,008b450c,008bca81,01a90000,088b04b9,f8000000,098bc1c1,e817a801,0f85e300,0facc214,f0010000,20040000,a810751b,0d83ff06,45f88b73,1f83ff06,00000006,1af6c101,07c745f0,02000000,8b45f889,45f8660f,8b45108b,058bcb8b,0000d3e0,75108078,8b4dfcc6,81582000,348b5514,108b088b,017599eb,5dc21400,cccccccc
1788306610.9379652,27512,7.006492321624085e-45,8.407790785948902e-45,1.401298464324817e-45,1.401298464324817e-45,1.0,0.0,0.0,0.0,0.0,0.0,0.0,1.0,0.0,0.0,0.0,0.0,0.0,0.0,0.0,0.0,0.0,0.0,0.0,0.0,1.0,0.0,1.0,0.0,0.0,0.0,0.0,0.0,0.0,0.0,0.0,0.0,1.0,0.0,0.0,0.0,0.0,0.0,0.0,0.0,0.0,0.0,0.0,0.0,0.0,0.0,0.0,0.0,0f1f8400,c1018d48,8bc1eb0c,000f1f80,00000000,8b5df48b,c8c1f905,f085148e,008b450c,008bca81,01a90000,088b04b9,f8000000,098bc1c1,e817a801,0f85e300,0facc214,f0010000,20040000,a810751b,0d83ff06,45f88b73,1f83ff06,00000006,1af6c101,07c745f0,02000000,8b45f889,45f8660f,8b45108b,058bcb8b,0000d3e0,75108078,8b4dfcc6,81582000,348b5514,108b088b,017599eb,5dc21400,cccccccc
1788306611.0385385,27512,7.006492321624085e-45,8.407790785948902e-45,1.401298464324817e-45,1.401298464324817e-45,1.0,0.0,0.0,0.0,0.0,0.0,0.0,1.0,0.0,0.0,0.0,0.0,0.0,0.0,0.0,0.0,0.0,0.0,0.0,0.0,1.0,0.0,1.0,0.0,0.0,0.0,0.0,0.0,0.0,0.0,0.0,0.0,1.0,0.0,0.0,0.0,0.0,0.0,0.0,0.0,0.0,0.0,0.0,0.0,0.0,0.0,0.0,0.0,0f1f8400,c1018d48,8bc1eb0c,000f1f80,00000000,8b5df48b,c8c1f905,f085148e,008b450c,008bca81,01a90000,088b04b9,f8000000,098bc1c1,e817a801,0f85e300,0facc214,f0010000,20040000,a810751b,0d83ff06,45f88b73,1f83ff06,00000006,1af6c101,07c745f0,02000000,8b45f889,45f8660f,8b45108b,058bcb8b,0000d3e0,75108078,8b4dfcc6,81582000,348b5514,108b088b,017599eb,5dc21400,cccccccc
1788306611.1400576,27512,7.006492321624085e-45,8.407790785948902e-45,1.401298464324817e-45,1.401298464324817e-45,1.0,0.0,0.0,0.0,0.0,0.0,0.0,1.0,0.0,0.0,0.0,0.0,0.0,0.0,0.0,0.0,0.0,0.0,0.0,0.0,1.0,0.0,1.0,0.0,0.0,0.0,0.0,0.0,0.0,0.0,0.0,0.0,1.0,0.0,0.0,0.0,0.0,0.0,0.0,0.0,0.0,0.0,0.0,0.0,0.0,0.0,0.0,0.0,0f1f8400,c1018d48,8bc1eb0c,000f1f80,00000000,8b5df48b,c8c1f905,f085148e,008b450c,008bca81,01a90000,088b04b9,f8000000,098bc1c1,e817a801,0f85e300,0facc214,f0010000,20040000,a810751b,0d83ff06,45f88b73,1f83ff06,00000006,1af6c101,07c745f0,02000000,8b45f889,45f8660f,8b45108b,058bcb8b,0000d3e0,75108078,8b4dfcc6,81582000,348b5514,108b088b,017599eb,5dc21400,cccccccc
1788306611.240654,27512,7.006492321624085e-45,8.407790785948902e-45,1.401298464324817e-45,1.401298464324817e-45,1.0,0.0,0.0,0.0,0.0,0.0,0.0,1.0,0.0,0.0,0.0,0.0,0.0,0.0,0.0,0.0,0.0,0.0,0.0,0.0,1.0,0.0,1.0,0.0,0.0,0.0,0.0,0.0,0.0,0.0,0.0,0.0,1.0,0.0,0.0,0.0,0.0,0.0,0.0,0.0,0.0,0.0,0.0,0.0,0.0,0.0,0.0,0.0,0f1f8400,c1018d48,8bc1eb0c,000f1f80,00000000,8b5df48b,c8c1f905,f085148e,008b450c,008bca81,01a90000,088b04b9,f8000000,098bc1c1,e817a801,0f85e300,0facc214,f0010000,20040000,a810751b,0d83ff06,45f88b73,1f83ff06,00000006,1af6c101,07c745f0,02000000,8b45f889,45f8660f,8b45108b,058bcb8b,0000d3e0,75108078,8b4dfcc6,81582000,348b5514,108b088b,017599eb,5dc21400,cccccccc
1788306611.3411274,27512,7.006492321624085e-45,8.407790785948902e-45,1.401298464324817e-45,1.401298464324817e-45,1.0,0.0,0.0,0.0,0.0,0.0,0.0,1.0,0.0,0.0,0.0,0.0,0.0,0.0,0.0,0.0,0.0,0.0,0.0,0.0,1.0,0.0,1.0,0.0,0.0,0.0,0.0,0.0,0.0,0.0,0.0,0.0,1.0,0.0,0.0,0.0,0.0,0.0,0.0,0.0,0.0,0.0,0.0,0.0,0.0,0.0,0.0,0.0,0f1f8400,c1018d48,8bc1eb0c,000f1f80,00000000,8b5df48b,c8c1f905,f085148e,008b450c,008bca81,01a90000,088b04b9,f8000000,098bc1c1,e817a801,0f85e300,0facc214,f0010000,20040000,a810751b,0d83ff06,45f88b73,1f83ff06,00000006,1af6c101,07c745f0,02000000,8b45f889,45f8660f,8b45108b,058bcb8b,0000d3e0,75108078,8b4dfcc6,81582000,348b5514,108b088b,017599eb,5dc21400,cccccccc
1788306611.4419067,27512,7.006492321624085e-45,8.407790785948902e-45,1.401298464324817e-45,1.401298464324817e-45,1.0,0.0,0.0,0.0,0.0,0.0,0.0,1.0,0.0,0.0,0.0,0.0,0.0,0.0,0.0,0.0,0.0,0.0,0.0,0.0,1.0,0.0,1.0,0.0,0.0,0.0,0.0,0.0,0.0,0.0,0.0,0.0,1.0,0.0,0.0,0.0,0.0,0.0,0.0,0.0,0.0,0.0,0.0,0.0,0.0,0.0,0.0,0.0,0f1f8400,c1018d48,8bc1eb0c,000f1f80,00000000,8b5df48b,c8c1f905,f085148e,008b450c,008bca81,01a90000,088b04b9,f8000000,098bc1c1,e817a801,0f85e300,0facc214,f0010000,20040000,a810751b,0d83ff06,45f88b73,1f83ff06,00000006,1af6c101,07c745f0,02000000,8b45f889,45f8660f,8b45108b,058bcb8b,0000d3e0,75108078,8b4dfcc6,81582000,348b5514,108b088b,017599eb,5dc21400,cccccccc
1788306611.5424986,27512,7.006492321624085e-45,8.407790785948902e-45,1.401298464324817e-45,1.401298464324817e-45,1.0,0.0,0.0,0.0,0.0,0.0,0.0,1.0,0.0,0.0,0.0,0.0,0.0,0.0,0.0,0.0,0.0,0.0,0.0,0.0,1.0,0.0,1.0,0.0,0.0,0.0,0.0,0.0,0.0,0.0,0.0,0.0,1.0,0.0,0.0,0.0,0.0,0.0,0.0,0.0,0.0,0.0,0.0,0.0,0.0,0.0,0.0,0.0,0f1f8400,c1018d48,8bc1eb0c,000f1f80,00000000,8b5df48b,c8c1f905,f085148e,008b450c,008bca81,01a90000,088b04b9,f8000000,098bc1c1,e817a801,0f85e300,0facc214,f0010000,20040000,a810751b,0d83ff06,45f88b73,1f83ff06,00000006,1af6c101,07c745f0,02000000,8b45f889,45f8660f,8b45108b,058bcb8b,0000d3e0,75108078,8b4dfcc6,81582000,348b5514,108b088b,017599eb,5dc21400,cccccccc
1788306611.6430995,27512,7.006492321624085e-45,8.407790785948902e-45,1.401298464324817e-45,1.401298464324817e-45,1.0,0.0,0.0,0.0,0.0,0.0,0.0,1.0,0.0,0.0,0.0,0.0,0.0,0.0,0.0,0.0,0.0,0.0,0.0,0.0,1.0,0.0,1.0,0.0,0.0,0.0,0.0,0.0,0.0,0.0,0.0,0.0,1.0,0.0,0.0,0.0,0.0,0.0,0.0,0.0,0.0,0.0,0.0,0.0,0.0,0.0,0.0,0.0,0f1f8400,c1018d48,8bc1eb0c,000f1f80,00000000,8b5df48b,c8c1f905,f085148e,008b450c,008bca81,01a90000,088b04b9,f8000000,098bc1c1,e817a801,0f85e300,0facc214,f0010000,20040000,a810751b,0d83ff06,45f88b73,1f83ff06,00000006,1af6c101,07c745f0,02000000,8b45f889,45f8660f,8b45108b,058bcb8b,0000d3e0,75108078,8b4dfcc6,81582000,348b5514,108b088b,017599eb,5dc21400,cccccccc
1788306611.7774491,27512,7.006492321624085e-45,8.407790785948902e-45,1.401298464324817e-45,1.401298464324817e-45,1.0,0.0,0.0,0.0,0.0,0.0,0.0,1.0,0.0,0.0,0.0,0.0,0.0,0.0,0.0,0.0,0.0,0.0,0.0,0.0,1.0,0.0,1.0,0.0,0.0,0.0,0.0,0.0,0.0,0.0,0.0,0.0,1.0,0.0,0.0,0.0,0.0,0.0,0.0,0.0,0.0,0.0,0.0,0.0,0.0,0.0,0.0,0.0,0f1f8400,c1018d48,8bc1eb0c,000f1f80,00000000,8b5df48b,c8c1f905,f085148e,008b450c,008bca81,01a90000,088b04b9,f8000000,098bc1c1,e817a801,0f85e300,0facc214,f0010000,20040000,a810751b,0d83ff06,45f88b73,1f83ff06,00000006,1af6c101,07c745f0,02000000,8b45f889,45f8660f,8b45108b,058bcb8b,0000d3e0,75108078,8b4dfcc6,81582000,348b5514,108b088b,017599eb,5dc21400,cccccccc
1788306611.8784242,27512,7.006492321624085e-45,8.407790785948902e-45,1.401298464324817e-45,1.401298464324817e-45,1.0,0.0,0.0,0.0,0.0,0.0,0.0,1.0,0.0,0.0,0.0,0.0,0.0,0.0,0.0,0.0,0.0,0.0,0.0,0.0,1.0,0.0,1.0,0.0,0.0,0.0,0.0,0.0,0.0,0.0,0.0,0.0,1.0,0.0,0.0,0.0,0.0,0.0,0.0,0.0,0.0,0.0,0.0,0.0,0.0,0.0,0.0,0.0,0f1f8400,c1018d48,8bc1eb0c,000f1f80,00000000,8b5df48b,c8c1f905,f085148e,008b450c,008bca81,01a90000,088b04b9,f8000000,098bc1c1,e817a801,0f85e300,0facc214,f0010000,20040000,a810751b,0d83ff06,45f88b73,1f83ff06,00000006,1af6c101,07c745f0,02000000,8b45f889,45f8660f,8b45108b,058bcb8b,0000d3e0,75108078,8b4dfcc6,81582000,348b5514,108b088b,017599eb,5dc21400,cccccccc
1788306611.9795272,27512,7.006492321624085e-45,8.407790785948902e-45,1.401298464324817e-45,1.401298464324817e-45,1.0,0.0,0.0,0.0,0.0,0.0,0.0,1.0,0.0,0.0,0.0,0.0,0.0,0.0,0.0,0.0,0.0,0.0,0.0,0.0,1.0,0.0,1.0,0.0,0.0,0.0,0.0,0.0,0.0,0.0,0.0,0.0,1.0,0.0,0.0,0.0,0.0,0.0,0.0,0.0,0.0,0.0,0.0,0.0,0.0,0.0,0.0,0.0,0f1f8400,c1018d48,8bc1eb0c,000f1f80,00000000,8b5df48b,c8c1f905,f085148e,008b450c,008bca81,01a90000,088b04b9,f8000000,098bc1c1,e817a801,0f85e300,0facc214,f0010000,20040000,a810751b,0d83ff06,45f88b73,1f83ff06,00000006,1af6c101,07c745f0,02000000,8b45f889,45f8660f,8b45108b,058bcb8b,0000d3e0,75108078,8b4dfcc6,81582000,348b5514,108b088b,017599eb,5dc21400,cccccccc
1788306612.0800264,27512,7.006492321624085e-45,8.407790785948902e-45,1.401298464324817e-45,1.401298464324817e-45,1.0,0.0,0.0,0.0,0.0,0.0,0.0,1.0,0.0,0.0,0.0,0.0,0.0,0.0,0.0,0.0,0.0,0.0,0.0,0.0,1.0,0.0,1.0,0.0,0.0,0.0,0.0,0.0,0.0,0.0,0.0,0.0,1.0,0.0,0.0,0.0,0.0,0.0,0.0,0.0,0.0,0.0,0.0,0.0,0.0,0.0,0.0,0.0,0f1f8400,c1018d48,8bc1eb0c,000f1f80,00000000,8b5df48b,c8c1f905,f085148e,008b450c,008bca81,01a90000,088b04b9,f8000000,098bc1c1,e817a801,0f85e300,0facc214,f0010000,20040000,a810751b,0d83ff06,45f88b73,1f83ff06,00000006,1af6c101,07c745f0,02000000,8b45f889,45f8660f,8b45108b,058bcb8b,0000d3e0,75108078,8b4dfcc6,81582000,348b5514,108b088b,017599eb,5dc21400,cccccccc
1788306612.1806712,27512,7.006492321624085e-45,8.407790785948902e-45,1.401298464324817e-45,1.401298464324817e-45,1.0,0.0,0.0,0.0,0.0,0.0,0.0,1.0,0.0,0.0,0.0,0.0,0.0,0.0,0.0,0.0,0.0,0.0,0.0,0.0,1.0,0.0,1.0,0.0,0.0,0.0,0.0,0.0,0.0,0.0,0.0,0.0,1.0,0.0,0.0,0.0,0.0,0.0,0.0,0.0,0.0,0.0,0.0,0.0,0.0,0.0,0.0,0.0,0f1f8400,c1018d48,8bc1eb0c,000f1f80,00000000,8b5df48b,c8c1f905,f085148e,008b450c,008bca81,01a90000,088b04b9,f8000000,098bc1c1,e817a801,0f85e300,0facc214,f0010000,20040000,a810751b,0d83ff06,45f88b73,1f83ff06,00000006,1af6c101,07c745f0,02000000,8b45f889,45f8660f,8b45108b,058bcb8b,0000d3e0,75108078,8b4dfcc6,81582000,348b5514,108b088b,017599eb,5dc21400,cccccccc
1788306612.2816775,27512,7.006492321624085e-45,8.407790785948902e-45,1.401298464324817e-45,1.401298464324817e-45,1.0,0.0,0.0,0.0,0.0,0.0,0.0,1.0,0.0,0.0,0.0,0.0,0.0,0.0,0.0,0.0,0.0,0.0,0.0,0.0,1.0,0.0,1.0,0.0,0.0,0.0,0.0,0.0,0.0,0.0,0.0,0.0,1.0,0.0,0.0,0.0,0.0,0.0,0.0,0.0,0.0,0.0,0.0,0.0,0.0,0.0,0.0,0.0,0f1f8400,c1018d48,8bc1eb0c,000f1f80,00000000,8b5df48b,c8c1f905,f085148e,008b450c,008bca81,01a90000,088b04b9,f8000000,098bc1c1,e817a801,0f85e300,0facc214,f0010000,20040000,a810751b,0d83ff06,45f88b73,1f83ff06,00000006,1af6c101,07c745f0,02000000,8b45f889,45f8660f,8b45108b,058bcb8b,0000d3e0,75108078,8b4dfcc6,81582000,348b5514,108b088b,017599eb,5dc21400,cccccccc
1788306612.3821468,27512,7.006492321624085e-45,8.407790785948902e-45,1.401298464324817e-45,1.401298464324817e-45,1.0,0.0,0.0,0.0,0.0,0.0,0.0,1.0,0.0,0.0,0.0,0.0,0.0,0.0,0.0,0.0,0.0,0.0,0.0,0.0,1.0,0.0,1.0,0.0,0.0,0.0,0.0,0.0,0.0,0.0,0.0,0.0,1.0,0.0,0.0,0.0,0.0,0.0,0.0,0.0,0.0,0.0,0.0,0.0,0.0,0.0,0.0,0.0,0f1f8400,c1018d48,8bc1eb0c,000f1f80,00000000,8b5df48b,c8c1f905,f085148e,008b450c,008bca81,01a90000,088b04b9,f8000000,098bc1c1,e817a801,0f85e300,0facc214,f0010000,20040000,a810751b,0d83ff06,45f88b73,1f83ff06,00000006,1af6c101,07c745f0,02000000,8b45f889,45f8660f,8b45108b,058bcb8b,0000d3e0,75108078,8b4dfcc6,81582000,348b5514,108b088b,017599eb,5dc21400,cccccccc
1788306612.4825299,27512,7.006492321624085e-45,8.407790785948902e-45,1.401298464324817e-45,1.401298464324817e-45,1.0,0.0,0.0,0.0,0.0,0.0,0.0,1.0,0.0,0.0,0.0,0.0,0.0,0.0,0.0,0.0,0.0,0.0,0.0,0.0,1.0,0.0,1.0,0.0,0.0,0.0,0.0,0.0,0.0,0.0,0.0,0.0,1.0,0.0,0.0,0.0,0.0,0.0,0.0,0.0,0.0,0.0,0.0,0.0,0.0,0.0,0.0,0.0,0f1f8400,c1018d48,8bc1eb0c,000f1f80,00000000,8b5df48b,c8c1f905,f085148e,008b450c,008bca81,01a90000,088b04b9,f8000000,098bc1c1,e817a801,0f85e300,0facc214,f0010000,20040000,a810751b,0d83ff06,45f88b73,1f83ff06,00000006,1af6c101,07c745f0,02000000,8b45f889,45f8660f,8b45108b,058bcb8b,0000d3e0,75108078,8b4dfcc6,81582000,348b5514,108b088b,017599eb,5dc21400,cccccccc
1788306612.5906982,27512,7.006492321624085e-45,8.407790785948902e-45,1.401298464324817e-45,1.401298464324817e-45,1.0,0.0,0.0,0.0,0.0,0.0,0.0,1.0,0.0,0.0,0.0,0.0,0.0,0.0,0.0,0.0,0.0,0.0,0.0,0.0,1.0,0.0,1.0,0.0,0.0,0.0,0.0,0.0,0.0,0.0,0.0,0.0,1.0,0.0,0.0,0.0,0.0,0.0,0.0,0.0,0.0,0.0,0.0,0.0,0.0,0.0,0.0,0.0,0f1f8400,c1018d48,8bc1eb0c,000f1f80,00000000,8b5df48b,c8c1f905,f085148e,008b450c,008bca81,01a90000,088b04b9,f8000000,098bc1c1,e817a801,0f85e300,0facc214,f0010000,20040000,a810751b,0d83ff06,45f88b73,1f83ff06,00000006,1af6c101,07c745f0,02000000,8b45f889,45f8660f,8b45108b,058bcb8b,0000d3e0,75108078,8b4dfcc6,81582000,348b5514,108b088b,017599eb,5dc21400,cccccccc
1788306612.6914885,27512,7.006492321624085e-45,8.407790785948902e-45,1.401298464324817e-45,1.401298464324817e-45,1.0,0.0,0.0,0.0,0.0,0.0,0.0,1.0,0.0,0.0,0.0,0.0,0.0,0.0,0.0,0.0,0.0,0.0,0.0,0.0,1.0,0.0,1.0,0.0,0.0,0.0,0.0,0.0,0.0,0.0,0.0,0.0,1.0,0.0,0.0,0.0,0.0,0.0,0.0,0.0,0.0,0.0,0.0,0.0,0.0,0.0,0.0,0.0,0f1f8400,c1018d48,8bc1eb0c,000f1f80,00000000,8b5df48b,c8c1f905,f085148e,008b450c,008bca81,01a90000,088b04b9,f8000000,098bc1c1,e817a801,0f85e300,0facc214,f0010000,20040000,a810751b,0d83ff06,45f88b73,1f83ff06,00000006,1af6c101,07c745f0,02000000,8b45f889,45f8660f,8b45108b,058bcb8b,0000d3e0,75108078,8b4dfcc6,81582000,348b5514,108b088b,017599eb,5dc21400,cccccccc
1788306612.7922611,27512,7.006492321624085e-45,8.407790785948902e-45,1.401298464324817e-45,1.401298464324817e-45,1.0,0.0,0.0,0.0,0.0,0.0,0.0,1.0,0.0,0.0,0.0,0.0,0.0,0.0,0.0,0.0,0.0,0.0,0.0,0.0,1.0,0.0,1.0,0.0,0.0,0.0,0.0,0.0,0.0,0.0,0.0,0.0,1.0,0.0,0.0,0.0,0.0,0.0,0.0,0.0,0.0,0.0,0.0,0.0,0.0,0.0,0.0,0.0,0f1f8400,c1018d48,8bc1eb0c,000f1f80,00000000,8b5df48b,c8c1f905,f085148e,008b450c,008bca81,01a90000,088b04b9,f8000000,098bc1c1,e817a801,0f85e300,0facc214,f0010000,20040000,a810751b,0d83ff06,45f88b73,1f83ff06,00000006,1af6c101,07c745f0,02000000,8b45f889,45f8660f,8b45108b,058bcb8b,0000d3e0,75108078,8b4dfcc6,81582000,348b5514,108b088b,017599eb,5dc21400,cccccccc
1788306612.8931944,27512,7.006492321624085e-45,8.407790785948902e-45,1.401298464324817e-45,1.401298464324817e-45,1.0,0.0,0.0,0.0,0.0,0.0,0.0,1.0,0.0,0.0,0.0,0.0,0.0,0.0,0.0,0.0,0.0,0.0,0.0,0.0,1.0,0.0,1.0,0.0,0.0,0.0,0.0,0.0,0.0,0.0,0.0,0.0,1.0,0.0,0.0,0.0,0.0,0.0,0.0,0.0,0.0,0.0,0.0,0.0,0.0,0.0,0.0,0.0,0f1f8400,c1018d48,8bc1eb0c,000f1f80,00000000,8b5df48b,c8c1f905,f085148e,008b450c,008bca81,01a90000,088b04b9,f8000000,098bc1c1,e817a801,0f85e300,0facc214,f0010000,20040000,a810751b,0d83ff06,45f88b73,1f83ff06,00000006,1af6c101,07c745f0,02000000,8b45f889,45f8660f,8b45108b,058bcb8b,0000d3e0,75108078,8b4dfcc6,81582000,348b5514,108b088b,017599eb,5dc21400,cccccccc
1788306612.9936008,27512,7.006492321624085e-45,8.407790785948902e-45,1.401298464324817e-45,1.401298464324817e-45,1.0,0.0,0.0,0.0,0.0,0.0,0.0,1.0,0.0,0.0,0.0,0.0,0.0,0.0,0.0,0.0,0.0,0.0,0.0,0.0,1.0,0.0,1.0,0.0,0.0,0.0,0.0,0.0,0.0,0.0,0.0,0.0,1.0,0.0,0.0,0.0,0.0,0.0,0.0,0.0,0.0,0.0,0.0,0.0,0.0,0.0,0.0,0.0,0f1f8400,c1018d48,8bc1eb0c,000f1f80,00000000,8b5df48b,c8c1f905,f085148e,008b450c,008bca81,01a90000,088b04b9,f8000000,098bc1c1,e817a801,0f85e300,0facc214,f0010000,20040000,a810751b,0d83ff06,45f88b73,1f83ff06,00000006,1af6c101,07c745f0,02000000,8b45f889,45f8660f,8b45108b,058bcb8b,0000d3e0,75108078,8b4dfcc6,81582000,348b5514,108b088b,017599eb,5dc21400,cccccccc
1788306613.0941184,27512,7.006492321624085e-45,8.407790785948902e-45,1.401298464324817e-45,1.401298464324817e-45,1.0,0.0,0.0,0.0,0.0,0.0,0.0,1.0,0.0,0.0,0.0,0.0,0.0,0.0,0.0,0.0,0.0,0.0,0.0,0.0,1.0,0.0,1.0,0.0,0.0,0.0,0.0,0.0,0.0,0.0,0.0,0.0,1.0,0.0,0.0,0.0,0.0,0.0,0.0,0.0,0.0,0.0,0.0,0.0,0.0,0.0,0.0,0.0,0f1f8400,c1018d48,8bc1eb0c,000f1f80,00000000,8b5df48b,c8c1f905,f085148e,008b450c,008bca81,01a90000,088b04b9,f8000000,098bc1c1,e817a801,0f85e300,0facc214,f0010000,20040000,a810751b,0d83ff06,45f88b73,1f83ff06,00000006,1af6c101,07c745f0,02000000,8b45f889,45f8660f,8b45108b,058bcb8b,0000d3e0,75108078,8b4dfcc6,81582000,348b5514,108b088b,017599eb,5dc21400,cccccccc
1788306613.2107077,27512,7.006492321624085e-45,8.407790785948902e-45,1.401298464324817e-45,1.401298464324817e-45,1.0,0.0,0.0,0.0,0.0,0.0,0.0,1.0,0.0,0.0,0.0,0.0,0.0,0.0,0.0,0.0,0.0,0.0,0.0,0.0,1.0,0.0,1.0,0.0,0.0,0.0,0.0,0.0,0.0,0.0,0.0,0.0,1.0,0.0,0.0,0.0,0.0,0.0,0.0,0.0,0.0,0.0,0.0,0.0,0.0,0.0,0.0,0.0,0f1f8400,c1018d48,8bc1eb0c,000f1f80,00000000,8b5df48b,c8c1f905,f085148e,008b450c,008bca81,01a90000,088b04b9,f8000000,098bc1c1,e817a801,0f85e300,0facc214,f0010000,20040000,a810751b,0d83ff06,45f88b73,1f83ff06,00000006,1af6c101,07c745f0,02000000,8b45f889,45f8660f,8b45108b,058bcb8b,0000d3e0,75108078,8b4dfcc6,81582000,348b5514,108b088b,017599eb,5dc21400,cccccccc
1788306613.3112433,27512,7.006492321624085e-45,8.407790785948902e-45,1.401298464324817e-45,1.401298464324817e-45,1.0,0.0,0.0,0.0,0.0,0.0,0.0,1.0,0.0,0.0,0.0,0.0,0.0,0.0,0.0,0.0,0.0,0.0,0.0,0.0,1.0,0.0,1.0,0.0,0.0,0.0,0.0,0.0,0.0,0.0,0.0,0.0,1.0,0.0,0.0,0.0,0.0,0.0,0.0,0.0,0.0,0.0,0.0,0.0,0.0,0.0,0.0,0.0,0f1f8400,c1018d48,8bc1eb0c,000f1f80,00000000,8b5df48b,c8c1f905,f085148e,008b450c,008bca81,01a90000,088b04b9,f8000000,098bc1c1,e817a801,0f85e300,0facc214,f0010000,20040000,a810751b,0d83ff06,45f88b73,1f83ff06,00000006,1af6c101,07c745f0,02000000,8b45f889,45f8660f,8b45108b,058bcb8b,0000d3e0,75108078,8b4dfcc6,81582000,348b5514,108b088b,017599eb,5dc21400,cccccccc
1788306613.4117491,27512,7.006492321624085e-45,8.407790785948902e-45,1.401298464324817e-45,1.401298464324817e-45,1.0,0.0,0.0,0.0,0.0,0.0,0.0,1.0,0.0,0.0,0.0,0.0,0.0,0.0,0.0,0.0,0.0,0.0,0.0,0.0,1.0,0.0,1.0,0.0,0.0,0.0,0.0,0.0,0.0,0.0,0.0,0.0,1.0,0.0,0.0,0.0,0.0,0.0,0.0,0.0,0.0,0.0,0.0,0.0,0.0,0.0,0.0,0.0,0f1f8400,c1018d48,8bc1eb0c,000f1f80,00000000,8b5df48b,c8c1f905,f085148e,008b450c,008bca81,01a90000,088b04b9,f8000000,098bc1c1,e817a801,0f85e300,0facc214,f0010000,20040000,a810751b,0d83ff06,45f88b73,1f83ff06,00000006,1af6c101,07c745f0,02000000,8b45f889,45f8660f,8b45108b,058bcb8b,0000d3e0,75108078,8b4dfcc6,81582000,348b5514,108b088b,017599eb,5dc21400,cccccccc
1788306613.5123117,27512,7.006492321624085e-45,8.407790785948902e-45,1.401298464324817e-45,1.401298464324817e-45,1.0,0.0,0.0,0.0,0.0,0.0,0.0,1.0,0.0,0.0,0.0,0.0,0.0,0.0,0.0,0.0,0.0,0.0,0.0,0.0,1.0,0.0,1.0,0.0,0.0,0.0,0.0,0.0,0.0,0.0,0.0,0.0,1.0,0.0,0.0,0.0,0.0,0.0,0.0,0.0,0.0,0.0,0.0,0.0,0.0,0.0,0.0,0.0,0f1f8400,c1018d48,8bc1eb0c,000f1f80,00000000,8b5df48b,c8c1f905,f085148e,008b450c,008bca81,01a90000,088b04b9,f8000000,098bc1c1,e817a801,0f85e300,0facc214,f0010000,20040000,a810751b,0d83ff06,45f88b73,1f83ff06,00000006,1af6c101,07c745f0,02000000,8b45f889,45f8660f,8b45108b,058bcb8b,0000d3e0,75108078,8b4dfcc6,81582000,348b5514,108b088b,017599eb,5dc21400,cccccccc
1788306613.6129792,27512,7.006492321624085e-45,8.407790785948902e-45,1.401298464324817e-45,1.401298464324817e-45,1.0,0.0,0.0,0.0,0.0,0.0,0.0,1.0,0.0,0.0,0.0,0.0,0.0,0.0,0.0,0.0,0.0,0.0,0.0,0.0,1.0,0.0,1.0,0.0,0.0,0.0,0.0,0.0,0.0,0.0,0.0,0.0,1.0,0.0,0.0,0.0,0.0,0.0,0.0,0.0,0.0,0.0,0.0,0.0,0.0,0.0,0.0,0.0,0f1f8400,c1018d48,8bc1eb0c,000f1f80,00000000,8b5df48b,c8c1f905,f085148e,008b450c,008bca81,01a90000,088b04b9,f8000000,098bc1c1,e817a801,0f85e300,0facc214,f0010000,20040000,a810751b,0d83ff06,45f88b73,1f83ff06,00000006,1af6c101,07c745f0,02000000,8b45f889,45f8660f,8b45108b,058bcb8b,0000d3e0,75108078,8b4dfcc6,81582000,348b5514,108b088b,017599eb,5dc21400,cccccccc
1788306613.7139733,27512,7.006492321624085e-45,8.407790785948902e-45,1.401298464324817e-45,1.401298464324817e-45,1.0,0.0,0.0,0.0,0.0,0.0,0.0,1.0,0.0,0.0,0.0,0.0,0.0,0.0,0.0,0.0,0.0,0.0,0.0,0.0,1.0,0.0,1.0,0.0,0.0,0.0,0.0,0.0,0.0,0.0,0.0,0.0,1.0,0.0,0.0,0.0,0.0,0.0,0.0,0.0,0.0,0.0,0.0,0.0,0.0,0.0,0.0,0.0,0f1f8400,c1018d48,8bc1eb0c,000f1f80,00000000,8b5df48b,c8c1f905,f085148e,008b450c,008bca81,01a90000,088b04b9,f8000000,098bc1c1,e817a801,0f85e300,0facc214,f0010000,20040000,a810751b,0d83ff06,45f88b73,1f83ff06,00000006,1af6c101,07c745f0,02000000,8b45f889,45f8660f,8b45108b,058bcb8b,0000d3e0,75108078,8b4dfcc6,81582000,348b5514,108b088b,017599eb,5dc21400,cccccccc
1788306613.8146255,27512,7.006492321624085e-45,8.407790785948902e-45,1.401298464324817e-45,1.401298464324817e-45,1.0,0.0,0.0,0.0,0.0,0.0,0.0,1.0,0.0,0.0,0.0,0.0,0.0,0.0,0.0,0.0,0.0,0.0,0.0,0.0,1.0,0.0,1.0,0.0,0.0,0.0,0.0,0.0,0.0,0.0,0.0,0.0,1.0,0.0,0.0,0.0,0.0,0.0,0.0,0.0,0.0,0.0,0.0,0.0,0.0,0.0,0.0,0.0,0f1f8400,c1018d48,8bc1eb0c,000f1f80,00000000,8b5df48b,c8c1f905,f085148e,008b450c,008bca81,01a90000,088b04b9,f8000000,098bc1c1,e817a801,0f85e300,0facc214,f0010000,20040000,a810751b,0d83ff06,45f88b73,1f83ff06,00000006,1af6c101,07c745f0,02000000,8b45f889,45f8660f,8b45108b,058bcb8b,0000d3e0,75108078,8b4dfcc6,81582000,348b5514,108b088b,017599eb,5dc21400,cccccccc
1788306613.9150963,27512,7.006492321624085e-45,8.407790785948902e-45,1.401298464324817e-45,1.401298464324817e-45,1.0,0.0,0.0,0.0,0.0,0.0,0.0,1.0,0.0,0.0,0.0,0.0,0.0,0.0,0.0,0.0,0.0,0.0,0.0,0.0,1.0,0.0,1.0,0.0,0.0,0.0,0.0,0.0,0.0,0.0,0.0,0.0,1.0,0.0,0.0,0.0,0.0,0.0,0.0,0.0,0.0,0.0,0.0,0.0,0.0,0.0,0.0,0.0,0f1f8400,c1018d48,8bc1eb0c,000f1f80,00000000,8b5df48b,c8c1f905,f085148e,008b450c,008bca81,01a90000,088b04b9,f8000000,098bc1c1,e817a801,0f85e300,0facc214,f0010000,20040000,a810751b,0d83ff06,45f88b73,1f83ff06,00000006,1af6c101,07c745f0,02000000,8b45f889,45f8660f,8b45108b,058bcb8b,0000d3e0,75108078,8b4dfcc6,81582000,348b5514,108b088b,017599eb,5dc21400,cccccccc
1788306614.015766,27512,7.006492321624085e-45,8.407790785948902e-45,1.401298464324817e-45,1.401298464324817e-45,1.0,0.0,0.0,0.0,0.0,0.0,0.0,1.0,0.0,0.0,0.0,0.0,0.0,0.0,0.0,0.0,0.0,0.0,0.0,0.0,1.0,0.0,1.0,0.0,0.0,0.0,0.0,0.0,0.0,0.0,0.0,0.0,1.0,0.0,0.0,0.0,0.0,0.0,0.0,0.0,0.0,0.0,0.0,0.0,0.0,0.0,0.0,0.0,0f1f8400,c1018d48,8bc1eb0c,000f1f80,00000000,8b5df48b,c8c1f905,f085148e,008b450c,008bca81,01a90000,088b04b9,f8000000,098bc1c1,e817a801,0f85e300,0facc214,f0010000,20040000,a810751b,0d83ff06,45f88b73,1f83ff06,00000006,1af6c101,07c745f0,02000000,8b45f889,45f8660f,8b45108b,058bcb8b,0000d3e0,75108078,8b4dfcc6,81582000,348b5514,108b088b,017599eb,5dc21400,cccccccc
1788306614.1162283,27512,7.006492321624085e-45,8.407790785948902e-45,1.401298464324817e-45,1.401298464324817e-45,1.0,0.0,0.0,0.0,0.0,0.0,0.0,1.0,0.0,0.0,0.0,0.0,0.0,0.0,0.0,0.0,0.0,0.0,0.0,0.0,1.0,0.0,1.0,0.0,0.0,0.0,0.0,0.0,0.0,0.0,0.0,0.0,1.0,0.0,0.0,0.0,0.0,0.0,0.0,0.0,0.0,0.0,0.0,0.0,0.0,0.0,0.0,0.0,0f1f8400,c1018d48,8bc1eb0c,000f1f80,00000000,8b5df48b,c8c1f905,f085148e,008b450c,008bca81,01a90000,088b04b9,f8000000,098bc1c1,e817a801,0f85e300,0facc214,f0010000,20040000,a810751b,0d83ff06,45f88b73,1f83ff06,00000006,1af6c101,07c745f0,02000000,8b45f889,45f8660f,8b45108b,058bcb8b,0000d3e0,75108078,8b4dfcc6,81582000,348b5514,108b088b,017599eb,5dc21400,cccccccc
1788306614.2165956,27512,7.006492321624085e-45,8.407790785948902e-45,1.401298464324817e-45,1.401298464324817e-45,1.0,0.0,0.0,0.0,0.0,0.0,0.0,1.0,0.0,0.0,0.0,0.0,0.0,0.0,0.0,0.0,0.0,0.0,0.0,0.0,1.0,0.0,1.0,0.0,0.0,0.0,0.0,0.0,0.0,0.0,0.0,0.0,1.0,0.0,0.0,0.0,0.0,0.0,0.0,0.0,0.0,0.0,0.0,0.0,0.0,0.0,0.0,0.0,0f1f8400,c1018d48,8bc1eb0c,000f1f80,00000000,8b5df48b,c8c1f905,f085148e,008b450c,008bca81,01a90000,088b04b9,f8000000,098bc1c1,e817a801,0f85e300,0facc214,f0010000,20040000,a810751b,0d83ff06,45f88b73,1f83ff06,00000006,1af6c101,07c745f0,02000000,8b45f889,45f8660f,8b45108b,058bcb8b,0000d3e0,75108078,8b4dfcc6,81582000,348b5514,108b088b,017599eb,5dc21400,cccccccc
1788306614.317479,27512,7.006492321624085e-45,8.407790785948902e-45,1.401298464324817e-45,1.401298464324817e-45,1.0,0.0,0.0,0.0,0.0,0.0,0.0,1.0,0.0,0.0,0.0,0.0,0.0,0.0,0.0,0.0,0.0,0.0,0.0,0.0,1.0,0.0,1.0,0.0,0.0,0.0,0.0,0.0,0.0,0.0,0.0,0.0,1.0,0.0,0.0,0.0,0.0,0.0,0.0,0.0,0.0,0.0,0.0,0.0,0.0,0.0,0.0,0.0,0f1f8400,c1018d48,8bc1eb0c,000f1f80,00000000,8b5df48b,c8c1f905,f085148e,008b450c,008bca81,01a90000,088b04b9,f8000000,098bc1c1,e817a801,0f85e300,0facc214,f0010000,20040000,a810751b,0d83ff06,45f88b73,1f83ff06,00000006,1af6c101,07c745f0,02000000,8b45f889,45f8660f,8b45108b,058bcb8b,0000d3e0,75108078,8b4dfcc6,81582000,348b5514,108b088b,017599eb,5dc21400,cccccccc
1788306614.4183862,27512,7.006492321624085e-45,8.407790785948902e-45,1.401298464324817e-45,1.401298464324817e-45,1.0,0.0,0.0,0.0,0.0,0.0,0.0,1.0,0.0,0.0,0.0,0.0,0.0,0.0,0.0,0.0,0.0,0.0,0.0,0.0,1.0,0.0,1.0,0.0,0.0,0.0,0.0,0.0,0.0,0.0,0.0,0.0,1.0,0.0,0.0,0.0,0.0,0.0,0.0,0.0,0.0,0.0,0.0,0.0,0.0,0.0,0.0,0.0,0f1f8400,c1018d48,8bc1eb0c,000f1f80,00000000,8b5df48b,c8c1f905,f085148e,008b450c,008bca81,01a90000,088b04b9,f8000000,098bc1c1,e817a801,0f85e300,0facc214,f0010000,20040000,a810751b,0d83ff06,45f88b73,1f83ff06,00000006,1af6c101,07c745f0,02000000,8b45f889,45f8660f,8b45108b,058bcb8b,0000d3e0,75108078,8b4dfcc6,81582000,348b5514,108b088b,017599eb,5dc21400,cccccccc
1788306614.5191944,27512,7.006492321624085e-45,8.407790785948902e-45,1.401298464324817e-45,1.401298464324817e-45,1.0,0.0,0.0,0.0,0.0,0.0,0.0,1.0,0.0,0.0,0.0,0.0,0.0,0.0,0.0,0.0,0.0,0.0,0.0,0.0,1.0,0.0,1.0,0.0,0.0,0.0,0.0,0.0,0.0,0.0,0.0,0.0,1.0,0.0,0.0,0.0,0.0,0.0,0.0,0.0,0.0,0.0,0.0,0.0,0.0,0.0,0.0,0.0,0f1f8400,c1018d48,8bc1eb0c,000f1f80,00000000,8b5df48b,c8c1f905,f085148e,008b450c,008bca81,01a90000,088b04b9,f8000000,098bc1c1,e817a801,0f85e300,0facc214,f0010000,20040000,a810751b,0d83ff06,45f88b73,1f83ff06,00000006,1af6c101,07c745f0,02000000,8b45f889,45f8660f,8b45108b,058bcb8b,0000d3e0,75108078,8b4dfcc6,81582000,348b5514,108b088b,017599eb,5dc21400,cccccccc
1788306614.6247737,27512,7.006492321624085e-45,8.407790785948902e-45,1.401298464324817e-45,1.401298464324817e-45,1.0,0.0,0.0,0.0,0.0,0.0,0.0,1.0,0.0,0.0,0.0,0.0,0.0,0.0,0.0,0.0,0.0,0.0,0.0,0.0,1.0,0.0,1.0,0.0,0.0,0.0,0.0,0.0,0.0,0.0,0.0,0.0,1.0,0.0,0.0,0.0,0.0,0.0,0.0,0.0,0.0,0.0,0.0,0.0,0.0,0.0,0.0,0.0,0f1f8400,c1018d48,8bc1eb0c,000f1f80,00000000,8b5df48b,c8c1f905,f085148e,008b450c,008bca81,01a90000,088b04b9,f8000000,098bc1c1,e817a801,0f85e300,0facc214,f0010000,20040000,a810751b,0d83ff06,45f88b73,1f83ff06,00000006,1af6c101,07c745f0,02000000,8b45f889,45f8660f,8b45108b,058bcb8b,0000d3e0,75108078,8b4dfcc6,81582000,348b5514,108b088b,017599eb,5dc21400,cccccccc
1788306614.7255197,27512,7.006492321624085e-45,8.407790785948902e-45,1.401298464324817e-45,1.401298464324817e-45,1.0,0.0,0.0,0.0,0.0,0.0,0.0,1.0,0.0,0.0,0.0,0.0,0.0,0.0,0.0,0.0,0.0,0.0,0.0,0.0,1.0,0.0,1.0,0.0,0.0,0.0,0.0,0.0,0.0,0.0,0.0,0.0,1.0,0.0,0.0,0.0,0.0,0.0,0.0,0.0,0.0,0.0,0.0,0.0,0.0,0.0,0.0,0.0,0f1f8400,c1018d48,8bc1eb0c,000f1f80,00000000,8b5df48b,c8c1f905,f085148e,008b450c,008bca81,01a90000,088b04b9,f8000000,098bc1c1,e817a801,0f85e300,0facc214,f0010000,20040000,a810751b,0d83ff06,45f88b73,1f83ff06,00000006,1af6c101,07c745f0,02000000,8b45f889,45f8660f,8b45108b,058bcb8b,0000d3e0,75108078,8b4dfcc6,81582000,348b5514,108b088b,017599eb,5dc21400,cccccccc
1788306614.8259592,27512,7.006492321624085e-45,8.407790785948902e-45,1.401298464324817e-45,1.401298464324817e-45,1.0,0.0,0.0,0.0,0.0,0.0,0.0,1.0,0.0,0.0,0.0,0.0,0.0,0.0,0.0,0.0,0.0,0.0,0.0,0.0,1.0,0.0,1.0,0.0,0.0,0.0,0.0,0.0,0.0,0.0,0.0,0.0,1.0,0.0,0.0,0.0,0.0,0.0,0.0,0.0,0.0,0.0,0.0,0.0,0.0,0.0,0.0,0.0,0f1f8400,c1018d48,8bc1eb0c,000f1f80,00000000,8b5df48b,c8c1f905,f085148e,008b450c,008bca81,01a90000,088b04b9,f8000000,098bc1c1,e817a801,0f85e300,0facc214,f0010000,20040000,a810751b,0d83ff06,45f88b73,1f83ff06,00000006,1af6c101,07c745f0,02000000,8b45f889,45f8660f,8b45108b,058bcb8b,0000d3e0,75108078,8b4dfcc6,81582000,348b5514,108b088b,017599eb,5dc21400,cccccccc
1788306614.9269364,27512,7.006492321624085e-45,8.407790785948902e-45,1.401298464324817e-45,1.401298464324817e-45,1.0,0.0,0.0,0.0,0.0,0.0,0.0,1.0,0.0,0.0,0.0,0.0,0.0,0.0,0.0,0.0,0.0,0.0,0.0,0.0,1.0,0.0,1.0,0.0,0.0,0.0,0.0,0.0,0.0,0.0,0.0,0.0,1.0,0.0,0.0,0.0,0.0,0.0,0.0,0.0,0.0,0.0,0.0,0.0,0.0,0.0,0.0,0.0,0f1f8400,c1018d48,8bc1eb0c,000f1f80,00000000,8b5df48b,c8c1f905,f085148e,008b450c,008bca81,01a90000,088b04b9,f8000000,098bc1c1,e817a801,0f85e300,0facc214,f0010000,20040000,a810751b,0d83ff06,45f88b73,1f83ff06,00000006,1af6c101,07c745f0,02000000,8b45f889,45f8660f,8b45108b,058bcb8b,0000d3e0,75108078,8b4dfcc6,81582000,348b5514,108b088b,017599eb,5dc21400,cccccccc
1788306615.027515,27512,7.006492321624085e-45,8.407790785948902e-45,1.401298464324817e-45,1.401298464324817e-45,1.0,0.0,0.0,0.0,0.0,0.0,0.0,1.0,0.0,0.0,0.0,0.0,0.0,0.0,0.0,0.0,0.0,0.0,0.0,0.0,1.0,0.0,1.0,0.0,0.0,0.0,0.0,0.0,0.0,0.0,0.0,0.0,1.0,0.0,0.0,0.0,0.0,0.0,0.0,0.0,0.0,0.0,0.0,0.0,0.0,0.0,0.0,0.0,0f1f8400,c1018d48,8bc1eb0c,000f1f80,00000000,8b5df48b,c8c1f905,f085148e,008b450c,008bca81,01a90000,088b04b9,f8000000,098bc1c1,e817a801,0f85e300,0facc214,f0010000,20040000,a810751b,0d83ff06,45f88b73,1f83ff06,00000006,1af6c101,07c745f0,02000000,8b45f889,45f8660f,8b45108b,058bcb8b,0000d3e0,75108078,8b4dfcc6,81582000,348b5514,108b088b,017599eb,5dc21400,cccccccc
1788306615.1279128,27512,7.006492321624085e-45,8.407790785948902e-45,1.401298464324817e-45,1.401298464324817e-45,1.0,0.0,0.0,0.0,0.0,0.0,0.0,1.0,0.0,0.0,0.0,0.0,0.0,0.0,0.0,0.0,0.0,0.0,0.0,0.0,1.0,0.0,1.0,0.0,0.0,0.0,0.0,0.0,0.0,0.0,0.0,0.0,1.0,0.0,0.0,0.0,0.0,0.0,0.0,0.0,0.0,0.0,0.0,0.0,0.0,0.0,0.0,0.0,0f1f8400,c1018d48,8bc1eb0c,000f1f80,00000000,8b5df48b,c8c1f905,f085148e,008b450c,008bca81,01a90000,088b04b9,f8000000,098bc1c1,e817a801,0f85e300,0facc214,f0010000,20040000,a810751b,0d83ff06,45f88b73,1f83ff06,00000006,1af6c101,07c745f0,02000000,8b45f889,45f8660f,8b45108b,058bcb8b,0000d3e0,75108078,8b4dfcc6,81582000,348b5514,108b088b,017599eb,5dc21400,cccccccc
1788306615.2284184,27512,7.006492321624085e-45,8.407790785948902e-45,1.401298464324817e-45,1.401298464324817e-45,1.0,0.0,0.0,0.0,0.0,0.0,0.0,1.0,0.0,0.0,0.0,0.0,0.0,0.0,0.0,0.0,0.0,0.0,0.0,0.0,1.0,0.0,1.0,0.0,0.0,0.0,0.0,0.0,0.0,0.0,0.0,0.0,1.0,0.0,0.0,0.0,0.0,0.0,0.0,0.0,0.0,0.0,0.0,0.0,0.0,0.0,0.0,0.0,0f1f8400,c1018d48,8bc1eb0c,000f1f80,00000000,8b5df48b,c8c1f905,f085148e,008b450c,008bca81,01a90000,088b04b9,f8000000,098bc1c1,e817a801,0f85e300,0facc214,f0010000,20040000,a810751b,0d83ff06,45f88b73,1f83ff06,00000006,1af6c101,07c745f0,02000000,8b45f889,45f8660f,8b45108b,058bcb8b,0000d3e0,75108078,8b4dfcc6,81582000,348b5514,108b088b,017599eb,5dc21400,cccccccc
1788306615.3287508,27512,7.006492321624085e-45,8.407790785948902e-45,1.401298464324817e-45,1.401298464324817e-45,1.0,0.0,0.0,0.0,0.0,0.0,0.0,1.0,0.0,0.0,0.0,0.0,0.0,0.0,0.0,0.0,0.0,0.0,0.0,0.0,1.0,0.0,1.0,0.0,0.0,0.0,0.0,0.0,0.0,0.0,0.0,0.0,1.0,0.0,0.0,0.0,0.0,0.0,0.0,0.0,0.0,0.0,0.0,0.0,0.0,0.0,0.0,0.0,0f1f8400,c1018d48,8bc1eb0c,000f1f80,00000000,8b5df48b,c8c1f905,f085148e,008b450c,008bca81,01a90000,088b04b9,f8000000,098bc1c1,e817a801,0f85e300,0facc214,f0010000,20040000,a810751b,0d83ff06,45f88b73,1f83ff06,00000006,1af6c101,07c745f0,02000000,8b45f889,45f8660f,8b45108b,058bcb8b,0000d3e0,75108078,8b4dfcc6,81582000,348b5514,108b088b,017599eb,5dc21400,cccccccc
1788306615.4291425,27512,7.006492321624085e-45,8.407790785948902e-45,1.401298464324817e-45,1.401298464324817e-45,1.0,0.0,0.0,0.0,0.0,0.0,0.0,1.0,0.0,0.0,0.0,0.0,0.0,0.0,0.0,0.0,0.0,0.0,0.0,0.0,1.0,0.0,1.0,0.0,0.0,0.0,0.0,0.0,0.0,0.0,0.0,0.0,1.0,0.0,0.0,0.0,0.0,0.0,0.0,0.0,0.0,0.0,0.0,0.0,0.0,0.0,0.0,0.0,0f1f8400,c1018d48,8bc1eb0c,000f1f80,00000000,8b5df48b,c8c1f905,f085148e,008b450c,008bca81,01a90000,088b04b9,f8000000,098bc1c1,e817a801,0f85e300,0facc214,f0010000,20040000,a810751b,0d83ff06,45f88b73,1f83ff06,00000006,1af6c101,07c745f0,02000000,8b45f889,45f8660f,8b45108b,058bcb8b,0000d3e0,75108078,8b4dfcc6,81582000,348b5514,108b088b,017599eb,5dc21400,cccccccc
1788306615.529665,27512,7.006492321624085e-45,8.407790785948902e-45,1.401298464324817e-45,1.401298464324817e-45,1.0,0.0,0.0,0.0,0.0,0.0,0.0,1.0,0.0,0.0,0.0,0.0,0.0,0.0,0.0,0.0,0.0,0.0,0.0,0.0,1.0,0.0,1.0,0.0,0.0,0.0,0.0,0.0,0.0,0.0,0.0,0.0,1.0,0.0,0.0,0.0,0.0,0.0,0.0,0.0,0.0,0.0,0.0,0.0,0.0,0.0,0.0,0.0,0f1f8400,c1018d48,8bc1eb0c,000f1f80,00000000,8b5df48b,c8c1f905,f085148e,008b450c,008bca81,01a90000,088b04b9,f8000000,098bc1c1,e817a801,0f85e300,0facc214,f0010000,20040000,a810751b,0d83ff06,45f88b73,1f83ff06,00000006,1af6c101,07c745f0,02000000,8b45f889,45f8660f,8b45108b,058bcb8b,0000d3e0,75108078,8b4dfcc6,81582000,348b5514,108b088b,017599eb,5dc21400,cccccccc
1788306615.6301887,27512,7.006492321624085e-45,8.407790785948902e-45,1.401298464324817e-45,1.401298464324817e-45,1.0,0.0,0.0,0.0,0.0,0.0,0.0,1.0,0.0,0.0,0.0,0.0,0.0,0.0,0.0,0.0,0.0,0.0,0.0,0.0,1.0,0.0,1.0,0.0,0.0,0.0,0.0,0.0,0.0,0.0,0.0,0.0,1.0,0.0,0.0,0.0,0.0,0.0,0.0,0.0,0.0,0.0,0.0,0.0,0.0,0.0,0.0,0.0,0f1f8400,c1018d48,8bc1eb0c,000f1f80,00000000,8b5df48b,c8c1f905,f085148e,008b450c,008bca81,01a90000,088b04b9,f8000000,098bc1c1,e817a801,0f85e300,0facc214,f0010000,20040000,a810751b,0d83ff06,45f88b73,1f83ff06,00000006,1af6c101,07c745f0,02000000,8b45f889,45f8660f,8b45108b,058bcb8b,0000d3e0,75108078,8b4dfcc6,81582000,348b5514,108b088b,017599eb,5dc21400,cccccccc
1788306615.731072,27512,7.006492321624085e-45,8.407790785948902e-45,1.401298464324817e-45,1.401298464324817e-45,1.0,0.0,0.0,0.0,0.0,0.0,0.0,1.0,0.0,0.0,0.0,0.0,0.0,0.0,0.0,0.0,0.0,0.0,0.0,0.0,1.0,0.0,1.0,0.0,0.0,0.0,0.0,0.0,0.0,0.0,0.0,0.0,1.0,0.0,0.0,0.0,0.0,0.0,0.0,0.0,0.0,0.0,0.0,0.0,0.0,0.0,0.0,0.0,0f1f8400,c1018d48,8bc1eb0c,000f1f80,00000000,8b5df48b,c8c1f905,f085148e,008b450c,008bca81,01a90000,088b04b9,f8000000,098bc1c1,e817a801,0f85e300,0facc214,f0010000,20040000,a810751b,0d83ff06,45f88b73,1f83ff06,00000006,1af6c101,07c745f0,02000000,8b45f889,45f8660f,8b45108b,058bcb8b,0000d3e0,75108078,8b4dfcc6,81582000,348b5514,108b088b,017599eb,5dc21400,cccccccc
1788306615.8313625,27512,7.006492321624085e-45,8.407790785948902e-45,1.401298464324817e-45,1.401298464324817e-45,1.0,0.0,0.0,0.0,0.0,0.0,0.0,1.0,0.0,0.0,0.0,0.0,0.0,0.0,0.0,0.0,0.0,0.0,0.0,0.0,1.0,0.0,1.0,0.0,0.0,0.0,0.0,0.0,0.0,0.0,0.0,0.0,1.0,0.0,0.0,0.0,0.0,0.0,0.0,0.0,0.0,0.0,0.0,0.0,0.0,0.0,0.0,0.0,0f1f8400,c1018d48,8bc1eb0c,000f1f80,00000000,8b5df48b,c8c1f905,f085148e,008b450c,008bca81,01a90000,088b04b9,f8000000,098bc1c1,e817a801,0f85e300,0facc214,f0010000,20040000,a810751b,0d83ff06,45f88b73,1f83ff06,00000006,1af6c101,07c745f0,02000000,8b45f889,45f8660f,8b45108b,058bcb8b,0000d3e0,75108078,8b4dfcc6,81582000,348b5514,108b088b,017599eb,5dc21400,cccccccc
1788306615.9322383,27512,7.006492321624085e-45,8.407790785948902e-45,1.401298464324817e-45,1.401298464324817e-45,1.0,0.0,0.0,0.0,0.0,0.0,0.0,1.0,0.0,0.0,0.0,0.0,0.0,0.0,0.0,0.0,0.0,0.0,0.0,0.0,1.0,0.0,1.0,0.0,0.0,0.0,0.0,0.0,0.0,0.0,0.0,0.0,1.0,0.0,0.0,0.0,0.0,0.0,0.0,0.0,0.0,0.0,0.0,0.0,0.0,0.0,0.0,0.0,0f1f8400,c1018d48,8bc1eb0c,000f1f80,00000000,8b5df48b,c8c1f905,f085148e,008b450c,008bca81,01a90000,088b04b9,f8000000,098bc1c1,e817a801,0f85e300,0facc214,f0010000,20040000,a810751b,0d83ff06,45f88b73,1f83ff06,00000006,1af6c101,07c745f0,02000000,8b45f889,45f8660f,8b45108b,058bcb8b,0000d3e0,75108078,8b4dfcc6,81582000,348b5514,108b088b,017599eb,5dc21400,cccccccc
1788306616.0332537,27512,7.006492321624085e-45,8.407790785948902e-45,1.401298464324817e-45,1.401298464324817e-45,1.0,0.0,0.0,0.0,0.0,0.0,0.0,1.0,0.0,0.0,0.0,0.0,0.0,0.0,0.0,0.0,0.0,0.0,0.0,0.0,1.0,0.0,1.0,0.0,0.0,0.0,0.0,0.0,0.0,0.0,0.0,0.0,1.0,0.0,0.0,0.0,0.0,0.0,0.0,0.0,0.0,0.0,0.0,0.0,0.0,0.0,0.0,0.0,0f1f8400,c1018d48,8bc1eb0c,000f1f80,00000000,8b5df48b,c8c1f905,f085148e,008b450c,008bca81,01a90000,088b04b9,f8000000,098bc1c1,e817a801,0f85e300,0facc214,f0010000,20040000,a810751b,0d83ff06,45f88b73,1f83ff06,00000006,1af6c101,07c745f0,02000000,8b45f889,45f8660f,8b45108b,058bcb8b,0000d3e0,75108078,8b4dfcc6,81582000,348b5514,108b088b,017599eb,5dc21400,cccccccc
1788306616.1340327,27512,7.006492321624085e-45,8.407790785948902e-45,1.401298464324817e-45,1.401298464324817e-45,1.0,0.0,0.0,0.0,0.0,0.0,0.0,1.0,0.0,0.0,0.0,0.0,0.0,0.0,0.0,0.0,0.0,0.0,0.0,0.0,1.0,0.0,1.0,0.0,0.0,0.0,0.0,0.0,0.0,0.0,0.0,0.0,1.0,0.0,0.0,0.0,0.0,0.0,0.0,0.0,0.0,0.0,0.0,0.0,0.0,0.0,0.0,0.0,0f1f8400,c1018d48,8bc1eb0c,000f1f80,00000000,8b5df48b,c8c1f905,f085148e,008b450c,008bca81,01a90000,088b04b9,f8000000,098bc1c1,e817a801,0f85e300,0facc214,f0010000,20040000,a810751b,0d83ff06,45f88b73,1f83ff06,00000006,1af6c101,07c745f0,02000000,8b45f889,45f8660f,8b45108b,058bcb8b,0000d3e0,75108078,8b4dfcc6,81582000,348b5514,108b088b,017599eb,5dc21400,cccccccc
1788306616.2346728,27512,7.006492321624085e-45,8.407790785948902e-45,1.401298464324817e-45,1.401298464324817e-45,1.0,0.0,0.0,0.0,0.0,0.0,0.0,1.0,0.0,0.0,0.0,0.0,0.0,0.0,0.0,0.0,0.0,0.0,0.0,0.0,1.0,0.0,1.0,0.0,0.0,0.0,0.0,0.0,0.0,0.0,0.0,0.0,1.0,0.0,0.0,0.0,0.0,0.0,0.0,0.0,0.0,0.0,0.0,0.0,0.0,0.0,0.0,0.0,0f1f8400,c1018d48,8bc1eb0c,000f1f80,00000000,8b5df48b,c8c1f905,f085148e,008b450c,008bca81,01a90000,088b04b9,f8000000,098bc1c1,e817a801,0f85e300,0facc214,f0010000,20040000,a810751b,0d83ff06,45f88b73,1f83ff06,00000006,1af6c101,07c745f0,02000000,8b45f889,45f8660f,8b45108b,058bcb8b,0000d3e0,75108078,8b4dfcc6,81582000,348b5514,108b088b,017599eb,5dc21400,cccccccc
1788306616.3357363,27512,7.006492321624085e-45,8.407790785948902e-45,1.401298464324817e-45,1.401298464324817e-45,1.0,0.0,0.0,0.0,0.0,0.0,0.0,1.0,0.0,0.0,0.0,0.0,0.0,0.0,0.0,0.0,0.0,0.0,0.0,0.0,1.0,0.0,1.0,0.0,0.0,0.0,0.0,0.0,0.0,0.0,0.0,0.0,1.0,0.0,0.0,0.0,0.0,0.0,0.0,0.0,0.0,0.0,0.0,0.0,0.0,0.0,0.0,0.0,0f1f8400,c1018d48,8bc1eb0c,000f1f80,00000000,8b5df48b,c8c1f905,f085148e,008b450c,008bca81,01a90000,088b04b9,f8000000,098bc1c1,e817a801,0f85e300,0facc214,f0010000,20040000,a810751b,0d83ff06,45f88b73,1f83ff06,00000006,1af6c101,07c745f0,02000000,8b45f889,45f8660f,8b45108b,058bcb8b,0000d3e0,75108078,8b4dfcc6,81582000,348b5514,108b088b,017599eb,5dc21400,cccccccc
1788306616.4363418,27512,7.006492321624085e-45,8.407790785948902e-45,1.401298464324817e-45,1.401298464324817e-45,1.0,0.0,0.0,0.0,0.0,0.0,0.0,1.0,0.0,0.0,0.0,0.0,0.0,0.0,0.0,0.0,0.0,0.0,0.0,0.0,1.0,0.0,1.0,0.0,0.0,0.0,0.0,0.0,0.0,0.0,0.0,0.0,1.0,0.0,0.0,0.0,0.0,0.0,0.0,0.0,0.0,0.0,0.0,0.0,0.0,0.0,0.0,0.0,0f1f8400,c1018d48,8bc1eb0c,000f1f80,00000000,8b5df48b,c8c1f905,f085148e,008b450c,008bca81,01a90000,088b04b9,f8000000,098bc1c1,e817a801,0f85e300,0facc214,f0010000,20040000,a810751b,0d83ff06,45f88b73,1f83ff06,00000006,1af6c101,07c745f0,02000000,8b45f889,45f8660f,8b45108b,058bcb8b,0000d3e0,75108078,8b4dfcc6,81582000,348b5514,108b088b,017599eb,5dc21400,cccccccc
1788306616.5368168,27512,7.006492321624085e-45,8.407790785948902e-45,1.401298464324817e-45,1.401298464324817e-45,1.0,0.0,0.0,0.0,0.0,0.0,0.0,1.0,0.0,0.0,0.0,0.0,0.0,0.0,0.0,0.0,0.0,0.0,0.0,0.0,1.0,0.0,1.0,0.0,0.0,0.0,0.0,0.0,0.0,0.0,0.0,0.0,1.0,0.0,0.0,0.0,0.0,0.0,0.0,0.0,0.0,0.0,0.0,0.0,0.0,0.0,0.0,0.0,0f1f8400,c1018d48,8bc1eb0c,000f1f80,00000000,8b5df48b,c8c1f905,f085148e,008b450c,008bca81,01a90000,088b04b9,f8000000,098bc1c1,e817a801,0f85e300,0facc214,f0010000,20040000,a810751b,0d83ff06,45f88b73,1f83ff06,00000006,1af6c101,07c745f0,02000000,8b45f889,45f8660f,8b45108b,058bcb8b,0000d3e0,75108078,8b4dfcc6,81582000,348b5514,108b088b,017599eb,5dc21400,cccccccc
1788306616.6373303,27512,7.006492321624085e-45,8.407790785948902e-45,1.401298464324817e-45,1.401298464324817e-45,1.0,0.0,0.0,0.0,0.0,0.0,0.0,1.0,0.0,0.0,0.0,0.0,0.0,0.0,0.0,0.0,0.0,0.0,0.0,0.0,1.0,0.0,1.0,0.0,0.0,0.0,0.0,0.0,0.0,0.0,0.0,0.0,1.0,0.0,0.0,0.0,0.0,0.0,0.0,0.0,0.0,0.0,0.0,0.0,0.0,0.0,0.0,0.0,0f1f8400,c1018d48,8bc1eb0c,000f1f80,00000000,8b5df48b,c8c1f905,f085148e,008b450c,008bca81,01a90000,088b04b9,f8000000,098bc1c1,e817a801,0f85e300,0facc214,f0010000,20040000,a810751b,0d83ff06,45f88b73,1f83ff06,00000006,1af6c101,07c745f0,02000000,8b45f889,45f8660f,8b45108b,058bcb8b,0000d3e0,75108078,8b4dfcc6,81582000,348b5514,108b088b,017599eb,5dc21400,cccccccc
1788306616.7376819,27512,7.006492321624085e-45,8.407790785948902e-45,1.401298464324817e-45,1.401298464324817e-45,1.0,0.0,0.0,0.0,0.0,0.0,0.0,1.0,0.0,0.0,0.0,0.0,0.0,0.0,0.0,0.0,0.0,0.0,0.0,0.0,1.0,0.0,1.0,0.0,0.0,0.0,0.0,0.0,0.0,0.0,0.0,0.0,1.0,0.0,0.0,0.0,0.0,0.0,0.0,0.0,0.0,0.0,0.0,0.0,0.0,0.0,0.0,0.0,0f1f8400,c1018d48,8bc1eb0c,000f1f80,00000000,8b5df48b,c8c1f905,f085148e,008b450c,008bca81,01a90000,088b04b9,f8000000,098bc1c1,e817a801,0f85e300,0facc214,f0010000,20040000,a810751b,0d83ff06,45f88b73,1f83ff06,00000006,1af6c101,07c745f0,02000000,8b45f889,45f8660f,8b45108b,058bcb8b,0000d3e0,75108078,8b4dfcc6,81582000,348b5514,108b088b,017599eb,5dc21400,cccccccc
1788306616.8383594,27512,7.006492321624085e-45,8.407790785948902e-45,1.401298464324817e-45,1.401298464324817e-45,1.0,0.0,0.0,0.0,0.0,0.0,0.0,1.0,0.0,0.0,0.0,0.0,0.0,0.0,0.0,0.0,0.0,0.0,0.0,0.0,1.0,0.0,1.0,0.0,0.0,0.0,0.0,0.0,0.0,0.0,0.0,0.0,1.0,0.0,0.0,0.0,0.0,0.0,0.0,0.0,0.0,0.0,0.0,0.0,0.0,0.0,0.0,0.0,0f1f8400,c1018d48,8bc1eb0c,000f1f80,00000000,8b5df48b,c8c1f905,f085148e,008b450c,008bca81,01a90000,088b04b9,f8000000,098bc1c1,e817a801,0f85e300,0facc214,f0010000,20040000,a810751b,0d83ff06,45f88b73,1f83ff06,00000006,1af6c101,07c745f0,02000000,8b45f889,45f8660f,8b45108b,058bcb8b,0000d3e0,75108078,8b4dfcc6,81582000,348b5514,108b088b,017599eb,5dc21400,cccccccc
1788306616.9395738,27512,7.006492321624085e-45,8.407790785948902e-45,1.401298464324817e-45,1.401298464324817e-45,1.0,0.0,0.0,0.0,0.0,0.0,0.0,1.0,0.0,0.0,0.0,0.0,0.0,0.0,0.0,0.0,0.0,0.0,0.0,0.0,1.0,0.0,1.0,0.0,0.0,0.0,0.0,0.0,0.0,0.0,0.0,0.0,1.0,0.0,0.0,0.0,0.0,0.0,0.0,0.0,0.0,0.0,0.0,0.0,0.0,0.0,0.0,0.0,0f1f8400,c1018d48,8bc1eb0c,000f1f80,00000000,8b5df48b,c8c1f905,f085148e,008b450c,008bca81,01a90000,088b04b9,f8000000,098bc1c1,e817a801,0f85e300,0facc214,f0010000,20040000,a810751b,0d83ff06,45f88b73,1f83ff06,00000006,1af6c101,07c745f0,02000000,8b45f889,45f8660f,8b45108b,058bcb8b,0000d3e0,75108078,8b4dfcc6,81582000,348b5514,108b088b,017599eb,5dc21400,cccccccc
1788306617.0403132,27512,7.006492321624085e-45,8.407790785948902e-45,1.401298464324817e-45,1.401298464324817e-45,1.0,0.0,0.0,0.0,0.0,0.0,0.0,1.0,0.0,0.0,0.0,0.0,0.0,0.0,0.0,0.0,0.0,0.0,0.0,0.0,1.0,0.0,1.0,0.0,0.0,0.0,0.0,0.0,0.0,0.0,0.0,0.0,1.0,0.0,0.0,0.0,0.0,0.0,0.0,0.0,0.0,0.0,0.0,0.0,0.0,0.0,0.0,0.0,0f1f8400,c1018d48,8bc1eb0c,000f1f80,00000000,8b5df48b,c8c1f905,f085148e,008b450c,008bca81,01a90000,088b04b9,f8000000,098bc1c1,e817a801,0f85e300,0facc214,f0010000,20040000,a810751b,0d83ff06,45f88b73,1f83ff06,00000006,1af6c101,07c745f0,02000000,8b45f889,45f8660f,8b45108b,058bcb8b,0000d3e0,75108078,8b4dfcc6,81582000,348b5514,108b088b,017599eb,5dc21400,cccccccc
1788306617.1406162,27512,7.006492321624085e-45,8.407790785948902e-45,1.401298464324817e-45,1.401298464324817e-45,1.0,0.0,0.0,0.0,0.0,0.0,0.0,1.0,0.0,0.0,0.0,0.0,0.0,0.0,0.0,0.0,0.0,0.0,0.0,0.0,1.0,0.0,1.0,0.0,0.0,0.0,0.0,0.0,0.0,0.0,0.0,0.0,1.0,0.0,0.0,0.0,0.0,0.0,0.0,0.0,0.0,0.0,0.0,0.0,0.0,0.0,0.0,0.0,0f1f8400,c1018d48,8bc1eb0c,000f1f80,00000000,8b5df48b,c8c1f905,f085148e,008b450c,008bca81,01a90000,088b04b9,f8000000,098bc1c1,e817a801,0f85e300,0facc214,f0010000,20040000,a810751b,0d83ff06,45f88b73,1f83ff06,00000006,1af6c101,07c745f0,02000000,8b45f889,45f8660f,8b45108b,058bcb8b,0000d3e0,75108078,8b4dfcc6,81582000,348b5514,108b088b,017599eb,5dc21400,cccccccc
1788306617.2411277,27512,7.006492321624085e-45,8.407790785948902e-45,1.401298464324817e-45,1.401298464324817e-45,1.0,0.0,0.0,0.0,0.0,0.0,0.0,1.0,0.0,0.0,0.0,0.0,0.0,0.0,0.0,0.0,0.0,0.0,0.0,0.0,1.0,0.0,1.0,0.0,0.0,0.0,0.0,0.0,0.0,0.0,0.0,0.0,1.0,0.0,0.0,0.0,0.0,0.0,0.0,0.0,0.0,0.0,0.0,0.0,0.0,0.0,0.0,0.0,0f1f8400,c1018d48,8bc1eb0c,000f1f80,00000000,8b5df48b,c8c1f905,f085148e,008b450c,008bca81,01a90000,088b04b9,f8000000,098bc1c1,e817a801,0f85e300,0facc214,f0010000,20040000,a810751b,0d83ff06,45f88b73,1f83ff06,00000006,1af6c101,07c745f0,02000000,8b45f889,45f8660f,8b45108b,058bcb8b,0000d3e0,75108078,8b4dfcc6,81582000,348b5514,108b088b,017599eb,5dc21400,cccccccc
1788306617.3414423,27512,7.006492321624085e-45,8.407790785948902e-45,1.401298464324817e-45,1.401298464324817e-45,1.0,0.0,0.0,0.0,0.0,0.0,0.0,1.0,0.0,0.0,0.0,0.0,0.0,0.0,0.0,0.0,0.0,0.0,0.0,0.0,1.0,0.0,1.0,0.0,0.0,0.0,0.0,0.0,0.0,0.0,0.0,0.0,1.0,0.0,0.0,0.0,0.0,0.0,0.0,0.0,0.0,0.0,0.0,0.0,0.0,0.0,0.0,0.0,0f1f8400,c1018d48,8bc1eb0c,000f1f80,00000000,8b5df48b,c8c1f905,f085148e,008b450c,008bca81,01a90000,088b04b9,f8000000,098bc1c1,e817a801,0f85e300,0facc214,f0010000,20040000,a810751b,0d83ff06,45f88b73,1f83ff06,00000006,1af6c101,07c745f0,02000000,8b45f889,45f8660f,8b45108b,058bcb8b,0000d3e0,75108078,8b4dfcc6,81582000,348b5514,108b088b,017599eb,5dc21400,cccccccc
1788306617.4421682,27512,7.006492321624085e-45,8.407790785948902e-45,1.401298464324817e-45,1.401298464324817e-45,1.0,0.0,0.0,0.0,0.0,0.0,0.0,1.0,0.0,0.0,0.0,0.0,0.0,0.0,0.0,0.0,0.0,0.0,0.0,0.0,1.0,0.0,1.0,0.0,0.0,0.0,0.0,0.0,0.0,0.0,0.0,0.0,1.0,0.0,0.0,0.0,0.0,0.0,0.0,0.0,0.0,0.0,0.0,0.0,0.0,0.0,0.0,0.0,0f1f8400,c1018d48,8bc1eb0c,000f1f80,00000000,8b5df48b,c8c1f905,f085148e,008b450c,008bca81,01a90000,088b04b9,f8000000,098bc1c1,e817a801,0f85e300,0facc214,f0010000,20040000,a810751b,0d83ff06,45f88b73,1f83ff06,00000006,1af6c101,07c745f0,02000000,8b45f889,45f8660f,8b45108b,058bcb8b,0000d3e0,75108078,8b4dfcc6,81582000,348b5514,108b088b,017599eb,5dc21400,cccccccc
1788306617.5430236,27512,7.006492321624085e-45,8.407790785948902e-45,1.401298464324817e-45,1.401298464324817e-45,1.0,0.0,0.0,0.0,0.0,0.0,0.0,1.0,0.0,0.0,0.0,0.0,0.0,0.0,0.0,0.0,0.0,0.0,0.0,0.0,1.0,0.0,1.0,0.0,0.0,0.0,0.0,0.0,0.0,0.0,0.0,0.0,1.0,0.0,0.0,0.0,0.0,0.0,0.0,0.0,0.0,0.0,0.0,0.0,0.0,0.0,0.0,0.0,0f1f8400,c1018d48,8bc1eb0c,000f1f80,00000000,8b5df48b,c8c1f905,f085148e,008b450c,008bca81,01a90000,088b04b9,f8000000,098bc1c1,e817a801,0f85e300,0facc214,f0010000,20040000,a810751b,0d83ff06,45f88b73,1f83ff06,00000006,1af6c101,07c745f0,02000000,8b45f889,45f8660f,8b45108b,058bcb8b,0000d3e0,75108078,8b4dfcc6,81582000,348b5514,108b088b,017599eb,5dc21400,cccccccc
1788306617.6438124,27512,7.006492321624085e-45,8.407790785948902e-45,1.401298464324817e-45,1.401298464324817e-45,1.0,0.0,0.0,0.0,0.0,0.0,0.0,1.0,0.0,0.0,0.0,0.0,0.0,0.0,0.0,0.0,0.0,0.0,0.0,0.0,1.0,0.0,1.0,0.0,0.0,0.0,0.0,0.0,0.0,0.0,0.0,0.0,1.0,0.0,0.0,0.0,0.0,0.0,0.0,0.0,0.0,0.0,0.0,0.0,0.0,0.0,0.0,0.0,0f1f8400,c1018d48,8bc1eb0c,000f1f80,00000000,8b5df48b,c8c1f905,f085148e,008b450c,008bca81,01a90000,088b04b9,f8000000,098bc1c1,e817a801,0f85e300,0facc214,f0010000,20040000,a810751b,0d83ff06,45f88b73,1f83ff06,00000006,1af6c101,07c745f0,02000000,8b45f889,45f8660f,8b45108b,058bcb8b,0000d3e0,75108078,8b4dfcc6,81582000,348b5514,108b088b,017599eb,5dc21400,cccccccc
1788306617.7446651,27512,7.006492321624085e-45,8.407790785948902e-45,1.401298464324817e-45,1.401298464324817e-45,1.0,0.0,0.0,0.0,0.0,0.0,0.0,1.0,0.0,0.0,0.0,0.0,0.0,0.0,0.0,0.0,0.0,0.0,0.0,0.0,1.0,0.0,1.0,0.0,0.0,0.0,0.0,0.0,0.0,0.0,0.0,0.0,1.0,0.0,0.0,0.0,0.0,0.0,0.0,0.0,0.0,0.0,0.0,0.0,0.0,0.0,0.0,0.0,0f1f8400,c1018d48,8bc1eb0c,000f1f80,00000000,8b5df48b,c8c1f905,f085148e,008b450c,008bca81,01a90000,088b04b9,f8000000,098bc1c1,e817a801,0f85e300,0facc214,f0010000,20040000,a810751b,0d83ff06,45f88b73,1f83ff06,00000006,1af6c101,07c745f0,02000000,8b45f889,45f8660f,8b45108b,058bcb8b,0000d3e0,75108078,8b4dfcc6,81582000,348b5514,108b088b,017599eb,5dc21400,cccccccc
1788306617.8461697,27512,7.006492321624085e-45,8.407790785948902e-45,1.401298464324817e-45,1.401298464324817e-45,1.0,0.0,0.0,0.0,0.0,0.0,0.0,1.0,0.0,0.0,0.0,0.0,0.0,0.0,0.0,0.0,0.0,0.0,0.0,0.0,1.0,0.0,1.0,0.0,0.0,0.0,0.0,0.0,0.0,0.0,0.0,0.0,1.0,0.0,0.0,0.0,0.0,0.0,0.0,0.0,0.0,0.0,0.0,0.0,0.0,0.0,0.0,0.0,0f1f8400,c1018d48,8bc1eb0c,000f1f80,00000000,8b5df48b,c8c1f905,f085148e,008b450c,008bca81,01a90000,088b04b9,f8000000,098bc1c1,e817a801,0f85e300,0facc214,f0010000,20040000,a810751b,0d83ff06,45f88b73,1f83ff06,00000006,1af6c101,07c745f0,02000000,8b45f889,45f8660f,8b45108b,058bcb8b,0000d3e0,75108078,8b4dfcc6,81582000,348b5514,108b088b,017599eb,5dc21400,cccccccc
1788306617.9468594,27512,7.006492321624085e-45,8.407790785948902e-45,1.401298464324817e-45,1.401298464324817e-45,1.0,0.0,0.0,0.0,0.0,0.0,0.0,1.0,0.0,0.0,0.0,0.0,0.0,0.0,0.0,0.0,0.0,0.0,0.0,0.0,1.0,0.0,1.0,0.0,0.0,0.0,0.0,0.0,0.0,0.0,0.0,0.0,1.0,0.0,0.0,0.0,0.0,0.0,0.0,0.0,0.0,0.0,0.0,0.0,0.0,0.0,0.0,0.0,0f1f8400,c1018d48,8bc1eb0c,000f1f80,00000000,8b5df48b,c8c1f905,f085148e,008b450c,008bca81,01a90000,088b04b9,f8000000,098bc1c1,e817a801,0f85e300,0facc214,f0010000,20040000,a810751b,0d83ff06,45f88b73,1f83ff06,00000006,1af6c101,07c745f0,02000000,8b45f889,45f8660f,8b45108b,058bcb8b,0000d3e0,75108078,8b4dfcc6,81582000,348b5514,108b088b,017599eb,5dc21400,cccccccc
1788306618.0473607,27512,7.006492321624085e-45,8.407790785948902e-45,1.401298464324817e-45,1.401298464324817e-45,1.0,0.0,0.0,0.0,0.0,0.0,0.0,1.0,0.0,0.0,0.0,0.0,0.0,0.0,0.0,0.0,0.0,0.0,0.0,0.0,1.0,0.0,1.0,0.0,0.0,0.0,0.0,0.0,0.0,0.0,0.0,0.0,1.0,0.0,0.0,0.0,0.0,0.0,0.0,0.0,0.0,0.0,0.0,0.0,0.0,0.0,0.0,0.0,0f1f8400,c1018d48,8bc1eb0c,000f1f80,00000000,8b5df48b,c8c1f905,f085148e,008b450c,008bca81,01a90000,088b04b9,f8000000,098bc1c1,e817a801,0f85e300,0facc214,f0010000,20040000,a810751b,0d83ff06,45f88b73,1f83ff06,00000006,1af6c101,07c745f0,02000000,8b45f889,45f8660f,8b45108b,058bcb8b,0000d3e0,75108078,8b4dfcc6,81582000,348b5514,108b088b,017599eb,5dc21400,cccccccc
1788306618.147737,27512,7.006492321624085e-45,8.407790785948902e-45,1.401298464324817e-45,1.401298464324817e-45,1.0,0.0,0.0,0.0,0.0,0.0,0.0,1.0,0.0,0.0,0.0,0.0,0.0,0.0,0.0,0.0,0.0,0.0,0.0,0.0,1.0,0.0,1.0,0.0,0.0,0.0,0.0,0.0,0.0,0.0,0.0,0.0,1.0,0.0,0.0,0.0,0.0,0.0,0.0,0.0,0.0,0.0,0.0,0.0,0.0,0.0,0.0,0.0,0f1f8400,c1018d48,8bc1eb0c,000f1f80,00000000,8b5df48b,c8c1f905,f085148e,008b450c,008bca81,01a90000,088b04b9,f8000000,098bc1c1,e817a801,0f85e300,0facc214,f0010000,20040000,a810751b,0d83ff06,45f88b73,1f83ff06,00000006,1af6c101,07c745f0,02000000,8b45f889,45f8660f,8b45108b,058bcb8b,0000d3e0,75108078,8b4dfcc6,81582000,348b5514,108b088b,017599eb,5dc21400,cccccccc
1788306618.248038,27512,7.006492321624085e-45,8.407790785948902e-45,1.401298464324817e-45,1.401298464324817e-45,1.0,0.0,0.0,0.0,0.0,0.0,0.0,1.0,0.0,0.0,0.0,0.0,0.0,0.0,0.0,0.0,0.0,0.0,0.0,0.0,1.0,0.0,1.0,0.0,0.0,0.0,0.0,0.0,0.0,0.0,0.0,0.0,1.0,0.0,0.0,0.0,0.0,0.0,0.0,0.0,0.0,0.0,0.0,0.0,0.0,0.0,0.0,0.0,0f1f8400,c1018d48,8bc1eb0c,000f1f80,00000000,8b5df48b,c8c1f905,f085148e,008b450c,008bca81,01a90000,088b04b9,f8000000,098bc1c1,e817a801,0f85e300,0facc214,f0010000,20040000,a810751b,0d83ff06,45f88b73,1f83ff06,00000006,1af6c101,07c745f0,02000000,8b45f889,45f8660f,8b45108b,058bcb8b,0000d3e0,75108078,8b4dfcc6,81582000,348b5514,108b088b,017599eb,5dc21400,cccccccc
1788306618.348793,27512,7.006492321624085e-45,8.407790785948902e-45,1.401298464324817e-45,1.401298464324817e-45,1.0,0.0,0.0,0.0,0.0,0.0,0.0,1.0,0.0,0.0,0.0,0.0,0.0,0.0,0.0,0.0,0.0,0.0,0.0,0.0,1.0,0.0,1.0,0.0,0.0,0.0,0.0,0.0,0.0,0.0,0.0,0.0,1.0,0.0,0.0,0.0,0.0,0.0,0.0,0.0,0.0,0.0,0.0,0.0,0.0,0.0,0.0,0.0,0f1f8400,c1018d48,8bc1eb0c,000f1f80,00000000,8b5df48b,c8c1f905,f085148e,008b450c,008bca81,01a90000,088b04b9,f8000000,098bc1c1,e817a801,0f85e300,0facc214,f0010000,20040000,a810751b,0d83ff06,45f88b73,1f83ff06,00000006,1af6c101,07c745f0,02000000,8b45f889,45f8660f,8b45108b,058bcb8b,0000d3e0,75108078,8b4dfcc6,81582000,348b5514,108b088b,017599eb,5dc21400,cccccccc
1788306618.4503365,27512,7.006492321624085e-45,8.407790785948902e-45,1.401298464324817e-45,1.401298464324817e-45,1.0,0.0,0.0,0.0,0.0,0.0,0.0,1.0,0.0,0.0,0.0,0.0,0.0,0.0,0.0,0.0,0.0,0.0,0.0,0.0,1.0,0.0,1.0,0.0,0.0,0.0,0.0,0.0,0.0,0.0,0.0,0.0,1.0,0.0,0.0,0.0,0.0,0.0,0.0,0.0,0.0,0.0,0.0,0.0,0.0,0.0,0.0,0.0,0f1f8400,c1018d48,8bc1eb0c,000f1f80,00000000,8b5df48b,c8c1f905,f085148e,008b450c,008bca81,01a90000,088b04b9,f8000000,098bc1c1,e817a801,0f85e300,0facc214,f0010000,20040000,a810751b,0d83ff06,45f88b73,1f83ff06,00000006,1af6c101,07c745f0,02000000,8b45f889,45f8660f,8b45108b,058bcb8b,0000d3e0,75108078,8b4dfcc6,81582000,348b5514,108b088b,017599eb,5dc21400,cccccccc
1788306618.5512083,27512,7.006492321624085e-45,8.407790785948902e-45,1.401298464324817e-45,1.401298464324817e-45,1.0,0.0,0.0,0.0,0.0,0.0,0.0,1.0,0.0,0.0,0.0,0.0,0.0,0.0,0.0,0.0,0.0,0.0,0.0,0.0,1.0,0.0,1.0,0.0,0.0,0.0,0.0,0.0,0.0,0.0,0.0,0.0,1.0,0.0,0.0,0.0,0.0,0.0,0.0,0.0,0.0,0.0,0.0,0.0,0.0,0.0,0.0,0.0,0f1f8400,c1018d48,8bc1eb0c,000f1f80,00000000,8b5df48b,c8c1f905,f085148e,008b450c,008bca81,01a90000,088b04b9,f8000000,098bc1c1,e817a801,0f85e300,0facc214,f0010000,20040000,a810751b,0d83ff06,45f88b73,1f83ff06,00000006,1af6c101,07c745f0,02000000,8b45f889,45f8660f,8b45108b,058bcb8b,0000d3e0,75108078,8b4dfcc6,81582000,348b5514,108b088b,017599eb,5dc21400,cccccccc
1788306618.6823683,27512,7.006492321624085e-45,8.407790785948902e-45,1.401298464324817e-45,1.401298464324817e-45,1.0,0.0,0.0,0.0,0.0,0.0,0.0,1.0,0.0,0.0,0.0,0.0,0.0,0.0,0.0,0.0,0.0,0.0,0.0,0.0,1.0,0.0,1.0,0.0,0.0,0.0,0.0,0.0,0.0,0.0,0.0,0.0,1.0,0.0,0.0,0.0,0.0,0.0,0.0,0.0,0.0,0.0,0.0,0.0,0.0,0.0,0.0,0.0,0f1f8400,c1018d48,8bc1eb0c,000f1f80,00000000,8b5df48b,c8c1f905,f085148e,008b450c,008bca81,01a90000,088b04b9,f8000000,098bc1c1,e817a801,0f85e300,0facc214,f0010000,20040000,a810751b,0d83ff06,45f88b73,1f83ff06,00000006,1af6c101,07c745f0,02000000,8b45f889,45f8660f,8b45108b,058bcb8b,0000d3e0,75108078,8b4dfcc6,81582000,348b5514,108b088b,017599eb,5dc21400,cccccccc
1788306618.7833111,27512,7.006492321624085e-45,8.407790785948902e-45,1.401298464324817e-45,1.401298464324817e-45,1.0,0.0,0.0,0.0,0.0,0.0,0.0,1.0,0.0,0.0,0.0,0.0,0.0,0.0,0.0,0.0,0.0,0.0,0.0,0.0,1.0,0.0,1.0,0.0,0.0,0.0,0.0,0.0,0.0,0.0,0.0,0.0,1.0,0.0,0.0,0.0,0.0,0.0,0.0,0.0,0.0,0.0,0.0,0.0,0.0,0.0,0.0,0.0,0f1f8400,c1018d48,8bc1eb0c,000f1f80,00000000,8b5df48b,c8c1f905,f085148e,008b450c,008bca81,01a90000,088b04b9,f8000000,098bc1c1,e817a801,0f85e300,0facc214,f0010000,20040000,a810751b,0d83ff06,45f88b73,1f83ff06,00000006,1af6c101,07c745f0,02000000,8b45f889,45f8660f,8b45108b,058bcb8b,0000d3e0,75108078,8b4dfcc6,81582000,348b5514,108b088b,017599eb,5dc21400,cccccccc
1788306618.883973,27512,7.006492321624085e-45,8.407790785948902e-45,1.401298464324817e-45,1.401298464324817e-45,1.0,0.0,0.0,0.0,0.0,0.0,0.0,1.0,0.0,0.0,0.0,0.0,0.0,0.0,0.0,0.0,0.0,0.0,0.0,0.0,1.0,0.0,1.0,0.0,0.0,0.0,0.0,0.0,0.0,0.0,0.0,0.0,1.0,0.0,0.0,0.0,0.0,0.0,0.0,0.0,0.0,0.0,0.0,0.0,0.0,0.0,0.0,0.0,0f1f8400,c1018d48,8bc1eb0c,000f1f80,00000000,8b5df48b,c8c1f905,f085148e,008b450c,008bca81,01a90000,088b04b9,f8000000,098bc1c1,e817a801,0f85e300,0facc214,f0010000,20040000,a810751b,0d83ff06,45f88b73,1f83ff06,00000006,1af6c101,07c745f0,02000000,8b45f889,45f8660f,8b45108b,058bcb8b,0000d3e0,75108078,8b4dfcc6,81582000,348b5514,108b088b,017599eb,5dc21400,cccccccc
1788306618.9847462,27512,7.006492321624085e-45,8.407790785948902e-45,1.401298464324817e-45,1.401298464324817e-45,1.0,0.0,0.0,0.0,0.0,0.0,0.0,1.0,0.0,0.0,0.0,0.0,0.0,0.0,0.0,0.0,0.0,0.0,0.0,0.0,1.0,0.0,1.0,0.0,0.0,0.0,0.0,0.0,0.0,0.0,0.0,0.0,1.0,0.0,0.0,0.0,0.0,0.0,0.0,0.0,0.0,0.0,0.0,0.0,0.0,0.0,0.0,0.0,0f1f8400,c1018d48,8bc1eb0c,000f1f80,00000000,8b5df48b,c8c1f905,f085148e,008b450c,008bca81,01a90000,088b04b9,f8000000,098bc1c1,e817a801,0f85e300,0facc214,f0010000,20040000,a810751b,0d83ff06,45f88b73,1f83ff06,00000006,1af6c101,07c745f0,02000000,8b45f889,45f8660f,8b45108b,058bcb8b,0000d3e0,75108078,8b4dfcc6,81582000,348b5514,108b088b,017599eb,5dc21400,cccccccc
1788306619.0857735,27512,7.006492321624085e-45,8.407790785948902e-45,1.401298464324817e-45,1.401298464324817e-45,1.0,0.0,0.0,0.0,0.0,0.0,0.0,1.0,0.0,0.0,0.0,0.0,0.0,0.0,0.0,0.0,0.0,0.0,0.0,0.0,1.0,0.0,1.0,0.0,0.0,0.0,0.0,0.0,0.0,0.0,0.0,0.0,1.0,0.0,0.0,0.0,0.0,0.0,0.0,0.0,0.0,0.0,0.0,0.0,0.0,0.0,0.0,0.0,0f1f8400,c1018d48,8bc1eb0c,000f1f80,00000000,8b5df48b,c8c1f905,f085148e,008b450c,008bca81,01a90000,088b04b9,f8000000,098bc1c1,e817a801,0f85e300,0facc214,f0010000,20040000,a810751b,0d83ff06,45f88b73,1f83ff06,00000006,1af6c101,07c745f0,02000000,8b45f889,45f8660f,8b45108b,058bcb8b,0000d3e0,75108078,8b4dfcc6,81582000,348b5514,108b088b,017599eb,5dc21400,cccccccc
1788306619.186423,27512,7.006492321624085e-45,8.407790785948902e-45,1.401298464324817e-45,1.401298464324817e-45,1.0,0.0,0.0,0.0,0.0,0.0,0.0,1.0,0.0,0.0,0.0,0.0,0.0,0.0,0.0,0.0,0.0,0.0,0.0,0.0,1.0,0.0,1.0,0.0,0.0,0.0,0.0,0.0,0.0,0.0,0.0,0.0,1.0,0.0,0.0,0.0,0.0,0.0,0.0,0.0,0.0,0.0,0.0,0.0,0.0,0.0,0.0,0.0,0f1f8400,c1018d48,8bc1eb0c,000f1f80,00000000,8b5df48b,c8c1f905,f085148e,008b450c,008bca81,01a90000,088b04b9,f8000000,098bc1c1,e817a801,0f85e300,0facc214,f0010000,20040000,a810751b,0d83ff06,45f88b73,1f83ff06,00000006,1af6c101,07c745f0,02000000,8b45f889,45f8660f,8b45108b,058bcb8b,0000d3e0,75108078,8b4dfcc6,81582000,348b5514,108b088b,017599eb,5dc21400,cccccccc
1788306619.290196,27512,7.006492321624085e-45,8.407790785948902e-45,1.401298464324817e-45,1.401298464324817e-45,1.0,0.0,0.0,0.0,0.0,0.0,0.0,1.0,0.0,0.0,0.0,0.0,0.0,0.0,0.0,0.0,0.0,0.0,0.0,0.0,1.0,0.0,1.0,0.0,0.0,0.0,0.0,0.0,0.0,0.0,0.0,0.0,1.0,0.0,0.0,0.0,0.0,0.0,0.0,0.0,0.0,0.0,0.0,0.0,0.0,0.0,0.0,0.0,0f1f8400,c1018d48,8bc1eb0c,000f1f80,00000000,8b5df48b,c8c1f905,f085148e,008b450c,008bca81,01a90000,088b04b9,f8000000,098bc1c1,e817a801,0f85e300,0facc214,f0010000,20040000,a810751b,0d83ff06,45f88b73,1f83ff06,00000006,1af6c101,07c745f0,02000000,8b45f889,45f8660f,8b45108b,058bcb8b,0000d3e0,75108078,8b4dfcc6,81582000,348b5514,108b088b,017599eb,5dc21400,cccccccc
1788306619.3908846,27512,7.006492321624085e-45,8.407790785948902e-45,1.401298464324817e-45,1.401298464324817e-45,1.0,0.0,0.0,0.0,0.0,0.0,0.0,1.0,0.0,0.0,0.0,0.0,0.0,0.0,0.0,0.0,0.0,0.0,0.0,0.0,1.0,0.0,1.0,0.0,0.0,0.0,0.0,0.0,0.0,0.0,0.0,0.0,1.0,0.0,0.0,0.0,0.0,0.0,0.0,0.0,0.0,0.0,0.0,0.0,0.0,0.0,0.0,0.0,0f1f8400,c1018d48,8bc1eb0c,000f1f80,00000000,8b5df48b,c8c1f905,f085148e,008b450c,008bca81,01a90000,088b04b9,f8000000,098bc1c1,e817a801,0f85e300,0facc214,f0010000,20040000,a810751b,0d83ff06,45f88b73,1f83ff06,00000006,1af6c101,07c745f0,02000000,8b45f889,45f8660f,8b45108b,058bcb8b,0000d3e0,75108078,8b4dfcc6,81582000,348b5514,108b088b,017599eb,5dc21400,cccccccc
1788306619.526528,27512,7.006492321624085e-45,8.407790785948902e-45,1.401298464324817e-45,1.401298464324817e-45,1.0,0.0,0.0,0.0,0.0,0.0,0.0,1.0,0.0,0.0,0.0,0.0,0.0,0.0,0.0,0.0,0.0,0.0,0.0,0.0,1.0,0.0,1.0,0.0,0.0,0.0,0.0,0.0,0.0,0.0,0.0,0.0,1.0,0.0,0.0,0.0,0.0,0.0,0.0,0.0,0.0,0.0,0.0,0.0,0.0,0.0,0.0,0.0,0f1f8400,c1018d48,8bc1eb0c,000f1f80,00000000,8b5df48b,c8c1f905,f085148e,008b450c,008bca81,01a90000,088b04b9,f8000000,098bc1c1,e817a801,0f85e300,0facc214,f0010000,20040000,a810751b,0d83ff06,45f88b73,1f83ff06,00000006,1af6c101,07c745f0,02000000,8b45f889,45f8660f,8b45108b,058bcb8b,0000d3e0,75108078,8b4dfcc6,81582000,348b5514,108b088b,017599eb,5dc21400,cccccccc
1788306619.626895,27512,7.006492321624085e-45,8.407790785948902e-45,1.401298464324817e-45,1.401298464324817e-45,1.0,0.0,0.0,0.0,0.0,0.0,0.0,1.0,0.0,0.0,0.0,0.0,0.0,0.0,0.0,0.0,0.0,0.0,0.0,0.0,1.0,0.0,1.0,0.0,0.0,0.0,0.0,0.0,0.0,0.0,0.0,0.0,1.0,0.0,0.0,0.0,0.0,0.0,0.0,0.0,0.0,0.0,0.0,0.0,0.0,0.0,0.0,0.0,0f1f8400,c1018d48,8bc1eb0c,000f1f80,00000000,8b5df48b,c8c1f905,f085148e,008b450c,008bca81,01a90000,088b04b9,f8000000,098bc1c1,e817a801,0f85e300,0facc214,f0010000,20040000,a810751b,0d83ff06,45f88b73,1f83ff06,00000006,1af6c101,07c745f0,02000000,8b45f889,45f8660f,8b45108b,058bcb8b,0000d3e0,75108078,8b4dfcc6,81582000,348b5514,108b088b,017599eb,5dc21400,cccccccc
1788306619.7274404,27512,7.006492321624085e-45,8.407790785948902e-45,1.401298464324817e-45,1.401298464324817e-45,1.0,0.0,0.0,0.0,0.0,0.0,0.0,1.0,0.0,0.0,0.0,0.0,0.0,0.0,0.0,0.0,0.0,0.0,0.0,0.0,1.0,0.0,1.0,0.0,0.0,0.0,0.0,0.0,0.0,0.0,0.0,0.0,1.0,0.0,0.0,0.0,0.0,0.0,0.0,0.0,0.0,0.0,0.0,0.0,0.0,0.0,0.0,0.0,0f1f8400,c1018d48,8bc1eb0c,000f1f80,00000000,8b5df48b,c8c1f905,f085148e,008b450c,008bca81,01a90000,088b04b9,f8000000,098bc1c1,e817a801,0f85e300,0facc214,f0010000,20040000,a810751b,0d83ff06,45f88b73,1f83ff06,00000006,1af6c101,07c745f0,02000000,8b45f889,45f8660f,8b45108b,058bcb8b,0000d3e0,75108078,8b4dfcc6,81582000,348b5514,108b088b,017599eb,5dc21400,cccccccc
1788306619.8278008,27512,7.006492321624085e-45,8.407790785948902e-45,1.401298464324817e-45,1.401298464324817e-45,1.0,0.0,0.0,0.0,0.0,0.0,0.0,1.0,0.0,0.0,0.0,0.0,0.0,0.0,0.0,0.0,0.0,0.0,0.0,0.0,1.0,0.0,1.0,0.0,0.0,0.0,0.0,0.0,0.0,0.0,0.0,0.0,1.0,0.0,0.0,0.0,0.0,0.0,0.0,0.0,0.0,0.0,0.0,0.0,0.0,0.0,0.0,0.0,0f1f8400,c1018d48,8bc1eb0c,000f1f80,00000000,8b5df48b,c8c1f905,f085148e,008b450c,008bca81,01a90000,088b04b9,f8000000,098bc1c1,e817a801,0f85e300,0facc214,f0010000,20040000,a810751b,0d83ff06,45f88b73,1f83ff06,00000006,1af6c101,07c745f0,02000000,8b45f889,45f8660f,8b45108b,058bcb8b,0000d3e0,75108078,8b4dfcc6,81582000,348b5514,108b088b,017599eb,5dc21400,cccccccc
1788306619.9286144,27512,7.006492321624085e-45,8.407790785948902e-45,1.401298464324817e-45,1.401298464324817e-45,1.0,0.0,0.0,0.0,0.0,0.0,0.0,1.0,0.0,0.0,0.0,0.0,0.0,0.0,0.0,0.0,0.0,0.0,0.0,0.0,1.0,0.0,1.0,0.0,0.0,0.0,0.0,0.0,0.0,0.0,0.0,0.0,1.0,0.0,0.0,0.0,0.0,0.0,0.0,0.0,0.0,0.0,0.0,0.0,0.0,0.0,0.0,0.0,0f1f8400,c1018d48,8bc1eb0c,000f1f80,00000000,8b5df48b,c8c1f905,f085148e,008b450c,008bca81,01a90000,088b04b9,f8000000,098bc1c1,e817a801,0f85e300,0facc214,f0010000,20040000,a810751b,0d83ff06,45f88b73,1f83ff06,00000006,1af6c101,07c745f0,02000000,8b45f889,45f8660f,8b45108b,058bcb8b,0000d3e0,75108078,8b4dfcc6,81582000,348b5514,108b088b,017599eb,5dc21400,cccccccc
1788306620.029368,27512,7.006492321624085e-45,8.407790785948902e-45,1.401298464324817e-45,1.401298464324817e-45,1.0,0.0,0.0,0.0,0.0,0.0,0.0,1.0,0.0,0.0,0.0,0.0,0.0,0.0,0.0,0.0,0.0,0.0,0.0,0.0,1.0,0.0,1.0,0.0,0.0,0.0,0.0,0.0,0.0,0.0,0.0,0.0,1.0,0.0,0.0,0.0,0.0,0.0,0.0,0.0,0.0,0.0,0.0,0.0,0.0,0.0,0.0,0.0,0f1f8400,c1018d48,8bc1eb0c,000f1f80,00000000,8b5df48b,c8c1f905,f085148e,008b450c,008bca81,01a90000,088b04b9,f8000000,098bc1c1,e817a801,0f85e300,0facc214,f0010000,20040000,a810751b,0d83ff06,45f88b73,1f83ff06,00000006,1af6c101,07c745f0,02000000,8b45f889,45f8660f,8b45108b,058bcb8b,0000d3e0,75108078,8b4dfcc6,81582000,348b5514,108b088b,017599eb,5dc21400,cccccccc
1788306620.1298692,27512,7.006492321624085e-45,8.407790785948902e-45,1.401298464324817e-45,1.401298464324817e-45,1.0,0.0,0.0,0.0,0.0,0.0,0.0,1.0,0.0,0.0,0.0,0.0,0.0,0.0,0.0,0.0,0.0,0.0,0.0,0.0,1.0,0.0,1.0,0.0,0.0,0.0,0.0,0.0,0.0,0.0,0.0,0.0,1.0,0.0,0.0,0.0,0.0,0.0,0.0,0.0,0.0,0.0,0.0,0.0,0.0,0.0,0.0,0.0,0f1f8400,c1018d48,8bc1eb0c,000f1f80,00000000,8b5df48b,c8c1f905,f085148e,008b450c,008bca81,01a90000,088b04b9,f8000000,098bc1c1,e817a801,0f85e300,0facc214,f0010000,20040000,a810751b,0d83ff06,45f88b73,1f83ff06,00000006,1af6c101,07c745f0,02000000,8b45f889,45f8660f,8b45108b,058bcb8b,0000d3e0,75108078,8b4dfcc6,81582000,348b5514,108b088b,017599eb,5dc21400,cccccccc
1788306620.2304437,27512,7.006492321624085e-45,8.407790785948902e-45,1.401298464324817e-45,1.401298464324817e-45,1.0,0.0,0.0,0.0,0.0,0.0,0.0,1.0,0.0,0.0,0.0,0.0,0.0,0.0,0.0,0.0,0.0,0.0,0.0,0.0,1.0,0.0,1.0,0.0,0.0,0.0,0.0,0.0,0.0,0.0,0.0,0.0,1.0,0.0,0.0,0.0,0.0,0.0,0.0,0.0,0.0,0.0,0.0,0.0,0.0,0.0,0.0,0.0,0f1f8400,c1018d48,8bc1eb0c,000f1f80,00000000,8b5df48b,c8c1f905,f085148e,008b450c,008bca81,01a90000,088b04b9,f8000000,098bc1c1,e817a801,0f85e300,0facc214,f0010000,20040000,a810751b,0d83ff06,45f88b73,1f83ff06,00000006,1af6c101,07c745f0,02000000,8b45f889,45f8660f,8b45108b,058bcb8b,0000d3e0,75108078,8b4dfcc6,81582000,348b5514,108b088b,017599eb,5dc21400,cccccccc
1788306620.330984,27512,7.006492321624085e-45,8.407790785948902e-45,1.401298464324817e-45,1.401298464324817e-45,1.0,0.0,0.0,0.0,0.0,0.0,0.0,1.0,0.0,0.0,0.0,0.0,0.0,0.0,0.0,0.0,0.0,0.0,0.0,0.0,1.0,0.0,1.0,0.0,0.0,0.0,0.0,0.0,0.0,0.0,0.0,0.0,1.0,0.0,0.0,0.0,0.0,0.0,0.0,0.0,0.0,0.0,0.0,0.0,0.0,0.0,0.0,0.0,0f1f8400,c1018d48,8bc1eb0c,000f1f80,00000000,8b5df48b,c8c1f905,f085148e,008b450c,008bca81,01a90000,088b04b9,f8000000,098bc1c1,e817a801,0f85e300,0facc214,f0010000,20040000,a810751b,0d83ff06,45f88b73,1f83ff06,00000006,1af6c101,07c745f0,02000000,8b45f889,45f8660f,8b45108b,058bcb8b,0000d3e0,75108078,8b4dfcc6,81582000,348b5514,108b088b,017599eb,5dc21400,cccccccc
1788306620.4315267,27512,7.006492321624085e-45,8.407790785948902e-45,1.401298464324817e-45,1.401298464324817e-45,1.0,0.0,0.0,0.0,0.0,0.0,0.0,1.0,0.0,0.0,0.0,0.0,0.0,0.0,0.0,0.0,0.0,0.0,0.0,0.0,1.0,0.0,1.0,0.0,0.0,0.0,0.0,0.0,0.0,0.0,0.0,0.0,1.0,0.0,0.0,0.0,0.0,0.0,0.0,0.0,0.0,0.0,0.0,0.0,0.0,0.0,0.0,0.0,0f1f8400,c1018d48,8bc1eb0c,000f1f80,00000000,8b5df48b,c8c1f905,f085148e,008b450c,008bca81,01a90000,088b04b9,f8000000,098bc1c1,e817a801,0f85e300,0facc214,f0010000,20040000,a810751b,0d83ff06,45f88b73,1f83ff06,00000006,1af6c101,07c745f0,02000000,8b45f889,45f8660f,8b45108b,058bcb8b,0000d3e0,75108078,8b4dfcc6,81582000,348b5514,108b088b,017599eb,5dc21400,cccccccc
1788306620.5319943,27512,7.006492321624085e-45,8.407790785948902e-45,1.401298464324817e-45,1.401298464324817e-45,1.0,0.0,0.0,0.0,0.0,0.0,0.0,1.0,0.0,0.0,0.0,0.0,0.0,0.0,0.0,0.0,0.0,0.0,0.0,0.0,1.0,0.0,1.0,0.0,0.0,0.0,0.0,0.0,0.0,0.0,0.0,0.0,1.0,0.0,0.0,0.0,0.0,0.0,0.0,0.0,0.0,0.0,0.0,0.0,0.0,0.0,0.0,0.0,0f1f8400,c1018d48,8bc1eb0c,000f1f80,00000000,8b5df48b,c8c1f905,f085148e,008b450c,008bca81,01a90000,088b04b9,f8000000,098bc1c1,e817a801,0f85e300,0facc214,f0010000,20040000,a810751b,0d83ff06,45f88b73,1f83ff06,00000006,1af6c101,07c745f0,02000000,8b45f889,45f8660f,8b45108b,058bcb8b,0000d3e0,75108078,8b4dfcc6,81582000,348b5514,108b088b,017599eb,5dc21400,cccccccc
1788306620.6335745,27512,7.006492321624085e-45,8.407790785948902e-45,1.401298464324817e-45,1.401298464324817e-45,1.0,0.0,0.0,0.0,0.0,0.0,0.0,1.0,0.0,0.0,0.0,0.0,0.0,0.0,0.0,0.0,0.0,0.0,0.0,0.0,1.0,0.0,1.0,0.0,0.0,0.0,0.0,0.0,0.0,0.0,0.0,0.0,1.0,0.0,0.0,0.0,0.0,0.0,0.0,0.0,0.0,0.0,0.0,0.0,0.0,0.0,0.0,0.0,0f1f8400,c1018d48,8bc1eb0c,000f1f80,00000000,8b5df48b,c8c1f905,f085148e,008b450c,008bca81,01a90000,088b04b9,f8000000,098bc1c1,e817a801,0f85e300,0facc214,f0010000,20040000,a810751b,0d83ff06,45f88b73,1f83ff06,00000006,1af6c101,07c745f0,02000000,8b45f889,45f8660f,8b45108b,058bcb8b,0000d3e0,75108078,8b4dfcc6,81582000,348b5514,108b088b,017599eb,5dc21400,cccccccc
1788306620.7339323,27512,7.006492321624085e-45,8.407790785948902e-45,1.401298464324817e-45,1.401298464324817e-45,1.0,0.0,0.0,0.0,0.0,0.0,0.0,1.0,0.0,0.0,0.0,0.0,0.0,0.0,0.0,0.0,0.0,0.0,0.0,0.0,1.0,0.0,1.0,0.0,0.0,0.0,0.0,0.0,0.0,0.0,0.0,0.0,1.0,0.0,0.0,0.0,0.0,0.0,0.0,0.0,0.0,0.0,0.0,0.0,0.0,0.0,0.0,0.0,0f1f8400,c1018d48,8bc1eb0c,000f1f80,00000000,8b5df48b,c8c1f905,f085148e,008b450c,008bca81,01a90000,088b04b9,f8000000,098bc1c1,e817a801,0f85e300,0facc214,f0010000,20040000,a810751b,0d83ff06,45f88b73,1f83ff06,00000006,1af6c101,07c745f0,02000000,8b45f889,45f8660f,8b45108b,058bcb8b,0000d3e0,75108078,8b4dfcc6,81582000,348b5514,108b088b,017599eb,5dc21400,cccccccc
1788306620.8353589,27512,7.006492321624085e-45,8.407790785948902e-45,1.401298464324817e-45,1.401298464324817e-45,1.0,0.0,0.0,0.0,0.0,0.0,0.0,1.0,0.0,0.0,0.0,0.0,0.0,0.0,0.0,0.0,0.0,0.0,0.0,0.0,1.0,0.0,1.0,0.0,0.0,0.0,0.0,0.0,0.0,0.0,0.0,0.0,1.0,0.0,0.0,0.0,0.0,0.0,0.0,0.0,0.0,0.0,0.0,0.0,0.0,0.0,0.0,0.0,0f1f8400,c1018d48,8bc1eb0c,000f1f80,00000000,8b5df48b,c8c1f905,f085148e,008b450c,008bca81,01a90000,088b04b9,f8000000,098bc1c1,e817a801,0f85e300,0facc214,f0010000,20040000,a810751b,0d83ff06,45f88b73,1f83ff06,00000006,1af6c101,07c745f0,02000000,8b45f889,45f8660f,8b45108b,058bcb8b,0000d3e0,75108078,8b4dfcc6,81582000,348b5514,108b088b,017599eb,5dc21400,cccccccc
1788306620.9360235,27512,7.006492321624085e-45,8.407790785948902e-45,1.401298464324817e-45,1.401298464324817e-45,1.0,0.0,0.0,0.0,0.0,0.0,0.0,1.0,0.0,0.0,0.0,0.0,0.0,0.0,0.0,0.0,0.0,0.0,0.0,0.0,1.0,0.0,1.0,0.0,0.0,0.0,0.0,0.0,0.0,0.0,0.0,0.0,1.0,0.0,0.0,0.0,0.0,0.0,0.0,0.0,0.0,0.0,0.0,0.0,0.0,0.0,0.0,0.0,0f1f8400,c1018d48,8bc1eb0c,000f1f80,00000000,8b5df48b,c8c1f905,f085148e,008b450c,008bca81,01a90000,088b04b9,f8000000,098bc1c1,e817a801,0f85e300,0facc214,f0010000,20040000,a810751b,0d83ff06,45f88b73,1f83ff06,00000006,1af6c101,07c745f0,02000000,8b45f889,45f8660f,8b45108b,058bcb8b,0000d3e0,75108078,8b4dfcc6,81582000,348b5514,108b088b,017599eb,5dc21400,cccccccc
1788306621.03667,27512,7.006492321624085e-45,8.407790785948902e-45,1.401298464324817e-45,1.401298464324817e-45,1.0,0.0,0.0,0.0,0.0,0.0,0.0,1.0,0.0,0.0,0.0,0.0,0.0,0.0,0.0,0.0,0.0,0.0,0.0,0.0,1.0,0.0,1.0,0.0,0.0,0.0,0.0,0.0,0.0,0.0,0.0,0.0,1.0,0.0,0.0,0.0,0.0,0.0,0.0,0.0,0.0,0.0,0.0,0.0,0.0,0.0,0.0,0.0,0f1f8400,c1018d48,8bc1eb0c,000f1f80,00000000,8b5df48b,c8c1f905,f085148e,008b450c,008bca81,01a90000,088b04b9,f8000000,098bc1c1,e817a801,0f85e300,0facc214,f0010000,20040000,a810751b,0d83ff06,45f88b73,1f83ff06,00000006,1af6c101,07c745f0,02000000,8b45f889,45f8660f,8b45108b,058bcb8b,0000d3e0,75108078,8b4dfcc6,81582000,348b5514,108b088b,017599eb,5dc21400,cccccccc
1788306621.1371803,27512,7.006492321624085e-45,8.407790785948902e-45,1.401298464324817e-45,1.401298464324817e-45,1.0,0.0,0.0,0.0,0.0,0.0,0.0,1.0,0.0,0.0,0.0,0.0,0.0,0.0,0.0,0.0,0.0,0.0,0.0,0.0,1.0,0.0,1.0,0.0,0.0,0.0,0.0,0.0,0.0,0.0,0.0,0.0,1.0,0.0,0.0,0.0,0.0,0.0,0.0,0.0,0.0,0.0,0.0,0.0,0.0,0.0,0.0,0.0,0f1f8400,c1018d48,8bc1eb0c,000f1f80,00000000,8b5df48b,c8c1f905,f085148e,008b450c,008bca81,01a90000,088b04b9,f8000000,098bc1c1,e817a801,0f85e300,0facc214,f0010000,20040000,a810751b,0d83ff06,45f88b73,1f83ff06,00000006,1af6c101,07c745f0,02000000,8b45f889,45f8660f,8b45108b,058bcb8b,0000d3e0,75108078,8b4dfcc6,81582000,348b5514,108b088b,017599eb,5dc21400,cccccccc
1788306621.238147,27512,7.006492321624085e-45,8.407790785948902e-45,1.401298464324817e-45,1.401298464324817e-45,1.0,0.0,0.0,0.0,0.0,0.0,0.0,1.0,0.0,0.0,0.0,0.0,0.0,0.0,0.0,0.0,0.0,0.0,0.0,0.0,1.0,0.0,1.0,0.0,0.0,0.0,0.0,0.0,0.0,0.0,0.0,0.0,1.0,0.0,0.0,0.0,0.0,0.0,0.0,0.0,0.0,0.0,0.0,0.0,0.0,0.0,0.0,0.0,0f1f8400,c1018d48,8bc1eb0c,000f1f80,00000000,8b5df48b,c8c1f905,f085148e,008b450c,008bca81,01a90000,088b04b9,f8000000,098bc1c1,e817a801,0f85e300,0facc214,f0010000,20040000,a810751b,0d83ff06,45f88b73,1f83ff06,00000006,1af6c101,07c745f0,02000000,8b45f889,45f8660f,8b45108b,058bcb8b,0000d3e0,75108078,8b4dfcc6,81582000,348b5514,108b088b,017599eb,5dc21400,cccccccc
1788306621.3389974,27512,7.006492321624085e-45,8.407790785948902e-45,1.401298464324817e-45,1.401298464324817e-45,1.0,0.0,0.0,0.0,0.0,0.0,0.0,1.0,0.0,0.0,0.0,0.0,0.0,0.0,0.0,0.0,0.0,0.0,0.0,0.0,1.0,0.0,1.0,0.0,0.0,0.0,0.0,0.0,0.0,0.0,0.0,0.0,1.0,0.0,0.0,0.0,0.0,0.0,0.0,0.0,0.0,0.0,0.0,0.0,0.0,0.0,0.0,0.0,0f1f8400,c1018d48,8bc1eb0c,000f1f80,00000000,8b5df48b,c8c1f905,f085148e,008b450c,008bca81,01a90000,088b04b9,f8000000,098bc1c1,e817a801,0f85e300,0facc214,f0010000,20040000,a810751b,0d83ff06,45f88b73,1f83ff06,00000006,1af6c101,07c745f0,02000000,8b45f889,45f8660f,8b45108b,058bcb8b,0000d3e0,75108078,8b4dfcc6,81582000,348b5514,108b088b,017599eb,5dc21400,cccccccc
1788306621.4405608,27512,7.006492321624085e-45,8.407790785948902e-45,1.401298464324817e-45,1.401298464324817e-45,1.0,0.0,0.0,0.0,0.0,0.0,0.0,1.0,0.0,0.0,0.0,0.0,0.0,0.0,0.0,0.0,0.0,0.0,0.0,0.0,1.0,0.0,1.0,0.0,0.0,0.0,0.0,0.0,0.0,0.0,0.0,0.0,1.0,0.0,0.0,0.0,0.0,0.0,0.0,0.0,0.0,0.0,0.0,0.0,0.0,0.0,0.0,0.0,0f1f8400,c1018d48,8bc1eb0c,000f1f80,00000000,8b5df48b,c8c1f905,f085148e,008b450c,008bca81,01a90000,088b04b9,f8000000,098bc1c1,e817a801,0f85e300,0facc214,f0010000,20040000,a810751b,0d83ff06,45f88b73,1f83ff06,00000006,1af6c101,07c745f0,02000000,8b45f889,45f8660f,8b45108b,058bcb8b,0000d3e0,75108078,8b4dfcc6,81582000,348b5514,108b088b,017599eb,5dc21400,cccccccc
1788306621.5415175,27512,7.006492321624085e-45,8.407790785948902e-45,1.401298464324817e-45,1.401298464324817e-45,1.0,0.0,0.0,0.0,0.0,0.0,0.0,1.0,0.0,0.0,0.0,0.0,0.0,0.0,0.0,0.0,0.0,0.0,0.0,0.0,1.0,0.0,1.0,0.0,0.0,0.0,0.0,0.0,0.0,0.0,0.0,0.0,1.0,0.0,0.0,0.0,0.0,0.0,0.0,0.0,0.0,0.0,0.0,0.0,0.0,0.0,0.0,0.0,0f1f8400,c1018d48,8bc1eb0c,000f1f80,00000000,8b5df48b,c8c1f905,f085148e,008b450c,008bca81,01a90000,088b04b9,f8000000,098bc1c1,e817a801,0f85e300,0facc214,f0010000,20040000,a810751b,0d83ff06,45f88b73,1f83ff06,00000006,1af6c101,07c745f0,02000000,8b45f889,45f8660f,8b45108b,058bcb8b,0000d3e0,75108078,8b4dfcc6,81582000,348b5514,108b088b,017599eb,5dc21400,cccccccc
1788306621.6422846,27512,7.006492321624085e-45,8.407790785948902e-45,1.401298464324817e-45,1.401298464324817e-45,1.0,0.0,0.0,0.0,0.0,0.0,0.0,1.0,0.0,0.0,0.0,0.0,0.0,0.0,0.0,0.0,0.0,0.0,0.0,0.0,1.0,0.0,1.0,0.0,0.0,0.0,0.0,0.0,0.0,0.0,0.0,0.0,1.0,0.0,0.0,0.0,0.0,0.0,0.0,0.0,0.0,0.0,0.0,0.0,0.0,0.0,0.0,0.0,0f1f8400,c1018d48,8bc1eb0c,000f1f80,00000000,8b5df48b,c8c1f905,f085148e,008b450c,008bca81,01a90000,088b04b9,f8000000,098bc1c1,e817a801,0f85e300,0facc214,f0010000,20040000,a810751b,0d83ff06,45f88b73,1f83ff06,00000006,1af6c101,07c745f0,02000000,8b45f889,45f8660f,8b45108b,058bcb8b,0000d3e0,75108078,8b4dfcc6,81582000,348b5514,108b088b,017599eb,5dc21400,cccccccc
1788306621.743379,27512,7.006492321624085e-45,8.407790785948902e-45,1.401298464324817e-45,1.401298464324817e-45,1.0,0.0,0.0,0.0,0.0,0.0,0.0,1.0,0.0,0.0,0.0,0.0,0.0,0.0,0.0,0.0,0.0,0.0,0.0,0.0,1.0,0.0,1.0,0.0,0.0,0.0,0.0,0.0,0.0,0.0,0.0,0.0,1.0,0.0,0.0,0.0,0.0,0.0,0.0,0.0,0.0,0.0,0.0,0.0,0.0,0.0,0.0,0.0,0f1f8400,c1018d48,8bc1eb0c,000f1f80,00000000,8b5df48b,c8c1f905,f085148e,008b450c,008bca81,01a90000,088b04b9,f8000000,098bc1c1,e817a801,0f85e300,0facc214,f0010000,20040000,a810751b,0d83ff06,45f88b73,1f83ff06,00000006,1af6c101,07c745f0,02000000,8b45f889,45f8660f,8b45108b,058bcb8b,0000d3e0,75108078,8b4dfcc6,81582000,348b5514,108b088b,017599eb,5dc21400,cccccccc
1788306621.8441365,27512,7.006492321624085e-45,8.407790785948902e-45,1.401298464324817e-45,1.401298464324817e-45,1.0,0.0,0.0,0.0,0.0,0.0,0.0,1.0,0.0,0.0,0.0,0.0,0.0,0.0,0.0,0.0,0.0,0.0,0.0,0.0,1.0,0.0,1.0,0.0,0.0,0.0,0.0,0.0,0.0,0.0,0.0,0.0,1.0,0.0,0.0,0.0,0.0,0.0,0.0,0.0,0.0,0.0,0.0,0.0,0.0,0.0,0.0,0.0,0f1f8400,c1018d48,8bc1eb0c,000f1f80,00000000,8b5df48b,c8c1f905,f085148e,008b450c,008bca81,01a90000,088b04b9,f8000000,098bc1c1,e817a801,0f85e300,0facc214,f0010000,20040000,a810751b,0d83ff06,45f88b73,1f83ff06,00000006,1af6c101,07c745f0,02000000,8b45f889,45f8660f,8b45108b,058bcb8b,0000d3e0,75108078,8b4dfcc6,81582000,348b5514,108b088b,017599eb,5dc21400,cccccccc
1788306621.944951,27512,7.006492321624085e-45,8.407790785948902e-45,1.401298464324817e-45,1.401298464324817e-45,1.0,0.0,0.0,0.0,0.0,0.0,0.0,1.0,0.0,0.0,0.0,0.0,0.0,0.0,0.0,0.0,0.0,0.0,0.0,0.0,1.0,0.0,1.0,0.0,0.0,0.0,0.0,0.0,0.0,0.0,0.0,0.0,1.0,0.0,0.0,0.0,0.0,0.0,0.0,0.0,0.0,0.0,0.0,0.0,0.0,0.0,0.0,0.0,0f1f8400,c1018d48,8bc1eb0c,000f1f80,00000000,8b5df48b,c8c1f905,f085148e,008b450c,008bca81,01a90000,088b04b9,f8000000,098bc1c1,e817a801,0f85e300,0facc214,f0010000,20040000,a810751b,0d83ff06,45f88b73,1f83ff06,00000006,1af6c101,07c745f0,02000000,8b45f889,45f8660f,8b45108b,058bcb8b,0000d3e0,75108078,8b4dfcc6,81582000,348b5514,108b088b,017599eb,5dc21400,cccccccc
1788306622.0457478,27512,7.006492321624085e-45,8.407790785948902e-45,1.401298464324817e-45,1.401298464324817e-45,1.0,0.0,0.0,0.0,0.0,0.0,0.0,1.0,0.0,0.0,0.0,0.0,0.0,0.0,0.0,0.0,0.0,0.0,0.0,0.0,1.0,0.0,1.0,0.0,0.0,0.0,0.0,0.0,0.0,0.0,0.0,0.0,1.0,0.0,0.0,0.0,0.0,0.0,0.0,0.0,0.0,0.0,0.0,0.0,0.0,0.0,0.0,0.0,0f1f8400,c1018d48,8bc1eb0c,000f1f80,00000000,8b5df48b,c8c1f905,f085148e,008b450c,008bca81,01a90000,088b04b9,f8000000,098bc1c1,e817a801,0f85e300,0facc214,f0010000,20040000,a810751b,0d83ff06,45f88b73,1f83ff06,00000006,1af6c101,07c745f0,02000000,8b45f889,45f8660f,8b45108b,058bcb8b,0000d3e0,75108078,8b4dfcc6,81582000,348b5514,108b088b,017599eb,5dc21400,cccccccc
1788306622.1461382,27512,7.006492321624085e-45,8.407790785948902e-45,1.401298464324817e-45,1.401298464324817e-45,1.0,0.0,0.0,0.0,0.0,0.0,0.0,1.0,0.0,0.0,0.0,0.0,0.0,0.0,0.0,0.0,0.0,0.0,0.0,0.0,1.0,0.0,1.0,0.0,0.0,0.0,0.0,0.0,0.0,0.0,0.0,0.0,1.0,0.0,0.0,0.0,0.0,0.0,0.0,0.0,0.0,0.0,0.0,0.0,0.0,0.0,0.0,0.0,0f1f8400,c1018d48,8bc1eb0c,000f1f80,00000000,8b5df48b,c8c1f905,f085148e,008b450c,008bca81,01a90000,088b04b9,f8000000,098bc1c1,e817a801,0f85e300,0facc214,f0010000,20040000,a810751b,0d83ff06,45f88b73,1f83ff06,00000006,1af6c101,07c745f0,02000000,8b45f889,45f8660f,8b45108b,058bcb8b,0000d3e0,75108078,8b4dfcc6,81582000,348b5514,108b088b,017599eb,5dc21400,cccccccc
1788306622.2472305,27512,7.006492321624085e-45,8.407790785948902e-45,1.401298464324817e-45,1.401298464324817e-45,1.0,0.0,0.0,0.0,0.0,0.0,0.0,1.0,0.0,0.0,0.0,0.0,0.0,0.0,0.0,0.0,0.0,0.0,0.0,0.0,1.0,0.0,1.0,0.0,0.0,0.0,0.0,0.0,0.0,0.0,0.0,0.0,1.0,0.0,0.0,0.0,0.0,0.0,0.0,0.0,0.0,0.0,0.0,0.0,0.0,0.0,0.0,0.0,0f1f8400,c1018d48,8bc1eb0c,000f1f80,00000000,8b5df48b,c8c1f905,f085148e,008b450c,008bca81,01a90000,088b04b9,f8000000,098bc1c1,e817a801,0f85e300,0facc214,f0010000,20040000,a810751b,0d83ff06,45f88b73,1f83ff06,00000006,1af6c101,07c745f0,02000000,8b45f889,45f8660f,8b45108b,058bcb8b,0000d3e0,75108078,8b4dfcc6,81582000,348b5514,108b088b,017599eb,5dc21400,cccccccc
1788306622.3476994,27512,7.006492321624085e-45,8.407790785948902e-45,1.401298464324817e-45,1.401298464324817e-45,1.0,0.0,0.0,0.0,0.0,0.0,0.0,1.0,0.0,0.0,0.0,0.0,0.0,0.0,0.0,0.0,0.0,0.0,0.0,0.0,1.0,0.0,1.0,0.0,0.0,0.0,0.0,0.0,0.0,0.0,0.0,0.0,1.0,0.0,0.0,0.0,0.0,0.0,0.0,0.0,0.0,0.0,0.0,0.0,0.0,0.0,0.0,0.0,0f1f8400,c1018d48,8bc1eb0c,000f1f80,00000000,8b5df48b,c8c1f905,f085148e,008b450c,008bca81,01a90000,088b04b9,f8000000,098bc1c1,e817a801,0f85e300,0facc214,f0010000,20040000,a810751b,0d83ff06,45f88b73,1f83ff06,00000006,1af6c101,07c745f0,02000000,8b45f889,45f8660f,8b45108b,058bcb8b,0000d3e0,75108078,8b4dfcc6,81582000,348b5514,108b088b,017599eb,5dc21400,cccccccc
1788306622.4487967,27512,7.006492321624085e-45,8.407790785948902e-45,1.401298464324817e-45,1.401298464324817e-45,1.0,0.0,0.0,0.0,0.0,0.0,0.0,1.0,0.0,0.0,0.0,0.0,0.0,0.0,0.0,0.0,0.0,0.0,0.0,0.0,1.0,0.0,1.0,0.0,0.0,0.0,0.0,0.0,0.0,0.0,0.0,0.0,1.0,0.0,0.0,0.0,0.0,0.0,0.0,0.0,0.0,0.0,0.0,0.0,0.0,0.0,0.0,0.0,0f1f8400,c1018d48,8bc1eb0c,000f1f80,00000000,8b5df48b,c8c1f905,f085148e,008b450c,008bca81,01a90000,088b04b9,f8000000,098bc1c1,e817a801,0f85e300,0facc214,f0010000,20040000,a810751b,0d83ff06,45f88b73,1f83ff06,00000006,1af6c101,07c745f0,02000000,8b45f889,45f8660f,8b45108b,058bcb8b,0000d3e0,75108078,8b4dfcc6,81582000,348b5514,108b088b,017599eb,5dc21400,cccccccc
1788306622.5497115,27512,7.006492321624085e-45,8.407790785948902e-45,1.401298464324817e-45,1.401298464324817e-45,1.0,0.0,0.0,0.0,0.0,0.0,0.0,1.0,0.0,0.0,0.0,0.0,0.0,0.0,0.0,0.0,0.0,0.0,0.0,0.0,1.0,0.0,1.0,0.0,0.0,0.0,0.0,0.0,0.0,0.0,0.0,0.0,1.0,0.0,0.0,0.0,0.0,0.0,0.0,0.0,0.0,0.0,0.0,0.0,0.0,0.0,0.0,0.0,0f1f8400,c1018d48,8bc1eb0c,000f1f80,00000000,8b5df48b,c8c1f905,f085148e,008b450c,008bca81,01a90000,088b04b9,f8000000,098bc1c1,e817a801,0f85e300,0facc214,f0010000,20040000,a810751b,0d83ff06,45f88b73,1f83ff06,00000006,1af6c101,07c745f0,02000000,8b45f889,45f8660f,8b45108b,058bcb8b,0000d3e0,75108078,8b4dfcc6,81582000,348b5514,108b088b,017599eb,5dc21400,cccccccc
1788306622.65006,27512,7.006492321624085e-45,8.407790785948902e-45,1.401298464324817e-45,1.401298464324817e-45,1.0,0.0,0.0,0.0,0.0,0.0,0.0,1.0,0.0,0.0,0.0,0.0,0.0,0.0,0.0,0.0,0.0,0.0,0.0,0.0,1.0,0.0,1.0,0.0,0.0,0.0,0.0,0.0,0.0,0.0,0.0,0.0,1.0,0.0,0.0,0.0,0.0,0.0,0.0,0.0,0.0,0.0,0.0,0.0,0.0,0.0,0.0,0.0,0f1f8400,c1018d48,8bc1eb0c,000f1f80,00000000,8b5df48b,c8c1f905,f085148e,008b450c,008bca81,01a90000,088b04b9,f8000000,098bc1c1,e817a801,0f85e300,0facc214,f0010000,20040000,a810751b,0d83ff06,45f88b73,1f83ff06,00000006,1af6c101,07c745f0,02000000,8b45f889,45f8660f,8b45108b,058bcb8b,0000d3e0,75108078,8b4dfcc6,81582000,348b5514,108b088b,017599eb,5dc21400,cccccccc
1788306622.7506154,27512,7.006492321624085e-45,8.407790785948902e-45,1.401298464324817e-45,1.401298464324817e-45,1.0,0.0,0.0,0.0,0.0,0.0,0.0,1.0,0.0,0.0,0.0,0.0,0.0,0.0,0.0,0.0,0.0,0.0,0.0,0.0,1.0,0.0,1.0,0.0,0.0,0.0,0.0,0.0,0.0,0.0,0.0,0.0,1.0,0.0,0.0,0.0,0.0,0.0,0.0,0.0,0.0,0.0,0.0,0.0,0.0,0.0,0.0,0.0,0f1f8400,c1018d48,8bc1eb0c,000f1f80,00000000,8b5df48b,c8c1f905,f085148e,008b450c,008bca81,01a90000,088b04b9,f8000000,098bc1c1,e817a801,0f85e300,0facc214,f0010000,20040000,a810751b,0d83ff06,45f88b73,1f83ff06,00000006,1af6c101,07c745f0,02000000,8b45f889,45f8660f,8b45108b,058bcb8b,0000d3e0,75108078,8b4dfcc6,81582000,348b5514,108b088b,017599eb,5dc21400,cccccccc
1788306622.8518639,27512,7.006492321624085e-45,8.407790785948902e-45,1.401298464324817e-45,1.401298464324817e-45,1.0,0.0,0.0,0.0,0.0,0.0,0.0,1.0,0.0,0.0,0.0,0.0,0.0,0.0,0.0,0.0,0.0,0.0,0.0,0.0,1.0,0.0,1.0,0.0,0.0,0.0,0.0,0.0,0.0,0.0,0.0,0.0,1.0,0.0,0.0,0.0,0.0,0.0,0.0,0.0,0.0,0.0,0.0,0.0,0.0,0.0,0.0,0.0,0f1f8400,c1018d48,8bc1eb0c,000f1f80,00000000,8b5df48b,c8c1f905,f085148e,008b450c,008bca81,01a90000,088b04b9,f8000000,098bc1c1,e817a801,0f85e300,0facc214,f0010000,20040000,a810751b,0d83ff06,45f88b73,1f83ff06,00000006,1af6c101,07c745f0,02000000,8b45f889,45f8660f,8b45108b,058bcb8b,0000d3e0,75108078,8b4dfcc6,81582000,348b5514,108b088b,017599eb,5dc21400,cccccccc
1788306622.952378,27512,7.006492321624085e-45,8.407790785948902e-45,1.401298464324817e-45,1.401298464324817e-45,1.0,0.0,0.0,0.0,0.0,0.0,0.0,1.0,0.0,0.0,0.0,0.0,0.0,0.0,0.0,0.0,0.0,0.0,0.0,0.0,1.0,0.0,1.0,0.0,0.0,0.0,0.0,0.0,0.0,0.0,0.0,0.0,1.0,0.0,0.0,0.0,0.0,0.0,0.0,0.0,0.0,0.0,0.0,0.0,0.0,0.0,0.0,0.0,0f1f8400,c1018d48,8bc1eb0c,000f1f80,00000000,8b5df48b,c8c1f905,f085148e,008b450c,008bca81,01a90000,088b04b9,f8000000,098bc1c1,e817a801,0f85e300,0facc214,f0010000,20040000,a810751b,0d83ff06,45f88b73,1f83ff06,00000006,1af6c101,07c745f0,02000000,8b45f889,45f8660f,8b45108b,058bcb8b,0000d3e0,75108078,8b4dfcc6,81582000,348b5514,108b088b,017599eb,5dc21400,cccccccc
1788306623.0535114,27512,7.006492321624085e-45,8.407790785948902e-45,1.401298464324817e-45,1.401298464324817e-45,1.0,0.0,0.0,0.0,0.0,0.0,0.0,1.0,0.0,0.0,0.0,0.0,0.0,0.0,0.0,0.0,0.0,0.0,0.0,0.0,1.0,0.0,1.0,0.0,0.0,0.0,0.0,0.0,0.0,0.0,0.0,0.0,1.0,0.0,0.0,0.0,0.0,0.0,0.0,0.0,0.0,0.0,0.0,0.0,0.0,0.0,0.0,0.0,0f1f8400,c1018d48,8bc1eb0c,000f1f80,00000000,8b5df48b,c8c1f905,f085148e,008b450c,008bca81,01a90000,088b04b9,f8000000,098bc1c1,e817a801,0f85e300,0facc214,f0010000,20040000,a810751b,0d83ff06,45f88b73,1f83ff06,00000006,1af6c101,07c745f0,02000000,8b45f889,45f8660f,8b45108b,058bcb8b,0000d3e0,75108078,8b4dfcc6,81582000,348b5514,108b088b,017599eb,5dc21400,cccccccc
1788306623.1542363,27512,7.006492321624085e-45,8.407790785948902e-45,1.401298464324817e-45,1.401298464324817e-45,1.0,0.0,0.0,0.0,0.0,0.0,0.0,1.0,0.0,0.0,0.0,0.0,0.0,0.0,0.0,0.0,0.0,0.0,0.0,0.0,1.0,0.0,1.0,0.0,0.0,0.0,0.0,0.0,0.0,0.0,0.0,0.0,1.0,0.0,0.0,0.0,0.0,0.0,0.0,0.0,0.0,0.0,0.0,0.0,0.0,0.0,0.0,0.0,0f1f8400,c1018d48,8bc1eb0c,000f1f80,00000000,8b5df48b,c8c1f905,f085148e,008b450c,008bca81,01a90000,088b04b9,f8000000,098bc1c1,e817a801,0f85e300,0facc214,f0010000,20040000,a810751b,0d83ff06,45f88b73,1f83ff06,00000006,1af6c101,07c745f0,02000000,8b45f889,45f8660f,8b45108b,058bcb8b,0000d3e0,75108078,8b4dfcc6,81582000,348b5514,108b088b,017599eb,5dc21400,cccccccc
1788306623.2548316,27512,7.006492321624085e-45,8.407790785948902e-45,1.401298464324817e-45,1.401298464324817e-45,1.0,0.0,0.0,0.0,0.0,0.0,0.0,1.0,0.0,0.0,0.0,0.0,0.0,0.0,0.0,0.0,0.0,0.0,0.0,0.0,1.0,0.0,1.0,0.0,0.0,0.0,0.0,0.0,0.0,0.0,0.0,0.0,1.0,0.0,0.0,0.0,0.0,0.0,0.0,0.0,0.0,0.0,0.0,0.0,0.0,0.0,0.0,0.0,0f1f8400,c1018d48,8bc1eb0c,000f1f80,00000000,8b5df48b,c8c1f905,f085148e,008b450c,008bca81,01a90000,088b04b9,f8000000,098bc1c1,e817a801,0f85e300,0facc214,f0010000,20040000,a810751b,0d83ff06,45f88b73,1f83ff06,00000006,1af6c101,07c745f0,02000000,8b45f889,45f8660f,8b45108b,058bcb8b,0000d3e0,75108078,8b4dfcc6,81582000,348b5514,108b088b,017599eb,5dc21400,cccccccc
1788306623.355168,27512,7.006492321624085e-45,8.407790785948902e-45,1.401298464324817e-45,1.401298464324817e-45,1.0,0.0,0.0,0.0,0.0,0.0,0.0,1.0,0.0,0.0,0.0,0.0,0.0,0.0,0.0,0.0,0.0,0.0,0.0,0.0,1.0,0.0,1.0,0.0,0.0,0.0,0.0,0.0,0.0,0.0,0.0,0.0,1.0,0.0,0.0,0.0,0.0,0.0,0.0,0.0,0.0,0.0,0.0,0.0,0.0,0.0,0.0,0.0,0f1f8400,c1018d48,8bc1eb0c,000f1f80,00000000,8b5df48b,c8c1f905,f085148e,008b450c,008bca81,01a90000,088b04b9,f8000000,098bc1c1,e817a801,0f85e300,0facc214,f0010000,20040000,a810751b,0d83ff06,45f88b73,1f83ff06,00000006,1af6c101,07c745f0,02000000,8b45f889,45f8660f,8b45108b,058bcb8b,0000d3e0,75108078,8b4dfcc6,81582000,348b5514,108b088b,017599eb,5dc21400,cccccccc
1788306623.4555492,27512,7.006492321624085e-45,8.407790785948902e-45,1.401298464324817e-45,1.401298464324817e-45,1.0,0.0,0.0,0.0,0.0,0.0,0.0,1.0,0.0,0.0,0.0,0.0,0.0,0.0,0.0,0.0,0.0,0.0,0.0,0.0,1.0,0.0,1.0,0.0,0.0,0.0,0.0,0.0,0.0,0.0,0.0,0.0,1.0,0.0,0.0,0.0,0.0,0.0,0.0,0.0,0.0,0.0,0.0,0.0,0.0,0.0,0.0,0.0,0f1f8400,c1018d48,8bc1eb0c,000f1f80,00000000,8b5df48b,c8c1f905,f085148e,008b450c,008bca81,01a90000,088b04b9,f8000000,098bc1c1,e817a801,0f85e300,0facc214,f0010000,20040000,a810751b,0d83ff06,45f88b73,1f83ff06,00000006,1af6c101,07c745f0,02000000,8b45f889,45f8660f,8b45108b,058bcb8b,0000d3e0,75108078,8b4dfcc6,81582000,348b5514,108b088b,017599eb,5dc21400,cccccccc
1788306623.556322,27512,7.006492321624085e-45,8.407790785948902e-45,1.401298464324817e-45,1.401298464324817e-45,1.0,0.0,0.0,0.0,0.0,0.0,0.0,1.0,0.0,0.0,0.0,0.0,0.0,0.0,0.0,0.0,0.0,0.0,0.0,0.0,1.0,0.0,1.0,0.0,0.0,0.0,0.0,0.0,0.0,0.0,0.0,0.0,1.0,0.0,0.0,0.0,0.0,0.0,0.0,0.0,0.0,0.0,0.0,0.0,0.0,0.0,0.0,0.0,0f1f8400,c1018d48,8bc1eb0c,000f1f80,00000000,8b5df48b,c8c1f905,f085148e,008b450c,008bca81,01a90000,088b04b9,f8000000,098bc1c1,e817a801,0f85e300,0facc214,f0010000,20040000,a810751b,0d83ff06,45f88b73,1f83ff06,00000006,1af6c101,07c745f0,02000000,8b45f889,45f8660f,8b45108b,058bcb8b,0000d3e0,75108078,8b4dfcc6,81582000,348b5514,108b088b,017599eb,5dc21400,cccccccc
1788306623.6576452,27512,7.006492321624085e-45,8.407790785948902e-45,1.401298464324817e-45,1.401298464324817e-45,1.0,0.0,0.0,0.0,0.0,0.0,0.0,1.0,0.0,0.0,0.0,0.0,0.0,0.0,0.0,0.0,0.0,0.0,0.0,0.0,1.0,0.0,1.0,0.0,0.0,0.0,0.0,0.0,0.0,0.0,0.0,0.0,1.0,0.0,0.0,0.0,0.0,0.0,0.0,0.0,0.0,0.0,0.0,0.0,0.0,0.0,0.0,0.0,0f1f8400,c1018d48,8bc1eb0c,000f1f80,00000000,8b5df48b,c8c1f905,f085148e,008b450c,008bca81,01a90000,088b04b9,f8000000,098bc1c1,e817a801,0f85e300,0facc214,f0010000,20040000,a810751b,0d83ff06,45f88b73,1f83ff06,00000006,1af6c101,07c745f0,02000000,8b45f889,45f8660f,8b45108b,058bcb8b,0000d3e0,75108078,8b4dfcc6,81582000,348b5514,108b088b,017599eb,5dc21400,cccccccc
1788306623.7585213,27512,7.006492321624085e-45,8.407790785948902e-45,1.401298464324817e-45,1.401298464324817e-45,1.0,0.0,0.0,0.0,0.0,0.0,0.0,1.0,0.0,0.0,0.0,0.0,0.0,0.0,0.0,0.0,0.0,0.0,0.0,0.0,1.0,0.0,1.0,0.0,0.0,0.0,0.0,0.0,0.0,0.0,0.0,0.0,1.0,0.0,0.0,0.0,0.0,0.0,0.0,0.0,0.0,0.0,0.0,0.0,0.0,0.0,0.0,0.0,0f1f8400,c1018d48,8bc1eb0c,000f1f80,00000000,8b5df48b,c8c1f905,f085148e,008b450c,008bca81,01a90000,088b04b9,f8000000,098bc1c1,e817a801,0f85e300,0facc214,f0010000,20040000,a810751b,0d83ff06,45f88b73,1f83ff06,00000006,1af6c101,07c745f0,02000000,8b45f889,45f8660f,8b45108b,058bcb8b,0000d3e0,75108078,8b4dfcc6,81582000,348b5514,108b088b,017599eb,5dc21400,cccccccc
1788306623.8592787,27512,7.006492321624085e-45,8.407790785948902e-45,1.401298464324817e-45,1.401298464324817e-45,1.0,0.0,0.0,0.0,0.0,0.0,0.0,1.0,0.0,0.0,0.0,0.0,0.0,0.0,0.0,0.0,0.0,0.0,0.0,0.0,1.0,0.0,1.0,0.0,0.0,0.0,0.0,0.0,0.0,0.0,0.0,0.0,1.0,0.0,0.0,0.0,0.0,0.0,0.0,0.0,0.0,0.0,0.0,0.0,0.0,0.0,0.0,0.0,0f1f8400,c1018d48,8bc1eb0c,000f1f80,00000000,8b5df48b,c8c1f905,f085148e,008b450c,008bca81,01a90000,088b04b9,f8000000,098bc1c1,e817a801,0f85e300,0facc214,f0010000,20040000,a810751b,0d83ff06,45f88b73,1f83ff06,00000006,1af6c101,07c745f0,02000000,8b45f889,45f8660f,8b45108b,058bcb8b,0000d3e0,75108078,8b4dfcc6,81582000,348b5514,108b088b,017599eb,5dc21400,cccccccc
1788306623.9604895,27512,7.006492321624085e-45,8.407790785948902e-45,1.401298464324817e-45,1.401298464324817e-45,1.0,0.0,0.0,0.0,0.0,0.0,0.0,1.0,0.0,0.0,0.0,0.0,0.0,0.0,0.0,0.0,0.0,0.0,0.0,0.0,1.0,0.0,1.0,0.0,0.0,0.0,0.0,0.0,0.0,0.0,0.0,0.0,1.0,0.0,0.0,0.0,0.0,0.0,0.0,0.0,0.0,0.0,0.0,0.0,0.0,0.0,0.0,0.0,0f1f8400,c1018d48,8bc1eb0c,000f1f80,00000000,8b5df48b,c8c1f905,f085148e,008b450c,008bca81,01a90000,088b04b9,f8000000,098bc1c1,e817a801,0f85e300,0facc214,f0010000,20040000,a810751b,0d83ff06,45f88b73,1f83ff06,00000006,1af6c101,07c745f0,02000000,8b45f889,45f8660f,8b45108b,058bcb8b,0000d3e0,75108078,8b4dfcc6,81582000,348b5514,108b088b,017599eb,5dc21400,cccccccc
1788306624.061545,27512,7.006492321624085e-45,8.407790785948902e-45,1.401298464324817e-45,1.401298464324817e-45,1.0,0.0,0.0,0.0,0.0,0.0,0.0,1.0,0.0,0.0,0.0,0.0,0.0,0.0,0.0,0.0,0.0,0.0,0.0,0.0,1.0,0.0,1.0,0.0,0.0,0.0,0.0,0.0,0.0,0.0,0.0,0.0,1.0,0.0,0.0,0.0,0.0,0.0,0.0,0.0,0.0,0.0,0.0,0.0,0.0,0.0,0.0,0.0,0f1f8400,c1018d48,8bc1eb0c,000f1f80,00000000,8b5df48b,c8c1f905,f085148e,008b450c,008bca81,01a90000,088b04b9,f8000000,098bc1c1,e817a801,0f85e300,0facc214,f0010000,20040000,a810751b,0d83ff06,45f88b73,1f83ff06,00000006,1af6c101,07c745f0,02000000,8b45f889,45f8660f,8b45108b,058bcb8b,0000d3e0,75108078,8b4dfcc6,81582000,348b5514,108b088b,017599eb,5dc21400,cccccccc
1788306624.1621509,27512,7.006492321624085e-45,8.407790785948902e-45,1.401298464324817e-45,1.401298464324817e-45,1.0,0.0,0.0,0.0,0.0,0.0,0.0,1.0,0.0,0.0,0.0,0.0,0.0,0.0,0.0,0.0,0.0,0.0,0.0,0.0,1.0,0.0,1.0,0.0,0.0,0.0,0.0,0.0,0.0,0.0,0.0,0.0,1.0,0.0,0.0,0.0,0.0,0.0,0.0,0.0,0.0,0.0,0.0,0.0,0.0,0.0,0.0,0.0,0f1f8400,c1018d48,8bc1eb0c,000f1f80,00000000,8b5df48b,c8c1f905,f085148e,008b450c,008bca81,01a90000,088b04b9,f8000000,098bc1c1,e817a801,0f85e300,0facc214,f0010000,20040000,a810751b,0d83ff06,45f88b73,1f83ff06,00000006,1af6c101,07c745f0,02000000,8b45f889,45f8660f,8b45108b,058bcb8b,0000d3e0,75108078,8b4dfcc6,81582000,348b5514,108b088b,017599eb,5dc21400,cccccccc
1788306624.2627757,27512,7.006492321624085e-45,8.407790785948902e-45,1.401298464324817e-45,1.401298464324817e-45,1.0,0.0,0.0,0.0,0.0,0.0,0.0,1.0,0.0,0.0,0.0,0.0,0.0,0.0,0.0,0.0,0.0,0.0,0.0,0.0,1.0,0.0,1.0,0.0,0.0,0.0,0.0,0.0,0.0,0.0,0.0,0.0,1.0,0.0,0.0,0.0,0.0,0.0,0.0,0.0,0.0,0.0,0.0,0.0,0.0,0.0,0.0,0.0,0f1f8400,c1018d48,8bc1eb0c,000f1f80,00000000,8b5df48b,c8c1f905,f085148e,008b450c,008bca81,01a90000,088b04b9,f8000000,098bc1c1,e817a801,0f85e300,0facc214,f0010000,20040000,a810751b,0d83ff06,45f88b73,1f83ff06,00000006,1af6c101,07c745f0,02000000,8b45f889,45f8660f,8b45108b,058bcb8b,0000d3e0,75108078,8b4dfcc6,81582000,348b5514,108b088b,017599eb,5dc21400,cccccccc
1788306624.363447,27512,7.006492321624085e-45,8.407790785948902e-45,1.401298464324817e-45,1.401298464324817e-45,1.0,0.0,0.0,0.0,0.0,0.0,0.0,1.0,0.0,0.0,0.0,0.0,0.0,0.0,0.0,0.0,0.0,0.0,0.0,0.0,1.0,0.0,1.0,0.0,0.0,0.0,0.0,0.0,0.0,0.0,0.0,0.0,1.0,0.0,0.0,0.0,0.0,0.0,0.0,0.0,0.0,0.0,0.0,0.0,0.0,0.0,0.0,0.0,0f1f8400,c1018d48,8bc1eb0c,000f1f80,00000000,8b5df48b,c8c1f905,f085148e,008b450c,008bca81,01a90000,088b04b9,f8000000,098bc1c1,e817a801,0f85e300,0facc214,f0010000,20040000,a810751b,0d83ff06,45f88b73,1f83ff06,00000006,1af6c101,07c745f0,02000000,8b45f889,45f8660f,8b45108b,058bcb8b,0000d3e0,75108078,8b4dfcc6,81582000,348b5514,108b088b,017599eb,5dc21400,cccccccc
1788306624.464092,27512,7.006492321624085e-45,8.407790785948902e-45,1.401298464324817e-45,1.401298464324817e-45,1.0,0.0,0.0,0.0,0.0,0.0,0.0,1.0,0.0,0.0,0.0,0.0,0.0,0.0,0.0,0.0,0.0,0.0,0.0,0.0,1.0,0.0,1.0,0.0,0.0,0.0,0.0,0.0,0.0,0.0,0.0,0.0,1.0,0.0,0.0,0.0,0.0,0.0,0.0,0.0,0.0,0.0,0.0,0.0,0.0,0.0,0.0,0.0,0f1f8400,c1018d48,8bc1eb0c,000f1f80,00000000,8b5df48b,c8c1f905,f085148e,008b450c,008bca81,01a90000,088b04b9,f8000000,098bc1c1,e817a801,0f85e300,0facc214,f0010000,20040000,a810751b,0d83ff06,45f88b73,1f83ff06,00000006,1af6c101,07c745f0,02000000,8b45f889,45f8660f,8b45108b,058bcb8b,0000d3e0,75108078,8b4dfcc6,81582000,348b5514,108b088b,017599eb,5dc21400,cccccccc
1788306624.564919,27512,7.006492321624085e-45,8.407790785948902e-45,1.401298464324817e-45,1.401298464324817e-45,1.0,0.0,0.0,0.0,0.0,0.0,0.0,1.0,0.0,0.0,0.0,0.0,0.0,0.0,0.0,0.0,0.0,0.0,0.0,0.0,1.0,0.0,1.0,0.0,0.0,0.0,0.0,0.0,0.0,0.0,0.0,0.0,1.0,0.0,0.0,0.0,0.0,0.0,0.0,0.0,0.0,0.0,0.0,0.0,0.0,0.0,0.0,0.0,0f1f8400,c1018d48,8bc1eb0c,000f1f80,00000000,8b5df48b,c8c1f905,f085148e,008b450c,008bca81,01a90000,088b04b9,f8000000,098bc1c1,e817a801,0f85e300,0facc214,f0010000,20040000,a810751b,0d83ff06,45f88b73,1f83ff06,00000006,1af6c101,07c745f0,02000000,8b45f889,45f8660f,8b45108b,058bcb8b,0000d3e0,75108078,8b4dfcc6,81582000,348b5514,108b088b,017599eb,5dc21400,cccccccc
1788306624.666048,27512,7.006492321624085e-45,8.407790785948902e-45,1.401298464324817e-45,1.401298464324817e-45,1.0,0.0,0.0,0.0,0.0,0.0,0.0,1.0,0.0,0.0,0.0,0.0,0.0,0.0,0.0,0.0,0.0,0.0,0.0,0.0,1.0,0.0,1.0,0.0,0.0,0.0,0.0,0.0,0.0,0.0,0.0,0.0,1.0,0.0,0.0,0.0,0.0,0.0,0.0,0.0,0.0,0.0,0.0,0.0,0.0,0.0,0.0,0.0,0f1f8400,c1018d48,8bc1eb0c,000f1f80,00000000,8b5df48b,c8c1f905,f085148e,008b450c,008bca81,01a90000,088b04b9,f8000000,098bc1c1,e817a801,0f85e300,0facc214,f0010000,20040000,a810751b,0d83ff06,45f88b73,1f83ff06,00000006,1af6c101,07c745f0,02000000,8b45f889,45f8660f,8b45108b,058bcb8b,0000d3e0,75108078,8b4dfcc6,81582000,348b5514,108b088b,017599eb,5dc21400,cccccccc
1788306624.7670667,27512,7.006492321624085e-45,8.407790785948902e-45,1.401298464324817e-45,1.401298464324817e-45,1.0,0.0,0.0,0.0,0.0,0.0,0.0,1.0,0.0,0.0,0.0,0.0,0.0,0.0,0.0,0.0,0.0,0.0,0.0,0.0,1.0,0.0,1.0,0.0,0.0,0.0,0.0,0.0,0.0,0.0,0.0,0.0,1.0,0.0,0.0,0.0,0.0,0.0,0.0,0.0,0.0,0.0,0.0,0.0,0.0,0.0,0.0,0.0,0f1f8400,c1018d48,8bc1eb0c,000f1f80,00000000,8b5df48b,c8c1f905,f085148e,008b450c,008bca81,01a90000,088b04b9,f8000000,098bc1c1,e817a801,0f85e300,0facc214,f0010000,20040000,a810751b,0d83ff06,45f88b73,1f83ff06,00000006,1af6c101,07c745f0,02000000,8b45f889,45f8660f,8b45108b,058bcb8b,0000d3e0,75108078,8b4dfcc6,81582000,348b5514,108b088b,017599eb,5dc21400,cccccccc
1788306624.868271,27512,7.006492321624085e-45,8.407790785948902e-45,1.401298464324817e-45,1.401298464324817e-45,1.0,0.0,0.0,0.0,0.0,0.0,0.0,1.0,0.0,0.0,0.0,0.0,0.0,0.0,0.0,0.0,0.0,0.0,0.0,0.0,1.0,0.0,1.0,0.0,0.0,0.0,0.0,0.0,0.0,0.0,0.0,0.0,1.0,0.0,0.0,0.0,0.0,0.0,0.0,0.0,0.0,0.0,0.0,0.0,0.0,0.0,0.0,0.0,0f1f8400,c1018d48,8bc1eb0c,000f1f80,00000000,8b5df48b,c8c1f905,f085148e,008b450c,008bca81,01a90000,088b04b9,f8000000,098bc1c1,e817a801,0f85e300,0facc214,f0010000,20040000,a810751b,0d83ff06,45f88b73,1f83ff06,00000006,1af6c101,07c745f0,02000000,8b45f889,45f8660f,8b45108b,058bcb8b,0000d3e0,75108078,8b4dfcc6,81582000,348b5514,108b088b,017599eb,5dc21400,cccccccc
1788306624.9688637,27512,7.006492321624085e-45,8.407790785948902e-45,1.401298464324817e-45,1.401298464324817e-45,1.0,0.0,0.0,0.0,0.0,0.0,0.0,1.0,0.0,0.0,0.0,0.0,0.0,0.0,0.0,0.0,0.0,0.0,0.0,0.0,1.0,0.0,1.0,0.0,0.0,0.0,0.0,0.0,0.0,0.0,0.0,0.0,1.0,0.0,0.0,0.0,0.0,0.0,0.0,0.0,0.0,0.0,0.0,0.0,0.0,0.0,0.0,0.0,0f1f8400,c1018d48,8bc1eb0c,000f1f80,00000000,8b5df48b,c8c1f905,f085148e,008b450c,008bca81,01a90000,088b04b9,f8000000,098bc1c1,e817a801,0f85e300,0facc214,f0010000,20040000,a810751b,0d83ff06,45f88b73,1f83ff06,00000006,1af6c101,07c745f0,02000000,8b45f889,45f8660f,8b45108b,058bcb8b,0000d3e0,75108078,8b4dfcc6,81582000,348b5514,108b088b,017599eb,5dc21400,cccccccc
1788306625.0693514,27512,7.006492321624085e-45,8.407790785948902e-45,1.401298464324817e-45,1.401298464324817e-45,1.0,0.0,0.0,0.0,0.0,0.0,0.0,1.0,0.0,0.0,0.0,0.0,0.0,0.0,0.0,0.0,0.0,0.0,0.0,0.0,1.0,0.0,1.0,0.0,0.0,0.0,0.0,0.0,0.0,0.0,0.0,0.0,1.0,0.0,0.0,0.0,0.0,0.0,0.0,0.0,0.0,0.0,0.0,0.0,0.0,0.0,0.0,0.0,0f1f8400,c1018d48,8bc1eb0c,000f1f80,00000000,8b5df48b,c8c1f905,f085148e,008b450c,008bca81,01a90000,088b04b9,f8000000,098bc1c1,e817a801,0f85e300,0facc214,f0010000,20040000,a810751b,0d83ff06,45f88b73,1f83ff06,00000006,1af6c101,07c745f0,02000000,8b45f889,45f8660f,8b45108b,058bcb8b,0000d3e0,75108078,8b4dfcc6,81582000,348b5514,108b088b,017599eb,5dc21400,cccccccc
1788306625.1699314,27512,7.006492321624085e-45,8.407790785948902e-45,1.401298464324817e-45,1.401298464324817e-45,1.0,0.0,0.0,0.0,0.0,0.0,0.0,1.0,0.0,0.0,0.0,0.0,0.0,0.0,0.0,0.0,0.0,0.0,0.0,0.0,1.0,0.0,1.0,0.0,0.0,0.0,0.0,0.0,0.0,0.0,0.0,0.0,1.0,0.0,0.0,0.0,0.0,0.0,0.0,0.0,0.0,0.0,0.0,0.0,0.0,0.0,0.0,0.0,0f1f8400,c1018d48,8bc1eb0c,000f1f80,00000000,8b5df48b,c8c1f905,f085148e,008b450c,008bca81,01a90000,088b04b9,f8000000,098bc1c1,e817a801,0f85e300,0facc214,f0010000,20040000,a810751b,0d83ff06,45f88b73,1f83ff06,00000006,1af6c101,07c745f0,02000000,8b45f889,45f8660f,8b45108b,058bcb8b,0000d3e0,75108078,8b4dfcc6,81582000,348b5514,108b088b,017599eb,5dc21400,cccccccc
1788306625.271405,27512,7.006492321624085e-45,8.407790785948902e-45,1.401298464324817e-45,1.401298464324817e-45,1.0,0.0,0.0,0.0,0.0,0.0,0.0,1.0,0.0,0.0,0.0,0.0,0.0,0.0,0.0,0.0,0.0,0.0,0.0,0.0,1.0,0.0,1.0,0.0,0.0,0.0,0.0,0.0,0.0,0.0,0.0,0.0,1.0,0.0,0.0,0.0,0.0,0.0,0.0,0.0,0.0,0.0,0.0,0.0,0.0,0.0,0.0,0.0,0f1f8400,c1018d48,8bc1eb0c,000f1f80,00000000,8b5df48b,c8c1f905,f085148e,008b450c,008bca81,01a90000,088b04b9,f8000000,098bc1c1,e817a801,0f85e300,0facc214,f0010000,20040000,a810751b,0d83ff06,45f88b73,1f83ff06,00000006,1af6c101,07c745f0,02000000,8b45f889,45f8660f,8b45108b,058bcb8b,0000d3e0,75108078,8b4dfcc6,81582000,348b5514,108b088b,017599eb,5dc21400,cccccccc
1788306625.3722856,27512,7.006492321624085e-45,8.407790785948902e-45,1.401298464324817e-45,1.401298464324817e-45,1.0,0.0,0.0,0.0,0.0,0.0,0.0,1.0,0.0,0.0,0.0,0.0,0.0,0.0,0.0,0.0,0.0,0.0,0.0,0.0,1.0,0.0,1.0,0.0,0.0,0.0,0.0,0.0,0.0,0.0,0.0,0.0,1.0,0.0,0.0,0.0,0.0,0.0,0.0,0.0,0.0,0.0,0.0,0.0,0.0,0.0,0.0,0.0,0f1f8400,c1018d48,8bc1eb0c,000f1f80,00000000,8b5df48b,c8c1f905,f085148e,008b450c,008bca81,01a90000,088b04b9,f8000000,098bc1c1,e817a801,0f85e300,0facc214,f0010000,20040000,a810751b,0d83ff06,45f88b73,1f83ff06,00000006,1af6c101,07c745f0,02000000,8b45f889,45f8660f,8b45108b,058bcb8b,0000d3e0,75108078,8b4dfcc6,81582000,348b5514,108b088b,017599eb,5dc21400,cccccccc
1788306625.4728625,27512,7.006492321624085e-45,8.407790785948902e-45,1.401298464324817e-45,1.401298464324817e-45,1.0,0.0,0.0,0.0,0.0,0.0,0.0,1.0,0.0,0.0,0.0,0.0,0.0,0.0,0.0,0.0,0.0,0.0,0.0,0.0,1.0,0.0,1.0,0.0,0.0,0.0,0.0,0.0,0.0,0.0,0.0,0.0,1.0,0.0,0.0,0.0,0.0,0.0,0.0,0.0,0.0,0.0,0.0,0.0,0.0,0.0,0.0,0.0,0f1f8400,c1018d48,8bc1eb0c,000f1f80,00000000,8b5df48b,c8c1f905,f085148e,008b450c,008bca81,01a90000,088b04b9,f8000000,098bc1c1,e817a801,0f85e300,0facc214,f0010000,20040000,a810751b,0d83ff06,45f88b73,1f83ff06,00000006,1af6c101,07c745f0,02000000,8b45f889,45f8660f,8b45108b,058bcb8b,0000d3e0,75108078,8b4dfcc6,81582000,348b5514,108b088b,017599eb,5dc21400,cccccccc
1788306625.5731966,27512,7.006492321624085e-45,8.407790785948902e-45,1.401298464324817e-45,1.401298464324817e-45,1.0,0.0,0.0,0.0,0.0,0.0,0.0,1.0,0.0,0.0,0.0,0.0,0.0,0.0,0.0,0.0,0.0,0.0,0.0,0.0,1.0,0.0,1.0,0.0,0.0,0.0,0.0,0.0,0.0,0.0,0.0,0.0,1.0,0.0,0.0,0.0,0.0,0.0,0.0,0.0,0.0,0.0,0.0,0.0,0.0,0.0,0.0,0.0,0f1f8400,c1018d48,8bc1eb0c,000f1f80,00000000,8b5df48b,c8c1f905,f085148e,008b450c,008bca81,01a90000,088b04b9,f8000000,098bc1c1,e817a801,0f85e300,0facc214,f0010000,20040000,a810751b,0d83ff06,45f88b73,1f83ff06,00000006,1af6c101,07c745f0,02000000,8b45f889,45f8660f,8b45108b,058bcb8b,0000d3e0,75108078,8b4dfcc6,81582000,348b5514,108b088b,017599eb,5dc21400,cccccccc
1788306625.6739607,27512,7.006492321624085e-45,8.407790785948902e-45,1.401298464324817e-45,1.401298464324817e-45,1.0,0.0,0.0,0.0,0.0,0.0,0.0,1.0,0.0,0.0,0.0,0.0,0.0,0.0,0.0,0.0,0.0,0.0,0.0,0.0,1.0,0.0,1.0,0.0,0.0,0.0,0.0,0.0,0.0,0.0,0.0,0.0,1.0,0.0,0.0,0.0,0.0,0.0,0.0,0.0,0.0,0.0,0.0,0.0,0.0,0.0,0.0,0.0,0f1f8400,c1018d48,8bc1eb0c,000f1f80,00000000,8b5df48b,c8c1f905,f085148e,008b450c,008bca81,01a90000,088b04b9,f8000000,098bc1c1,e817a801,0f85e300,0facc214,f0010000,20040000,a810751b,0d83ff06,45f88b73,1f83ff06,00000006,1af6c101,07c745f0,02000000,8b45f889,45f8660f,8b45108b,058bcb8b,0000d3e0,75108078,8b4dfcc6,81582000,348b5514,108b088b,017599eb,5dc21400,cccccccc
1788306625.774291,27512,7.006492321624085e-45,8.407790785948902e-45,1.401298464324817e-45,1.401298464324817e-45,1.0,0.0,0.0,0.0,0.0,0.0,0.0,1.0,0.0,0.0,0.0,0.0,0.0,0.0,0.0,0.0,0.0,0.0,0.0,0.0,1.0,0.0,1.0,0.0,0.0,0.0,0.0,0.0,0.0,0.0,0.0,0.0,1.0,0.0,0.0,0.0,0.0,0.0,0.0,0.0,0.0,0.0,0.0,0.0,0.0,0.0,0.0,0.0,0f1f8400,c1018d48,8bc1eb0c,000f1f80,00000000,8b5df48b,c8c1f905,f085148e,008b450c,008bca81,01a90000,088b04b9,f8000000,098bc1c1,e817a801,0f85e300,0facc214,f0010000,20040000,a810751b,0d83ff06,45f88b73,1f83ff06,00000006,1af6c101,07c745f0,02000000,8b45f889,45f8660f,8b45108b,058bcb8b,0000d3e0,75108078,8b4dfcc6,81582000,348b5514,108b088b,017599eb,5dc21400,cccccccc
1788306625.875145,27512,7.006492321624085e-45,8.407790785948902e-45,1.401298464324817e-45,1.401298464324817e-45,1.0,0.0,0.0,0.0,0.0,0.0,0.0,1.0,0.0,0.0,0.0,0.0,0.0,0.0,0.0,0.0,0.0,0.0,0.0,0.0,1.0,0.0,1.0,0.0,0.0,0.0,0.0,0.0,0.0,0.0,0.0,0.0,1.0,0.0,0.0,0.0,0.0,0.0,0.0,0.0,0.0,0.0,0.0,0.0,0.0,0.0,0.0,0.0,0f1f8400,c1018d48,8bc1eb0c,000f1f80,00000000,8b5df48b,c8c1f905,f085148e,008b450c,008bca81,01a90000,088b04b9,f8000000,098bc1c1,e817a801,0f85e300,0facc214,f0010000,20040000,a810751b,0d83ff06,45f88b73,1f83ff06,00000006,1af6c101,07c745f0,02000000,8b45f889,45f8660f,8b45108b,058bcb8b,0000d3e0,75108078,8b4dfcc6,81582000,348b5514,108b088b,017599eb,5dc21400,cccccccc
1788306625.976139,27512,7.006492321624085e-45,8.407790785948902e-45,1.401298464324817e-45,1.401298464324817e-45,1.0,0.0,0.0,0.0,0.0,0.0,0.0,1.0,0.0,0.0,0.0,0.0,0.0,0.0,0.0,0.0,0.0,0.0,0.0,0.0,1.0,0.0,1.0,0.0,0.0,0.0,0.0,0.0,0.0,0.0,0.0,0.0,1.0,0.0,0.0,0.0,0.0,0.0,0.0,0.0,0.0,0.0,0.0,0.0,0.0,0.0,0.0,0.0,0f1f8400,c1018d48,8bc1eb0c,000f1f80,00000000,8b5df48b,c8c1f905,f085148e,008b450c,008bca81,01a90000,088b04b9,f8000000,098bc1c1,e817a801,0f85e300,0facc214,f0010000,20040000,a810751b,0d83ff06,45f88b73,1f83ff06,00000006,1af6c101,07c745f0,02000000,8b45f889,45f8660f,8b45108b,058bcb8b,0000d3e0,75108078,8b4dfcc6,81582000,348b5514,108b088b,017599eb,5dc21400,cccccccc
1788306626.0768907,27512,7.006492321624085e-45,8.407790785948902e-45,1.401298464324817e-45,1.401298464324817e-45,1.0,0.0,0.0,0.0,0.0,0.0,0.0,1.0,0.0,0.0,0.0,0.0,0.0,0.0,0.0,0.0,0.0,0.0,0.0,0.0,1.0,0.0,1.0,0.0,0.0,0.0,0.0,0.0,0.0,0.0,0.0,0.0,1.0,0.0,0.0,0.0,0.0,0.0,0.0,0.0,0.0,0.0,0.0,0.0,0.0,0.0,0.0,0.0,0f1f8400,c1018d48,8bc1eb0c,000f1f80,00000000,8b5df48b,c8c1f905,f085148e,008b450c,008bca81,01a90000,088b04b9,f8000000,098bc1c1,e817a801,0f85e300,0facc214,f0010000,20040000,a810751b,0d83ff06,45f88b73,1f83ff06,00000006,1af6c101,07c745f0,02000000,8b45f889,45f8660f,8b45108b,058bcb8b,0000d3e0,75108078,8b4dfcc6,81582000,348b5514,108b088b,017599eb,5dc21400,cccccccc
1788306626.177332,27512,7.006492321624085e-45,8.407790785948902e-45,1.401298464324817e-45,1.401298464324817e-45,1.0,0.0,0.0,0.0,0.0,0.0,0.0,1.0,0.0,0.0,0.0,0.0,0.0,0.0,0.0,0.0,0.0,0.0,0.0,0.0,1.0,0.0,1.0,0.0,0.0,0.0,0.0,0.0,0.0,0.0,0.0,0.0,1.0,0.0,0.0,0.0,0.0,0.0,0.0,0.0,0.0,0.0,0.0,0.0,0.0,0.0,0.0,0.0,0f1f8400,c1018d48,8bc1eb0c,000f1f80,00000000,8b5df48b,c8c1f905,f085148e,008b450c,008bca81,01a90000,088b04b9,f8000000,098bc1c1,e817a801,0f85e300,0facc214,f0010000,20040000,a810751b,0d83ff06,45f88b73,1f83ff06,00000006,1af6c101,07c745f0,02000000,8b45f889,45f8660f,8b45108b,058bcb8b,0000d3e0,75108078,8b4dfcc6,81582000,348b5514,108b088b,017599eb,5dc21400,cccccccc
1788306626.2780013,27512,7.006492321624085e-45,8.407790785948902e-45,1.401298464324817e-45,1.401298464324817e-45,1.0,0.0,0.0,0.0,0.0,0.0,0.0,1.0,0.0,0.0,0.0,0.0,0.0,0.0,0.0,0.0,0.0,0.0,0.0,0.0,1.0,0.0,1.0,0.0,0.0,0.0,0.0,0.0,0.0,0.0,0.0,0.0,1.0,0.0,0.0,0.0,0.0,0.0,0.0,0.0,0.0,0.0,0.0,0.0,0.0,0.0,0.0,0.0,0f1f8400,c1018d48,8bc1eb0c,000f1f80,00000000,8b5df48b,c8c1f905,f085148e,008b450c,008bca81,01a90000,088b04b9,f8000000,098bc1c1,e817a801,0f85e300,0facc214,f0010000,20040000,a810751b,0d83ff06,45f88b73,1f83ff06,00000006,1af6c101,07c745f0,02000000,8b45f889,45f8660f,8b45108b,058bcb8b,0000d3e0,75108078,8b4dfcc6,81582000,348b5514,108b088b,017599eb,5dc21400,cccccccc
1788306626.378747,27512,7.006492321624085e-45,8.407790785948902e-45,1.401298464324817e-45,1.401298464324817e-45,1.0,0.0,0.0,0.0,0.0,0.0,0.0,1.0,0.0,0.0,0.0,0.0,0.0,0.0,0.0,0.0,0.0,0.0,0.0,0.0,1.0,0.0,1.0,0.0,0.0,0.0,0.0,0.0,0.0,0.0,0.0,0.0,1.0,0.0,0.0,0.0,0.0,0.0,0.0,0.0,0.0,0.0,0.0,0.0,0.0,0.0,0.0,0.0,0f1f8400,c1018d48,8bc1eb0c,000f1f80,00000000,8b5df48b,c8c1f905,f085148e,008b450c,008bca81,01a90000,088b04b9,f8000000,098bc1c1,e817a801,0f85e300,0facc214,f0010000,20040000,a810751b,0d83ff06,45f88b73,1f83ff06,00000006,1af6c101,07c745f0,02000000,8b45f889,45f8660f,8b45108b,058bcb8b,0000d3e0,75108078,8b4dfcc6,81582000,348b5514,108b088b,017599eb,5dc21400,cccccccc
1788306626.4794562,27512,7.006492321624085e-45,8.407790785948902e-45,1.401298464324817e-45,1.401298464324817e-45,1.0,0.0,0.0,0.0,0.0,0.0,0.0,1.0,0.0,0.0,0.0,0.0,0.0,0.0,0.0,0.0,0.0,0.0,0.0,0.0,1.0,0.0,1.0,0.0,0.0,0.0,0.0,0.0,0.0,0.0,0.0,0.0,1.0,0.0,0.0,0.0,0.0,0.0,0.0,0.0,0.0,0.0,0.0,0.0,0.0,0.0,0.0,0.0,0f1f8400,c1018d48,8bc1eb0c,000f1f80,00000000,8b5df48b,c8c1f905,f085148e,008b450c,008bca81,01a90000,088b04b9,f8000000,098bc1c1,e817a801,0f85e300,0facc214,f0010000,20040000,a810751b,0d83ff06,45f88b73,1f83ff06,00000006,1af6c101,07c745f0,02000000,8b45f889,45f8660f,8b45108b,058bcb8b,0000d3e0,75108078,8b4dfcc6,81582000,348b5514,108b088b,017599eb,5dc21400,cccccccc
1788306626.579917,27512,7.006492321624085e-45,8.407790785948902e-45,1.401298464324817e-45,1.401298464324817e-45,1.0,0.0,0.0,0.0,0.0,0.0,0.0,1.0,0.0,0.0,0.0,0.0,0.0,0.0,0.0,0.0,0.0,0.0,0.0,0.0,1.0,0.0,1.0,0.0,0.0,0.0,0.0,0.0,0.0,0.0,0.0,0.0,1.0,0.0,0.0,0.0,0.0,0.0,0.0,0.0,0.0,0.0,0.0,0.0,0.0,0.0,0.0,0.0,0f1f8400,c1018d48,8bc1eb0c,000f1f80,00000000,8b5df48b,c8c1f905,f085148e,008b450c,008bca81,01a90000,088b04b9,f8000000,098bc1c1,e817a801,0f85e300,0facc214,f0010000,20040000,a810751b,0d83ff06,45f88b73,1f83ff06,00000006,1af6c101,07c745f0,02000000,8b45f889,45f8660f,8b45108b,058bcb8b,0000d3e0,75108078,8b4dfcc6,81582000,348b5514,108b088b,017599eb,5dc21400,cccccccc
1788306626.6806402,27512,7.006492321624085e-45,8.407790785948902e-45,1.401298464324817e-45,1.401298464324817e-45,1.0,0.0,0.0,0.0,0.0,0.0,0.0,1.0,0.0,0.0,0.0,0.0,0.0,0.0,0.0,0.0,0.0,0.0,0.0,0.0,1.0,0.0,1.0,0.0,0.0,0.0,0.0,0.0,0.0,0.0,0.0,0.0,1.0,0.0,0.0,0.0,0.0,0.0,0.0,0.0,0.0,0.0,0.0,0.0,0.0,0.0,0.0,0.0,0f1f8400,c1018d48,8bc1eb0c,000f1f80,00000000,8b5df48b,c8c1f905,f085148e,008b450c,008bca81,01a90000,088b04b9,f8000000,098bc1c1,e817a801,0f85e300,0facc214,f0010000,20040000,a810751b,0d83ff06,45f88b73,1f83ff06,00000006,1af6c101,07c745f0,02000000,8b45f889,45f8660f,8b45108b,058bcb8b,0000d3e0,75108078,8b4dfcc6,81582000,348b5514,108b088b,017599eb,5dc21400,cccccccc
1788306626.7812285,27512,7.006492321624085e-45,8.407790785948902e-45,1.401298464324817e-45,1.401298464324817e-45,1.0,0.0,0.0,0.0,0.0,0.0,0.0,1.0,0.0,0.0,0.0,0.0,0.0,0.0,0.0,0.0,0.0,0.0,0.0,0.0,1.0,0.0,1.0,0.0,0.0,0.0,0.0,0.0,0.0,0.0,0.0,0.0,1.0,0.0,0.0,0.0,0.0,0.0,0.0,0.0,0.0,0.0,0.0,0.0,0.0,0.0,0.0,0.0,0f1f8400,c1018d48,8bc1eb0c,000f1f80,00000000,8b5df48b,c8c1f905,f085148e,008b450c,008bca81,01a90000,088b04b9,f8000000,098bc1c1,e817a801,0f85e300,0facc214,f0010000,20040000,a810751b,0d83ff06,45f88b73,1f83ff06,00000006,1af6c101,07c745f0,02000000,8b45f889,45f8660f,8b45108b,058bcb8b,0000d3e0,75108078,8b4dfcc6,81582000,348b5514,108b088b,017599eb,5dc21400,cccccccc
1788306626.8818507,27512,7.006492321624085e-45,8.407790785948902e-45,1.401298464324817e-45,1.401298464324817e-45,1.0,0.0,0.0,0.0,0.0,0.0,0.0,1.0,0.0,0.0,0.0,0.0,0.0,0.0,0.0,0.0,0.0,0.0,0.0,0.0,1.0,0.0,1.0,0.0,0.0,0.0,0.0,0.0,0.0,0.0,0.0,0.0,1.0,0.0,0.0,0.0,0.0,0.0,0.0,0.0,0.0,0.0,0.0,0.0,0.0,0.0,0.0,0.0,0f1f8400,c1018d48,8bc1eb0c,000f1f80,00000000,8b5df48b,c8c1f905,f085148e,008b450c,008bca81,01a90000,088b04b9,f8000000,098bc1c1,e817a801,0f85e300,0facc214,f0010000,20040000,a810751b,0d83ff06,45f88b73,1f83ff06,00000006,1af6c101,07c745f0,02000000,8b45f889,45f8660f,8b45108b,058bcb8b,0000d3e0,75108078,8b4dfcc6,81582000,348b5514,108b088b,017599eb,5dc21400,cccccccc
1788306626.982529,27512,7.006492321624085e-45,8.407790785948902e-45,1.401298464324817e-45,1.401298464324817e-45,1.0,0.0,0.0,0.0,0.0,0.0,0.0,1.0,0.0,0.0,0.0,0.0,0.0,0.0,0.0,0.0,0.0,0.0,0.0,0.0,1.0,0.0,1.0,0.0,0.0,0.0,0.0,0.0,0.0,0.0,0.0,0.0,1.0,0.0,0.0,0.0,0.0,0.0,0.0,0.0,0.0,0.0,0.0,0.0,0.0,0.0,0.0,0.0,0f1f8400,c1018d48,8bc1eb0c,000f1f80,00000000,8b5df48b,c8c1f905,f085148e,008b450c,008bca81,01a90000,088b04b9,f8000000,098bc1c1,e817a801,0f85e300,0facc214,f0010000,20040000,a810751b,0d83ff06,45f88b73,1f83ff06,00000006,1af6c101,07c745f0,02000000,8b45f889,45f8660f,8b45108b,058bcb8b,0000d3e0,75108078,8b4dfcc6,81582000,348b5514,108b088b,017599eb,5dc21400,cccccccc
1788306627.0832667,27512,7.006492321624085e-45,8.407790785948902e-45,1.401298464324817e-45,1.401298464324817e-45,1.0,0.0,0.0,0.0,0.0,0.0,0.0,1.0,0.0,0.0,0.0,0.0,0.0,0.0,0.0,0.0,0.0,0.0,0.0,0.0,1.0,0.0,1.0,0.0,0.0,0.0,0.0,0.0,0.0,0.0,0.0,0.0,1.0,0.0,0.0,0.0,0.0,0.0,0.0,0.0,0.0,0.0,0.0,0.0,0.0,0.0,0.0,0.0,0f1f8400,c1018d48,8bc1eb0c,000f1f80,00000000,8b5df48b,c8c1f905,f085148e,008b450c,008bca81,01a90000,088b04b9,f8000000,098bc1c1,e817a801,0f85e300,0facc214,f0010000,20040000,a810751b,0d83ff06,45f88b73,1f83ff06,00000006,1af6c101,07c745f0,02000000,8b45f889,45f8660f,8b45108b,058bcb8b,0000d3e0,75108078,8b4dfcc6,81582000,348b5514,108b088b,017599eb,5dc21400,cccccccc
1788306627.183866,27512,7.006492321624085e-45,8.407790785948902e-45,1.401298464324817e-45,1.401298464324817e-45,1.0,0.0,0.0,0.0,0.0,0.0,0.0,1.0,0.0,0.0,0.0,0.0,0.0,0.0,0.0,0.0,0.0,0.0,0.0,0.0,1.0,0.0,1.0,0.0,0.0,0.0,0.0,0.0,0.0,0.0,0.0,0.0,1.0,0.0,0.0,0.0,0.0,0.0,0.0,0.0,0.0,0.0,0.0,0.0,0.0,0.0,0.0,0.0,0f1f8400,c1018d48,8bc1eb0c,000f1f80,00000000,8b5df48b,c8c1f905,f085148e,008b450c,008bca81,01a90000,088b04b9,f8000000,098bc1c1,e817a801,0f85e300,0facc214,f0010000,20040000,a810751b,0d83ff06,45f88b73,1f83ff06,00000006,1af6c101,07c745f0,02000000,8b45f889,45f8660f,8b45108b,058bcb8b,0000d3e0,75108078,8b4dfcc6,81582000,348b5514,108b088b,017599eb,5dc21400,cccccccc
1788306627.2844334,27512,7.006492321624085e-45,8.407790785948902e-45,1.401298464324817e-45,1.401298464324817e-45,1.0,0.0,0.0,0.0,0.0,0.0,0.0,1.0,0.0,0.0,0.0,0.0,0.0,0.0,0.0,0.0,0.0,0.0,0.0,0.0,1.0,0.0,1.0,0.0,0.0,0.0,0.0,0.0,0.0,0.0,0.0,0.0,1.0,0.0,0.0,0.0,0.0,0.0,0.0,0.0,0.0,0.0,0.0,0.0,0.0,0.0,0.0,0.0,0f1f8400,c1018d48,8bc1eb0c,000f1f80,00000000,8b5df48b,c8c1f905,f085148e,008b450c,008bca81,01a90000,088b04b9,f8000000,098bc1c1,e817a801,0f85e300,0facc214,f0010000,20040000,a810751b,0d83ff06,45f88b73,1f83ff06,00000006,1af6c101,07c745f0,02000000,8b45f889,45f8660f,8b45108b,058bcb8b,0000d3e0,75108078,8b4dfcc6,81582000,348b5514,108b088b,017599eb,5dc21400,cccccccc
1788306627.385122,27512,7.006492321624085e-45,8.407790785948902e-45,1.401298464324817e-45,1.401298464324817e-45,1.0,0.0,0.0,0.0,0.0,0.0,0.0,1.0,0.0,0.0,0.0,0.0,0.0,0.0,0.0,0.0,0.0,0.0,0.0,0.0,1.0,0.0,1.0,0.0,0.0,0.0,0.0,0.0,0.0,0.0,0.0,0.0,1.0,0.0,0.0,0.0,0.0,0.0,0.0,0.0,0.0,0.0,0.0,0.0,0.0,0.0,0.0,0.0,0f1f8400,c1018d48,8bc1eb0c,000f1f80,00000000,8b5df48b,c8c1f905,f085148e,008b450c,008bca81,01a90000,088b04b9,f8000000,098bc1c1,e817a801,0f85e300,0facc214,f0010000,20040000,a810751b,0d83ff06,45f88b73,1f83ff06,00000006,1af6c101,07c745f0,02000000,8b45f889,45f8660f,8b45108b,058bcb8b,0000d3e0,75108078,8b4dfcc6,81582000,348b5514,108b088b,017599eb,5dc21400,cccccccc
1788306627.5011494,27512,7.006492321624085e-45,8.407790785948902e-45,1.401298464324817e-45,1.401298464324817e-45,1.0,0.0,0.0,0.0,0.0,0.0,0.0,1.0,0.0,0.0,0.0,0.0,0.0,0.0,0.0,0.0,0.0,0.0,0.0,0.0,1.0,0.0,1.0,0.0,0.0,0.0,0.0,0.0,0.0,0.0,0.0,0.0,1.0,0.0,0.0,0.0,0.0,0.0,0.0,0.0,0.0,0.0,0.0,0.0,0.0,0.0,0.0,0.0,0f1f8400,c1018d48,8bc1eb0c,000f1f80,00000000,8b5df48b,c8c1f905,f085148e,008b450c,008bca81,01a90000,088b04b9,f8000000,098bc1c1,e817a801,0f85e300,0facc214,f0010000,20040000,a810751b,0d83ff06,45f88b73,1f83ff06,00000006,1af6c101,07c745f0,02000000,8b45f889,45f8660f,8b45108b,058bcb8b,0000d3e0,75108078,8b4dfcc6,81582000,348b5514,108b088b,017599eb,5dc21400,cccccccc
1788306627.610433,27512,7.006492321624085e-45,8.407790785948902e-45,1.401298464324817e-45,1.401298464324817e-45,1.0,0.0,0.0,0.0,0.0,0.0,0.0,1.0,0.0,0.0,0.0,0.0,0.0,0.0,0.0,0.0,0.0,0.0,0.0,0.0,1.0,0.0,1.0,0.0,0.0,0.0,0.0,0.0,0.0,0.0,0.0,0.0,1.0,0.0,0.0,0.0,0.0,0.0,0.0,0.0,0.0,0.0,0.0,0.0,0.0,0.0,0.0,0.0,0f1f8400,c1018d48,8bc1eb0c,000f1f80,00000000,8b5df48b,c8c1f905,f085148e,008b450c,008bca81,01a90000,088b04b9,f8000000,098bc1c1,e817a801,0f85e300,0facc214,f0010000,20040000,a810751b,0d83ff06,45f88b73,1f83ff06,00000006,1af6c101,07c745f0,02000000,8b45f889,45f8660f,8b45108b,058bcb8b,0000d3e0,75108078,8b4dfcc6,81582000,348b5514,108b088b,017599eb,5dc21400,cccccccc
1788306627.7111619,27512,7.006492321624085e-45,8.407790785948902e-45,1.401298464324817e-45,1.401298464324817e-45,1.0,0.0,0.0,0.0,0.0,0.0,0.0,1.0,0.0,0.0,0.0,0.0,0.0,0.0,0.0,0.0,0.0,0.0,0.0,0.0,1.0,0.0,1.0,0.0,0.0,0.0,0.0,0.0,0.0,0.0,0.0,0.0,1.0,0.0,0.0,0.0,0.0,0.0,0.0,0.0,0.0,0.0,0.0,0.0,0.0,0.0,0.0,0.0,0f1f8400,c1018d48,8bc1eb0c,000f1f80,00000000,8b5df48b,c8c1f905,f085148e,008b450c,008bca81,01a90000,088b04b9,f8000000,098bc1c1,e817a801,0f85e300,0facc214,f0010000,20040000,a810751b,0d83ff06,45f88b73,1f83ff06,00000006,1af6c101,07c745f0,02000000,8b45f889,45f8660f,8b45108b,058bcb8b,0000d3e0,75108078,8b4dfcc6,81582000,348b5514,108b088b,017599eb,5dc21400,cccccccc
1788306627.8119798,27512,7.006492321624085e-45,8.407790785948902e-45,1.401298464324817e-45,1.401298464324817e-45,1.0,0.0,0.0,0.0,0.0,0.0,0.0,1.0,0.0,0.0,0.0,0.0,0.0,0.0,0.0,0.0,0.0,0.0,0.0,0.0,1.0,0.0,1.0,0.0,0.0,0.0,0.0,0.0,0.0,0.0,0.0,0.0,1.0,0.0,0.0,0.0,0.0,0.0,0.0,0.0,0.0,0.0,0.0,0.0,0.0,0.0,0.0,0.0,0f1f8400,c1018d48,8bc1eb0c,000f1f80,00000000,8b5df48b,c8c1f905,f085148e,008b450c,008bca81,01a90000,088b04b9,f8000000,098bc1c1,e817a801,0f85e300,0facc214,f0010000,20040000,a810751b,0d83ff06,45f88b73,1f83ff06,00000006,1af6c101,07c745f0,02000000,8b45f889,45f8660f,8b45108b,058bcb8b,0000d3e0,75108078,8b4dfcc6,81582000,348b5514,108b088b,017599eb,5dc21400,cccccccc
1788306627.9123166,27512,7.006492321624085e-45,8.407790785948902e-45,1.401298464324817e-45,1.401298464324817e-45,1.0,0.0,0.0,0.0,0.0,0.0,0.0,1.0,0.0,0.0,0.0,0.0,0.0,0.0,0.0,0.0,0.0,0.0,0.0,0.0,1.0,0.0,1.0,0.0,0.0,0.0,0.0,0.0,0.0,0.0,0.0,0.0,1.0,0.0,0.0,0.0,0.0,0.0,0.0,0.0,0.0,0.0,0.0,0.0,0.0,0.0,0.0,0.0,0f1f8400,c1018d48,8bc1eb0c,000f1f80,00000000,8b5df48b,c8c1f905,f085148e,008b450c,008bca81,01a90000,088b04b9,f8000000,098bc1c1,e817a801,0f85e300,0facc214,f0010000,20040000,a810751b,0d83ff06,45f88b73,1f83ff06,00000006,1af6c101,07c745f0,02000000,8b45f889,45f8660f,8b45108b,058bcb8b,0000d3e0,75108078,8b4dfcc6,81582000,348b5514,108b088b,017599eb,5dc21400,cccccccc
1788306628.013508,27512,7.006492321624085e-45,8.407790785948902e-45,1.401298464324817e-45,1.401298464324817e-45,1.0,0.0,0.0,0.0,0.0,0.0,0.0,1.0,0.0,0.0,0.0,0.0,0.0,0.0,0.0,0.0,0.0,0.0,0.0,0.0,1.0,0.0,1.0,0.0,0.0,0.0,0.0,0.0,0.0,0.0,0.0,0.0,1.0,0.0,0.0,0.0,0.0,0.0,0.0,0.0,0.0,0.0,0.0,0.0,0.0,0.0,0.0,0.0,0f1f8400,c1018d48,8bc1eb0c,000f1f80,00000000,8b5df48b,c8c1f905,f085148e,008b450c,008bca81,01a90000,088b04b9,f8000000,098bc1c1,e817a801,0f85e300,0facc214,f0010000,20040000,a810751b,0d83ff06,45f88b73,1f83ff06,00000006,1af6c101,07c745f0,02000000,8b45f889,45f8660f,8b45108b,058bcb8b,0000d3e0,75108078,8b4dfcc6,81582000,348b5514,108b088b,017599eb,5dc21400,cccccccc
1788306628.1145067,27512,7.006492321624085e-45,8.407790785948902e-45,1.401298464324817e-45,1.401298464324817e-45,1.0,0.0,0.0,0.0,0.0,0.0,0.0,1.0,0.0,0.0,0.0,0.0,0.0,0.0,0.0,0.0,0.0,0.0,0.0,0.0,1.0,0.0,1.0,0.0,0.0,0.0,0.0,0.0,0.0,0.0,0.0,0.0,1.0,0.0,0.0,0.0,0.0,0.0,0.0,0.0,0.0,0.0,0.0,0.0,0.0,0.0,0.0,0.0,0f1f8400,c1018d48,8bc1eb0c,000f1f80,00000000,8b5df48b,c8c1f905,f085148e,008b450c,008bca81,01a90000,088b04b9,f8000000,098bc1c1,e817a801,0f85e300,0facc214,f0010000,20040000,a810751b,0d83ff06,45f88b73,1f83ff06,00000006,1af6c101,07c745f0,02000000,8b45f889,45f8660f,8b45108b,058bcb8b,0000d3e0,75108078,8b4dfcc6,81582000,348b5514,108b088b,017599eb,5dc21400,cccccccc
1788306628.2152407,27512,7.006492321624085e-45,8.407790785948902e-45,1.401298464324817e-45,1.401298464324817e-45,1.0,0.0,0.0,0.0,0.0,0.0,0.0,1.0,0.0,0.0,0.0,0.0,0.0,0.0,0.0,0.0,0.0,0.0,0.0,0.0,1.0,0.0,1.0,0.0,0.0,0.0,0.0,0.0,0.0,0.0,0.0,0.0,1.0,0.0,0.0,0.0,0.0,0.0,0.0,0.0,0.0,0.0,0.0,0.0,0.0,0.0,0.0,0.0,0f1f8400,c1018d48,8bc1eb0c,000f1f80,00000000,8b5df48b,c8c1f905,f085148e,008b450c,008bca81,01a90000,088b04b9,f8000000,098bc1c1,e817a801,0f85e300,0facc214,f0010000,20040000,a810751b,0d83ff06,45f88b73,1f83ff06,00000006,1af6c101,07c745f0,02000000,8b45f889,45f8660f,8b45108b,058bcb8b,0000d3e0,75108078,8b4dfcc6,81582000,348b5514,108b088b,017599eb,5dc21400,cccccccc
1788306628.3159442,27512,7.006492321624085e-45,8.407790785948902e-45,1.401298464324817e-45,1.401298464324817e-45,1.0,0.0,0.0,0.0,0.0,0.0,0.0,1.0,0.0,0.0,0.0,0.0,0.0,0.0,0.0,0.0,0.0,0.0,0.0,0.0,1.0,0.0,1.0,0.0,0.0,0.0,0.0,0.0,0.0,0.0,0.0,0.0,1.0,0.0,0.0,0.0,0.0,0.0,0.0,0.0,0.0,0.0,0.0,0.0,0.0,0.0,0.0,0.0,0f1f8400,c1018d48,8bc1eb0c,000f1f80,00000000,8b5df48b,c8c1f905,f085148e,008b450c,008bca81,01a90000,088b04b9,f8000000,098bc1c1,e817a801,0f85e300,0facc214,f0010000,20040000,a810751b,0d83ff06,45f88b73,1f83ff06,00000006,1af6c101,07c745f0,02000000,8b45f889,45f8660f,8b45108b,058bcb8b,0000d3e0,75108078,8b4dfcc6,81582000,348b5514,108b088b,017599eb,5dc21400,cccccccc
1788306628.4168916,27512,7.006492321624085e-45,8.407790785948902e-45,1.401298464324817e-45,1.401298464324817e-45,1.0,0.0,0.0,0.0,0.0,0.0,0.0,1.0,0.0,0.0,0.0,0.0,0.0,0.0,0.0,0.0,0.0,0.0,0.0,0.0,1.0,0.0,1.0,0.0,0.0,0.0,0.0,0.0,0.0,0.0,0.0,0.0,1.0,0.0,0.0,0.0,0.0,0.0,0.0,0.0,0.0,0.0,0.0,0.0,0.0,0.0,0.0,0.0,0f1f8400,c1018d48,8bc1eb0c,000f1f80,00000000,8b5df48b,c8c1f905,f085148e,008b450c,008bca81,01a90000,088b04b9,f8000000,098bc1c1,e817a801,0f85e300,0facc214,f0010000,20040000,a810751b,0d83ff06,45f88b73,1f83ff06,00000006,1af6c101,07c745f0,02000000,8b45f889,45f8660f,8b45108b,058bcb8b,0000d3e0,75108078,8b4dfcc6,81582000,348b5514,108b088b,017599eb,5dc21400,cccccccc
1788306628.517448,27512,7.006492321624085e-45,8.407790785948902e-45,1.401298464324817e-45,1.401298464324817e-45,1.0,0.0,0.0,0.0,0.0,0.0,0.0,1.0,0.0,0.0,0.0,0.0,0.0,0.0,0.0,0.0,0.0,0.0,0.0,0.0,1.0,0.0,1.0,0.0,0.0,0.0,0.0,0.0,0.0,0.0,0.0,0.0,1.0,0.0,0.0,0.0,0.0,0.0,0.0,0.0,0.0,0.0,0.0,0.0,0.0,0.0,0.0,0.0,0f1f8400,c1018d48,8bc1eb0c,000f1f80,00000000,8b5df48b,c8c1f905,f085148e,008b450c,008bca81,01a90000,088b04b9,f8000000,098bc1c1,e817a801,0f85e300,0facc214,f0010000,20040000,a810751b,0d83ff06,45f88b73,1f83ff06,00000006,1af6c101,07c745f0,02000000,8b45f889,45f8660f,8b45108b,058bcb8b,0000d3e0,75108078,8b4dfcc6,81582000,348b5514,108b088b,017599eb,5dc21400,cccccccc
1788306628.61867,27512,7.006492321624085e-45,8.407790785948902e-45,1.401298464324817e-45,1.401298464324817e-45,1.0,0.0,0.0,0.0,0.0,0.0,0.0,1.0,0.0,0.0,0.0,0.0,0.0,0.0,0.0,0.0,0.0,0.0,0.0,0.0,1.0,0.0,1.0,0.0,0.0,0.0,0.0,0.0,0.0,0.0,0.0,0.0,1.0,0.0,0.0,0.0,0.0,0.0,0.0,0.0,0.0,0.0,0.0,0.0,0.0,0.0,0.0,0.0,0f1f8400,c1018d48,8bc1eb0c,000f1f80,00000000,8b5df48b,c8c1f905,f085148e,008b450c,008bca81,01a90000,088b04b9,f8000000,098bc1c1,e817a801,0f85e300,0facc214,f0010000,20040000,a810751b,0d83ff06,45f88b73,1f83ff06,00000006,1af6c101,07c745f0,02000000,8b45f889,45f8660f,8b45108b,058bcb8b,0000d3e0,75108078,8b4dfcc6,81582000,348b5514,108b088b,017599eb,5dc21400,cccccccc
1788306628.7190812,27512,7.006492321624085e-45,8.407790785948902e-45,1.401298464324817e-45,1.401298464324817e-45,1.0,0.0,0.0,0.0,0.0,0.0,0.0,1.0,0.0,0.0,0.0,0.0,0.0,0.0,0.0,0.0,0.0,0.0,0.0,0.0,1.0,0.0,1.0,0.0,0.0,0.0,0.0,0.0,0.0,0.0,0.0,0.0,1.0,0.0,0.0,0.0,0.0,0.0,0.0,0.0,0.0,0.0,0.0,0.0,0.0,0.0,0.0,0.0,0f1f8400,c1018d48,8bc1eb0c,000f1f80,00000000,8b5df48b,c8c1f905,f085148e,008b450c,008bca81,01a90000,088b04b9,f8000000,098bc1c1,e817a801,0f85e300,0facc214,f0010000,20040000,a810751b,0d83ff06,45f88b73,1f83ff06,00000006,1af6c101,07c745f0,02000000,8b45f889,45f8660f,8b45108b,058bcb8b,0000d3e0,75108078,8b4dfcc6,81582000,348b5514,108b088b,017599eb,5dc21400,cccccccc
1788306628.819576,27512,7.006492321624085e-45,8.407790785948902e-45,1.401298464324817e-45,1.401298464324817e-45,1.0,0.0,0.0,0.0,0.0,0.0,0.0,1.0,0.0,0.0,0.0,0.0,0.0,0.0,0.0,0.0,0.0,0.0,0.0,0.0,1.0,0.0,1.0,0.0,0.0,0.0,0.0,0.0,0.0,0.0,0.0,0.0,1.0,0.0,0.0,0.0,0.0,0.0,0.0,0.0,0.0,0.0,0.0,0.0,0.0,0.0,0.0,0.0,0f1f8400,c1018d48,8bc1eb0c,000f1f80,00000000,8b5df48b,c8c1f905,f085148e,008b450c,008bca81,01a90000,088b04b9,f8000000,098bc1c1,e817a801,0f85e300,0facc214,f0010000,20040000,a810751b,0d83ff06,45f88b73,1f83ff06,00000006,1af6c101,07c745f0,02000000,8b45f889,45f8660f,8b45108b,058bcb8b,0000d3e0,75108078,8b4dfcc6,81582000,348b5514,108b088b,017599eb,5dc21400,cccccccc
1788306628.920139,27512,7.006492321624085e-45,8.407790785948902e-45,1.401298464324817e-45,1.401298464324817e-45,1.0,0.0,0.0,0.0,0.0,0.0,0.0,1.0,0.0,0.0,0.0,0.0,0.0,0.0,0.0,0.0,0.0,0.0,0.0,0.0,1.0,0.0,1.0,0.0,0.0,0.0,0.0,0.0,0.0,0.0,0.0,0.0,1.0,0.0,0.0,0.0,0.0,0.0,0.0,0.0,0.0,0.0,0.0,0.0,0.0,0.0,0.0,0.0,0f1f8400,c1018d48,8bc1eb0c,000f1f80,00000000,8b5df48b,c8c1f905,f085148e,008b450c,008bca81,01a90000,088b04b9,f8000000,098bc1c1,e817a801,0f85e300,0facc214,f0010000,20040000,a810751b,0d83ff06,45f88b73,1f83ff06,00000006,1af6c101,07c745f0,02000000,8b45f889,45f8660f,8b45108b,058bcb8b,0000d3e0,75108078,8b4dfcc6,81582000,348b5514,108b088b,017599eb,5dc21400,cccccccc
1788306629.0208375,27512,7.006492321624085e-45,8.407790785948902e-45,1.401298464324817e-45,1.401298464324817e-45,1.0,0.0,0.0,0.0,0.0,0.0,0.0,1.0,0.0,0.0,0.0,0.0,0.0,0.0,0.0,0.0,0.0,0.0,0.0,0.0,1.0,0.0,1.0,0.0,0.0,0.0,0.0,0.0,0.0,0.0,0.0,0.0,1.0,0.0,0.0,0.0,0.0,0.0,0.0,0.0,0.0,0.0,0.0,0.0,0.0,0.0,0.0,0.0,0f1f8400,c1018d48,8bc1eb0c,000f1f80,00000000,8b5df48b,c8c1f905,f085148e,008b450c,008bca81,01a90000,088b04b9,f8000000,098bc1c1,e817a801,0f85e300,0facc214,f0010000,20040000,a810751b,0d83ff06,45f88b73,1f83ff06,00000006,1af6c101,07c745f0,02000000,8b45f889,45f8660f,8b45108b,058bcb8b,0000d3e0,75108078,8b4dfcc6,81582000,348b5514,108b088b,017599eb,5dc21400,cccccccc
1788306629.121517,27512,7.006492321624085e-45,8.407790785948902e-45,1.401298464324817e-45,1.401298464324817e-45,1.0,0.0,0.0,0.0,0.0,0.0,0.0,1.0,0.0,0.0,0.0,0.0,0.0,0.0,0.0,0.0,0.0,0.0,0.0,0.0,1.0,0.0,1.0,0.0,0.0,0.0,0.0,0.0,0.0,0.0,0.0,0.0,1.0,0.0,0.0,0.0,0.0,0.0,0.0,0.0,0.0,0.0,0.0,0.0,0.0,0.0,0.0,0.0,0f1f8400,c1018d48,8bc1eb0c,000f1f80,00000000,8b5df48b,c8c1f905,f085148e,008b450c,008bca81,01a90000,088b04b9,f8000000,098bc1c1,e817a801,0f85e300,0facc214,f0010000,20040000,a810751b,0d83ff06,45f88b73,1f83ff06,00000006,1af6c101,07c745f0,02000000,8b45f889,45f8660f,8b45108b,058bcb8b,0000d3e0,75108078,8b4dfcc6,81582000,348b5514,108b088b,017599eb,5dc21400,cccccccc
1788306629.222754,27512,7.006492321624085e-45,8.407790785948902e-45,1.401298464324817e-45,1.401298464324817e-45,1.0,0.0,0.0,0.0,0.0,0.0,0.0,1.0,0.0,0.0,0.0,0.0,0.0,0.0,0.0,0.0,0.0,0.0,0.0,0.0,1.0,0.0,1.0,0.0,0.0,0.0,0.0,0.0,0.0,0.0,0.0,0.0,1.0,0.0,0.0,0.0,0.0,0.0,0.0,0.0,0.0,0.0,0.0,0.0,0.0,0.0,0.0,0.0,0f1f8400,c1018d48,8bc1eb0c,000f1f80,00000000,8b5df48b,c8c1f905,f085148e,008b450c,008bca81,01a90000,088b04b9,f8000000,098bc1c1,e817a801,0f85e300,0facc214,f0010000,20040000,a810751b,0d83ff06,45f88b73,1f83ff06,00000006,1af6c101,07c745f0,02000000,8b45f889,45f8660f,8b45108b,058bcb8b,0000d3e0,75108078,8b4dfcc6,81582000,348b5514,108b088b,017599eb,5dc21400,cccccccc
1788306629.3231645,27512,7.006492321624085e-45,8.407790785948902e-45,1.401298464324817e-45,1.401298464324817e-45,1.0,0.0,0.0,0.0,0.0,0.0,0.0,1.0,0.0,0.0,0.0,0.0,0.0,0.0,0.0,0.0,0.0,0.0,0.0,0.0,1.0,0.0,1.0,0.0,0.0,0.0,0.0,0.0,0.0,0.0,0.0,0.0,1.0,0.0,0.0,0.0,0.0,0.0,0.0,0.0,0.0,0.0,0.0,0.0,0.0,0.0,0.0,0.0,0f1f8400,c1018d48,8bc1eb0c,000f1f80,00000000,8b5df48b,c8c1f905,f085148e,008b450c,008bca81,01a90000,088b04b9,f8000000,098bc1c1,e817a801,0f85e300,0facc214,f0010000,20040000,a810751b,0d83ff06,45f88b73,1f83ff06,00000006,1af6c101,07c745f0,02000000,8b45f889,45f8660f,8b45108b,058bcb8b,0000d3e0,75108078,8b4dfcc6,81582000,348b5514,108b088b,017599eb,5dc21400,cccccccc
1788306629.4234664,27512,7.006492321624085e-45,8.407790785948902e-45,1.401298464324817e-45,1.401298464324817e-45,1.0,0.0,0.0,0.0,0.0,0.0,0.0,1.0,0.0,0.0,0.0,0.0,0.0,0.0,0.0,0.0,0.0,0.0,0.0,0.0,1.0,0.0,1.0,0.0,0.0,0.0,0.0,0.0,0.0,0.0,0.0,0.0,1.0,0.0,0.0,0.0,0.0,0.0,0.0,0.0,0.0,0.0,0.0,0.0,0.0,0.0,0.0,0.0,0f1f8400,c1018d48,8bc1eb0c,000f1f80,00000000,8b5df48b,c8c1f905,f085148e,008b450c,008bca81,01a90000,088b04b9,f8000000,098bc1c1,e817a801,0f85e300,0facc214,f0010000,20040000,a810751b,0d83ff06,45f88b73,1f83ff06,00000006,1af6c101,07c745f0,02000000,8b45f889,45f8660f,8b45108b,058bcb8b,0000d3e0,75108078,8b4dfcc6,81582000,348b5514,108b088b,017599eb,5dc21400,cccccccc
1788306629.5240703,27512,7.006492321624085e-45,8.407790785948902e-45,1.401298464324817e-45,1.401298464324817e-45,1.0,0.0,0.0,0.0,0.0,0.0,0.0,1.0,0.0,0.0,0.0,0.0,0.0,0.0,0.0,0.0,0.0,0.0,0.0,0.0,1.0,0.0,1.0,0.0,0.0,0.0,0.0,0.0,0.0,0.0,0.0,0.0,1.0,0.0,0.0,0.0,0.0,0.0,0.0,0.0,0.0,0.0,0.0,0.0,0.0,0.0,0.0,0.0,0f1f8400,c1018d48,8bc1eb0c,000f1f80,00000000,8b5df48b,c8c1f905,f085148e,008b450c,008bca81,01a90000,088b04b9,f8000000,098bc1c1,e817a801,0f85e300,0facc214,f0010000,20040000,a810751b,0d83ff06,45f88b73,1f83ff06,00000006,1af6c101,07c745f0,02000000,8b45f889,45f8660f,8b45108b,058bcb8b,0000d3e0,75108078,8b4dfcc6,81582000,348b5514,108b088b,017599eb,5dc21400,cccccccc
1788306629.6244566,27512,7.006492321624085e-45,8.407790785948902e-45,1.401298464324817e-45,1.401298464324817e-45,1.0,0.0,0.0,0.0,0.0,0.0,0.0,1.0,0.0,0.0,0.0,0.0,0.0,0.0,0.0,0.0,0.0,0.0,0.0,0.0,1.0,0.0,1.0,0.0,0.0,0.0,0.0,0.0,0.0,0.0,0.0,0.0,1.0,0.0,0.0,0.0,0.0,0.0,0.0,0.0,0.0,0.0,0.0,0.0,0.0,0.0,0.0,0.0,0f1f8400,c1018d48,8bc1eb0c,000f1f80,00000000,8b5df48b,c8c1f905,f085148e,008b450c,008bca81,01a90000,088b04b9,f8000000,098bc1c1,e817a801,0f85e300,0facc214,f0010000,20040000,a810751b,0d83ff06,45f88b73,1f83ff06,00000006,1af6c101,07c745f0,02000000,8b45f889,45f8660f,8b45108b,058bcb8b,0000d3e0,75108078,8b4dfcc6,81582000,348b5514,108b088b,017599eb,5dc21400,cccccccc
1788306629.7250628,27512,7.006492321624085e-45,8.407790785948902e-45,1.401298464324817e-45,1.401298464324817e-45,1.0,0.0,0.0,0.0,0.0,0.0,0.0,1.0,0.0,0.0,0.0,0.0,0.0,0.0,0.0,0.0,0.0,0.0,0.0,0.0,1.0,0.0,1.0,0.0,0.0,0.0,0.0,0.0,0.0,0.0,0.0,0.0,1.0,0.0,0.0,0.0,0.0,0.0,0.0,0.0,0.0,0.0,0.0,0.0,0.0,0.0,0.0,0.0,0f1f8400,c1018d48,8bc1eb0c,000f1f80,00000000,8b5df48b,c8c1f905,f085148e,008b450c,008bca81,01a90000,088b04b9,f8000000,098bc1c1,e817a801,0f85e300,0facc214,f0010000,20040000,a810751b,0d83ff06,45f88b73,1f83ff06,00000006,1af6c101,07c745f0,02000000,8b45f889,45f8660f,8b45108b,058bcb8b,0000d3e0,75108078,8b4dfcc6,81582000,348b5514,108b088b,017599eb,5dc21400,cccccccc
1788306629.8256087,27512,7.006492321624085e-45,8.407790785948902e-45,1.401298464324817e-45,1.401298464324817e-45,1.0,0.0,0.0,0.0,0.0,0.0,0.0,1.0,0.0,0.0,0.0,0.0,0.0,0.0,0.0,0.0,0.0,0.0,0.0,0.0,1.0,0.0,1.0,0.0,0.0,0.0,0.0,0.0,0.0,0.0,0.0,0.0,1.0,0.0,0.0,0.0,0.0,0.0,0.0,0.0,0.0,0.0,0.0,0.0,0.0,0.0,0.0,0.0,0f1f8400,c1018d48,8bc1eb0c,000f1f80,00000000,8b5df48b,c8c1f905,f085148e,008b450c,008bca81,01a90000,088b04b9,f8000000,098bc1c1,e817a801,0f85e300,0facc214,f0010000,20040000,a810751b,0d83ff06,45f88b73,1f83ff06,00000006,1af6c101,07c745f0,02000000,8b45f889,45f8660f,8b45108b,058bcb8b,0000d3e0,75108078,8b4dfcc6,81582000,348b5514,108b088b,017599eb,5dc21400,cccccccc
1788306629.9267638,27512,7.006492321624085e-45,8.407790785948902e-45,1.401298464324817e-45,1.401298464324817e-45,1.0,0.0,0.0,0.0,0.0,0.0,0.0,1.0,0.0,0.0,0.0,0.0,0.0,0.0,0.0,0.0,0.0,0.0,0.0,0.0,1.0,0.0,1.0,0.0,0.0,0.0,0.0,0.0,0.0,0.0,0.0,0.0,1.0,0.0,0.0,0.0,0.0,0.0,0.0,0.0,0.0,0.0,0.0,0.0,0.0,0.0,0.0,0.0,0f1f8400,c1018d48,8bc1eb0c,000f1f80,00000000,8b5df48b,c8c1f905,f085148e,008b450c,008bca81,01a90000,088b04b9,f8000000,098bc1c1,e817a801,0f85e300,0facc214,f0010000,20040000,a810751b,0d83ff06,45f88b73,1f83ff06,00000006,1af6c101,07c745f0,02000000,8b45f889,45f8660f,8b45108b,058bcb8b,0000d3e0,75108078,8b4dfcc6,81582000,348b5514,108b088b,017599eb,5dc21400,cccccccc
1788306630.0274496,27512,7.006492321624085e-45,8.407790785948902e-45,1.401298464324817e-45,1.401298464324817e-45,1.0,0.0,0.0,0.0,0.0,0.0,0.0,1.0,0.0,0.0,0.0,0.0,0.0,0.0,0.0,0.0,0.0,0.0,0.0,0.0,1.0,0.0,1.0,0.0,0.0,0.0,0.0,0.0,0.0,0.0,0.0,0.0,1.0,0.0,0.0,0.0,0.0,0.0,0.0,0.0,0.0,0.0,0.0,0.0,0.0,0.0,0.0,0.0,0f1f8400,c1018d48,8bc1eb0c,000f1f80,00000000,8b5df48b,c8c1f905,f085148e,008b450c,008bca81,01a90000,088b04b9,f8000000,098bc1c1,e817a801,0f85e300,0facc214,f0010000,20040000,a810751b,0d83ff06,45f88b73,1f83ff06,00000006,1af6c101,07c745f0,02000000,8b45f889,45f8660f,8b45108b,058bcb8b,0000d3e0,75108078,8b4dfcc6,81582000,348b5514,108b088b,017599eb,5dc21400,cccccccc
1788306630.1284072,27512,7.006492321624085e-45,8.407790785948902e-45,1.401298464324817e-45,1.401298464324817e-45,1.0,0.0,0.0,0.0,0.0,0.0,0.0,1.0,0.0,0.0,0.0,0.0,0.0,0.0,0.0,0.0,0.0,0.0,0.0,0.0,1.0,0.0,1.0,0.0,0.0,0.0,0.0,0.0,0.0,0.0,0.0,0.0,1.0,0.0,0.0,0.0,0.0,0.0,0.0,0.0,0.0,0.0,0.0,0.0,0.0,0.0,0.0,0.0,0f1f8400,c1018d48,8bc1eb0c,000f1f80,00000000,8b5df48b,c8c1f905,f085148e,008b450c,008bca81,01a90000,088b04b9,f8000000,098bc1c1,e817a801,0f85e300,0facc214,f0010000,20040000,a810751b,0d83ff06,45f88b73,1f83ff06,00000006,1af6c101,07c745f0,02000000,8b45f889,45f8660f,8b45108b,058bcb8b,0000d3e0,75108078,8b4dfcc6,81582000,348b5514,108b088b,017599eb,5dc21400,cccccccc
1788306630.2300265,27512,7.006492321624085e-45,8.407790785948902e-45,1.401298464324817e-45,1.401298464324817e-45,1.0,0.0,0.0,0.0,0.0,0.0,0.0,1.0,0.0,0.0,0.0,0.0,0.0,0.0,0.0,0.0,0.0,0.0,0.0,0.0,1.0,0.0,1.0,0.0,0.0,0.0,0.0,0.0,0.0,0.0,0.0,0.0,1.0,0.0,0.0,0.0,0.0,0.0,0.0,0.0,0.0,0.0,0.0,0.0,0.0,0.0,0.0,0.0,0f1f8400,c1018d48,8bc1eb0c,000f1f80,00000000,8b5df48b,c8c1f905,f085148e,008b450c,008bca81,01a90000,088b04b9,f8000000,098bc1c1,e817a801,0f85e300,0facc214,f0010000,20040000,a810751b,0d83ff06,45f88b73,1f83ff06,00000006,1af6c101,07c745f0,02000000,8b45f889,45f8660f,8b45108b,058bcb8b,0000d3e0,75108078,8b4dfcc6,81582000,348b5514,108b088b,017599eb,5dc21400,cccccccc
1788306630.330727,27512,7.006492321624085e-45,8.407790785948902e-45,1.401298464324817e-45,1.401298464324817e-45,1.0,0.0,0.0,0.0,0.0,0.0,0.0,1.0,0.0,0.0,0.0,0.0,0.0,0.0,0.0,0.0,0.0,0.0,0.0,0.0,1.0,0.0,1.0,0.0,0.0,0.0,0.0,0.0,0.0,0.0,0.0,0.0,1.0,0.0,0.0,0.0,0.0,0.0,0.0,0.0,0.0,0.0,0.0,0.0,0.0,0.0,0.0,0.0,0f1f8400,c1018d48,8bc1eb0c,000f1f80,00000000,8b5df48b,c8c1f905,f085148e,008b450c,008bca81,01a90000,088b04b9,f8000000,098bc1c1,e817a801,0f85e300,0facc214,f0010000,20040000,a810751b,0d83ff06,45f88b73,1f83ff06,00000006,1af6c101,07c745f0,02000000,8b45f889,45f8660f,8b45108b,058bcb8b,0000d3e0,75108078,8b4dfcc6,81582000,348b5514,108b088b,017599eb,5dc21400,cccccccc
1788306630.4314165,27512,7.006492321624085e-45,8.407790785948902e-45,1.401298464324817e-45,1.401298464324817e-45,1.0,0.0,0.0,0.0,0.0,0.0,0.0,1.0,0.0,0.0,0.0,0.0,0.0,0.0,0.0,0.0,0.0,0.0,0.0,0.0,1.0,0.0,1.0,0.0,0.0,0.0,0.0,0.0,0.0,0.0,0.0,0.0,1.0,0.0,0.0,0.0,0.0,0.0,0.0,0.0,0.0,0.0,0.0,0.0,0.0,0.0,0.0,0.0,0f1f8400,c1018d48,8bc1eb0c,000f1f80,00000000,8b5df48b,c8c1f905,f085148e,008b450c,008bca81,01a90000,088b04b9,f8000000,098bc1c1,e817a801,0f85e300,0facc214,f0010000,20040000,a810751b,0d83ff06,45f88b73,1f83ff06,00000006,1af6c101,07c745f0,02000000,8b45f889,45f8660f,8b45108b,058bcb8b,0000d3e0,75108078,8b4dfcc6,81582000,348b5514,108b088b,017599eb,5dc21400,cccccccc
1788306630.5326629,27512,7.006492321624085e-45,8.407790785948902e-45,1.401298464324817e-45,1.401298464324817e-45,1.0,0.0,0.0,0.0,0.0,0.0,0.0,1.0,0.0,0.0,0.0,0.0,0.0,0.0,0.0,0.0,0.0,0.0,0.0,0.0,1.0,0.0,1.0,0.0,0.0,0.0,0.0,0.0,0.0,0.0,0.0,0.0,1.0,0.0,0.0,0.0,0.0,0.0,0.0,0.0,0.0,0.0,0.0,0.0,0.0,0.0,0.0,0.0,0f1f8400,c1018d48,8bc1eb0c,000f1f80,00000000,8b5df48b,c8c1f905,f085148e,008b450c,008bca81,01a90000,088b04b9,f8000000,098bc1c1,e817a801,0f85e300,0facc214,f0010000,20040000,a810751b,0d83ff06,45f88b73,1f83ff06,00000006,1af6c101,07c745f0,02000000,8b45f889,45f8660f,8b45108b,058bcb8b,0000d3e0,75108078,8b4dfcc6,81582000,348b5514,108b088b,017599eb,5dc21400,cccccccc
1788306630.6334646,27512,7.006492321624085e-45,8.407790785948902e-45,1.401298464324817e-45,1.401298464324817e-45,1.0,0.0,0.0,0.0,0.0,0.0,0.0,1.0,0.0,0.0,0.0,0.0,0.0,0.0,0.0,0.0,0.0,0.0,0.0,0.0,1.0,0.0,1.0,0.0,0.0,0.0,0.0,0.0,0.0,0.0,0.0,0.0,1.0,0.0,0.0,0.0,0.0,0.0,0.0,0.0,0.0,0.0,0.0,0.0,0.0,0.0,0.0,0.0,0f1f8400,c1018d48,8bc1eb0c,000f1f80,00000000,8b5df48b,c8c1f905,f085148e,008b450c,008bca81,01a90000,088b04b9,f8000000,098bc1c1,e817a801,0f85e300,0facc214,f0010000,20040000,a810751b,0d83ff06,45f88b73,1f83ff06,00000006,1af6c101,07c745f0,02000000,8b45f889,45f8660f,8b45108b,058bcb8b,0000d3e0,75108078,8b4dfcc6,81582000,348b5514,108b088b,017599eb,5dc21400,cccccccc
1788306630.73442,27512,7.006492321624085e-45,8.407790785948902e-45,1.401298464324817e-45,1.401298464324817e-45,1.0,0.0,0.0,0.0,0.0,0.0,0.0,1.0,0.0,0.0,0.0,0.0,0.0,0.0,0.0,0.0,0.0,0.0,0.0,0.0,1.0,0.0,1.0,0.0,0.0,0.0,0.0,0.0,0.0,0.0,0.0,0.0,1.0,0.0,0.0,0.0,0.0,0.0,0.0,0.0,0.0,0.0,0.0,0.0,0.0,0.0,0.0,0.0,0f1f8400,c1018d48,8bc1eb0c,000f1f80,00000000,8b5df48b,c8c1f905,f085148e,008b450c,008bca81,01a90000,088b04b9,f8000000,098bc1c1,e817a801,0f85e300,0facc214,f0010000,20040000,a810751b,0d83ff06,45f88b73,1f83ff06,00000006,1af6c101,07c745f0,02000000,8b45f889,45f8660f,8b45108b,058bcb8b,0000d3e0,75108078,8b4dfcc6,81582000,348b5514,108b088b,017599eb,5dc21400,cccccccc
1788306630.8351378,27512,7.006492321624085e-45,8.407790785948902e-45,1.401298464324817e-45,1.401298464324817e-45,1.0,0.0,0.0,0.0,0.0,0.0,0.0,1.0,0.0,0.0,0.0,0.0,0.0,0.0,0.0,0.0,0.0,0.0,0.0,0.0,1.0,0.0,1.0,0.0,0.0,0.0,0.0,0.0,0.0,0.0,0.0,0.0,1.0,0.0,0.0,0.0,0.0,0.0,0.0,0.0,0.0,0.0,0.0,0.0,0.0,0.0,0.0,0.0,0f1f8400,c1018d48,8bc1eb0c,000f1f80,00000000,8b5df48b,c8c1f905,f085148e,008b450c,008bca81,01a90000,088b04b9,f8000000,098bc1c1,e817a801,0f85e300,0facc214,f0010000,20040000,a810751b,0d83ff06,45f88b73,1f83ff06,00000006,1af6c101,07c745f0,02000000,8b45f889,45f8660f,8b45108b,058bcb8b,0000d3e0,75108078,8b4dfcc6,81582000,348b5514,108b088b,017599eb,5dc21400,cccccccc
1788306630.9358835,27512,7.006492321624085e-45,8.407790785948902e-45,1.401298464324817e-45,1.401298464324817e-45,1.0,0.0,0.0,0.0,0.0,0.0,0.0,1.0,0.0,0.0,0.0,0.0,0.0,0.0,0.0,0.0,0.0,0.0,0.0,0.0,1.0,0.0,1.0,0.0,0.0,0.0,0.0,0.0,0.0,0.0,0.0,0.0,1.0,0.0,0.0,0.0,0.0,0.0,0.0,0.0,0.0,0.0,0.0,0.0,0.0,0.0,0.0,0.0,0f1f8400,c1018d48,8bc1eb0c,000f1f80,00000000,8b5df48b,c8c1f905,f085148e,008b450c,008bca81,01a90000,088b04b9,f8000000,098bc1c1,e817a801,0f85e300,0facc214,f0010000,20040000,a810751b,0d83ff06,45f88b73,1f83ff06,00000006,1af6c101,07c745f0,02000000,8b45f889,45f8660f,8b45108b,058bcb8b,0000d3e0,75108078,8b4dfcc6,81582000,348b5514,108b088b,017599eb,5dc21400,cccccccc
1788306631.0365276,27512,7.006492321624085e-45,8.407790785948902e-45,1.401298464324817e-45,1.401298464324817e-45,1.0,0.0,0.0,0.0,0.0,0.0,0.0,1.0,0.0,0.0,0.0,0.0,0.0,0.0,0.0,0.0,0.0,0.0,0.0,0.0,1.0,0.0,1.0,0.0,0.0,0.0,0.0,0.0,0.0,0.0,0.0,0.0,1.0,0.0,0.0,0.0,0.0,0.0,0.0,0.0,0.0,0.0,0.0,0.0,0.0,0.0,0.0,0.0,0f1f8400,c1018d48,8bc1eb0c,000f1f80,00000000,8b5df48b,c8c1f905,f085148e,008b450c,008bca81,01a90000,088b04b9,f8000000,098bc1c1,e817a801,0f85e300,0facc214,f0010000,20040000,a810751b,0d83ff06,45f88b73,1f83ff06,00000006,1af6c101,07c745f0,02000000,8b45f889,45f8660f,8b45108b,058bcb8b,0000d3e0,75108078,8b4dfcc6,81582000,348b5514,108b088b,017599eb,5dc21400,cccccccc
1788306631.155813,27512,7.006492321624085e-45,8.407790785948902e-45,1.401298464324817e-45,1.401298464324817e-45,1.0,0.0,0.0,0.0,0.0,0.0,0.0,1.0,0.0,0.0,0.0,0.0,0.0,0.0,0.0,0.0,0.0,0.0,0.0,0.0,1.0,0.0,1.0,0.0,0.0,0.0,0.0,0.0,0.0,0.0,0.0,0.0,1.0,0.0,0.0,0.0,0.0,0.0,0.0,0.0,0.0,0.0,0.0,0.0,0.0,0.0,0.0,0.0,0f1f8400,c1018d48,8bc1eb0c,000f1f80,00000000,8b5df48b,c8c1f905,f085148e,008b450c,008bca81,01a90000,088b04b9,f8000000,098bc1c1,e817a801,0f85e300,0facc214,f0010000,20040000,a810751b,0d83ff06,45f88b73,1f83ff06,00000006,1af6c101,07c745f0,02000000,8b45f889,45f8660f,8b45108b,058bcb8b,0000d3e0,75108078,8b4dfcc6,81582000,348b5514,108b088b,017599eb,5dc21400,cccccccc
1788306631.2567005,27512,7.006492321624085e-45,8.407790785948902e-45,1.401298464324817e-45,1.401298464324817e-45,1.0,0.0,0.0,0.0,0.0,0.0,0.0,1.0,0.0,0.0,0.0,0.0,0.0,0.0,0.0,0.0,0.0,0.0,0.0,0.0,1.0,0.0,1.0,0.0,0.0,0.0,0.0,0.0,0.0,0.0,0.0,0.0,1.0,0.0,0.0,0.0,0.0,0.0,0.0,0.0,0.0,0.0,0.0,0.0,0.0,0.0,0.0,0.0,0f1f8400,c1018d48,8bc1eb0c,000f1f80,00000000,8b5df48b,c8c1f905,f085148e,008b450c,008bca81,01a90000,088b04b9,f8000000,098bc1c1,e817a801,0f85e300,0facc214,f0010000,20040000,a810751b,0d83ff06,45f88b73,1f83ff06,00000006,1af6c101,07c745f0,02000000,8b45f889,45f8660f,8b45108b,058bcb8b,0000d3e0,75108078,8b4dfcc6,81582000,348b5514,108b088b,017599eb,5dc21400,cccccccc
1788306631.3573713,27512,7.006492321624085e-45,8.407790785948902e-45,1.401298464324817e-45,1.401298464324817e-45,1.0,0.0,0.0,0.0,0.0,0.0,0.0,1.0,0.0,0.0,0.0,0.0,0.0,0.0,0.0,0.0,0.0,0.0,0.0,0.0,1.0,0.0,1.0,0.0,0.0,0.0,0.0,0.0,0.0,0.0,0.0,0.0,1.0,0.0,0.0,0.0,0.0,0.0,0.0,0.0,0.0,0.0,0.0,0.0,0.0,0.0,0.0,0.0,0f1f8400,c1018d48,8bc1eb0c,000f1f80,00000000,8b5df48b,c8c1f905,f085148e,008b450c,008bca81,01a90000,088b04b9,f8000000,098bc1c1,e817a801,0f85e300,0facc214,f0010000,20040000,a810751b,0d83ff06,45f88b73,1f83ff06,00000006,1af6c101,07c745f0,02000000,8b45f889,45f8660f,8b45108b,058bcb8b,0000d3e0,75108078,8b4dfcc6,81582000,348b5514,108b088b,017599eb,5dc21400,cccccccc
1788306631.4580567,27512,7.006492321624085e-45,8.407790785948902e-45,1.401298464324817e-45,1.401298464324817e-45,1.0,0.0,0.0,0.0,0.0,0.0,0.0,1.0,0.0,0.0,0.0,0.0,0.0,0.0,0.0,0.0,0.0,0.0,0.0,0.0,1.0,0.0,1.0,0.0,0.0,0.0,0.0,0.0,0.0,0.0,0.0,0.0,1.0,0.0,0.0,0.0,0.0,0.0,0.0,0.0,0.0,0.0,0.0,0.0,0.0,0.0,0.0,0.0,0f1f8400,c1018d48,8bc1eb0c,000f1f80,00000000,8b5df48b,c8c1f905,f085148e,008b450c,008bca81,01a90000,088b04b9,f8000000,098bc1c1,e817a801,0f85e300,0facc214,f0010000,20040000,a810751b,0d83ff06,45f88b73,1f83ff06,00000006,1af6c101,07c745f0,02000000,8b45f889,45f8660f,8b45108b,058bcb8b,0000d3e0,75108078,8b4dfcc6,81582000,348b5514,108b088b,017599eb,5dc21400,cccccccc
1788306631.5585823,27512,7.006492321624085e-45,8.407790785948902e-45,1.401298464324817e-45,1.401298464324817e-45,1.0,0.0,0.0,0.0,0.0,0.0,0.0,1.0,0.0,0.0,0.0,0.0,0.0,0.0,0.0,0.0,0.0,0.0,0.0,0.0,1.0,0.0,1.0,0.0,0.0,0.0,0.0,0.0,0.0,0.0,0.0,0.0,1.0,0.0,0.0,0.0,0.0,0.0,0.0,0.0,0.0,0.0,0.0,0.0,0.0,0.0,0.0,0.0,0f1f8400,c1018d48,8bc1eb0c,000f1f80,00000000,8b5df48b,c8c1f905,f085148e,008b450c,008bca81,01a90000,088b04b9,f8000000,098bc1c1,e817a801,0f85e300,0facc214,f0010000,20040000,a810751b,0d83ff06,45f88b73,1f83ff06,00000006,1af6c101,07c745f0,02000000,8b45f889,45f8660f,8b45108b,058bcb8b,0000d3e0,75108078,8b4dfcc6,81582000,348b5514,108b088b,017599eb,5dc21400,cccccccc
1788306631.6595547,27512,7.006492321624085e-45,8.407790785948902e-45,1.401298464324817e-45,1.401298464324817e-45,1.0,0.0,0.0,0.0,0.0,0.0,0.0,1.0,0.0,0.0,0.0,0.0,0.0,0.0,0.0,0.0,0.0,0.0,0.0,0.0,1.0,0.0,1.0,0.0,0.0,0.0,0.0,0.0,0.0,0.0,0.0,0.0,1.0,0.0,0.0,0.0,0.0,0.0,0.0,0.0,0.0,0.0,0.0,0.0,0.0,0.0,0.0,0.0,0f1f8400,c1018d48,8bc1eb0c,000f1f80,00000000,8b5df48b,c8c1f905,f085148e,008b450c,008bca81,01a90000,088b04b9,f8000000,098bc1c1,e817a801,0f85e300,0facc214,f0010000,20040000,a810751b,0d83ff06,45f88b73,1f83ff06,00000006,1af6c101,07c745f0,02000000,8b45f889,45f8660f,8b45108b,058bcb8b,0000d3e0,75108078,8b4dfcc6,81582000,348b5514,108b088b,017599eb,5dc21400,cccccccc
1788306631.760246,27512,7.006492321624085e-45,8.407790785948902e-45,1.401298464324817e-45,1.401298464324817e-45,1.0,0.0,0.0,0.0,0.0,0.0,0.0,1.0,0.0,0.0,0.0,0.0,0.0,0.0,0.0,0.0,0.0,0.0,0.0,0.0,1.0,0.0,1.0,0.0,0.0,0.0,0.0,0.0,0.0,0.0,0.0,0.0,1.0,0.0,0.0,0.0,0.0,0.0,0.0,0.0,0.0,0.0,0.0,0.0,0.0,0.0,0.0,0.0,0f1f8400,c1018d48,8bc1eb0c,000f1f80,00000000,8b5df48b,c8c1f905,f085148e,008b450c,008bca81,01a90000,088b04b9,f8000000,098bc1c1,e817a801,0f85e300,0facc214,f0010000,20040000,a810751b,0d83ff06,45f88b73,1f83ff06,00000006,1af6c101,07c745f0,02000000,8b45f889,45f8660f,8b45108b,058bcb8b,0000d3e0,75108078,8b4dfcc6,81582000,348b5514,108b088b,017599eb,5dc21400,cccccccc
1788306631.8611746,27512,7.006492321624085e-45,8.407790785948902e-45,1.401298464324817e-45,1.401298464324817e-45,1.0,0.0,0.0,0.0,0.0,0.0,0.0,1.0,0.0,0.0,0.0,0.0,0.0,0.0,0.0,0.0,0.0,0.0,0.0,0.0,1.0,0.0,1.0,0.0,0.0,0.0,0.0,0.0,0.0,0.0,0.0,0.0,1.0,0.0,0.0,0.0,0.0,0.0,0.0,0.0,0.0,0.0,0.0,0.0,0.0,0.0,0.0,0.0,0f1f8400,c1018d48,8bc1eb0c,000f1f80,00000000,8b5df48b,c8c1f905,f085148e,008b450c,008bca81,01a90000,088b04b9,f8000000,098bc1c1,e817a801,0f85e300,0facc214,f0010000,20040000,a810751b,0d83ff06,45f88b73,1f83ff06,00000006,1af6c101,07c745f0,02000000,8b45f889,45f8660f,8b45108b,058bcb8b,0000d3e0,75108078,8b4dfcc6,81582000,348b5514,108b088b,017599eb,5dc21400,cccccccc
1788306631.9622598,27512,7.006492321624085e-45,8.407790785948902e-45,1.401298464324817e-45,1.401298464324817e-45,1.0,0.0,0.0,0.0,0.0,0.0,0.0,1.0,0.0,0.0,0.0,0.0,0.0,0.0,0.0,0.0,0.0,0.0,0.0,0.0,1.0,0.0,1.0,0.0,0.0,0.0,0.0,0.0,0.0,0.0,0.0,0.0,1.0,0.0,0.0,0.0,0.0,0.0,0.0,0.0,0.0,0.0,0.0,0.0,0.0,0.0,0.0,0.0,0f1f8400,c1018d48,8bc1eb0c,000f1f80,00000000,8b5df48b,c8c1f905,f085148e,008b450c,008bca81,01a90000,088b04b9,f8000000,098bc1c1,e817a801,0f85e300,0facc214,f0010000,20040000,a810751b,0d83ff06,45f88b73,1f83ff06,00000006,1af6c101,07c745f0,02000000,8b45f889,45f8660f,8b45108b,058bcb8b,0000d3e0,75108078,8b4dfcc6,81582000,348b5514,108b088b,017599eb,5dc21400,cccccccc
1788306632.0630214,27512,7.006492321624085e-45,8.407790785948902e-45,1.401298464324817e-45,1.401298464324817e-45,1.0,0.0,0.0,0.0,0.0,0.0,0.0,1.0,0.0,0.0,0.0,0.0,0.0,0.0,0.0,0.0,0.0,0.0,0.0,0.0,1.0,0.0,1.0,0.0,0.0,0.0,0.0,0.0,0.0,0.0,0.0,0.0,1.0,0.0,0.0,0.0,0.0,0.0,0.0,0.0,0.0,0.0,0.0,0.0,0.0,0.0,0.0,0.0,0f1f8400,c1018d48,8bc1eb0c,000f1f80,00000000,8b5df48b,c8c1f905,f085148e,008b450c,008bca81,01a90000,088b04b9,f8000000,098bc1c1,e817a801,0f85e300,0facc214,f0010000,20040000,a810751b,0d83ff06,45f88b73,1f83ff06,00000006,1af6c101,07c745f0,02000000,8b45f889,45f8660f,8b45108b,058bcb8b,0000d3e0,75108078,8b4dfcc6,81582000,348b5514,108b088b,017599eb,5dc21400,cccccccc
1788306632.1637452,27512,7.006492321624085e-45,8.407790785948902e-45,1.401298464324817e-45,1.401298464324817e-45,1.0,0.0,0.0,0.0,0.0,0.0,0.0,1.0,0.0,0.0,0.0,0.0,0.0,0.0,0.0,0.0,0.0,0.0,0.0,0.0,1.0,0.0,1.0,0.0,0.0,0.0,0.0,0.0,0.0,0.0,0.0,0.0,1.0,0.0,0.0,0.0,0.0,0.0,0.0,0.0,0.0,0.0,0.0,0.0,0.0,0.0,0.0,0.0,0f1f8400,c1018d48,8bc1eb0c,000f1f80,00000000,8b5df48b,c8c1f905,f085148e,008b450c,008bca81,01a90000,088b04b9,f8000000,098bc1c1,e817a801,0f85e300,0facc214,f0010000,20040000,a810751b,0d83ff06,45f88b73,1f83ff06,00000006,1af6c101,07c745f0,02000000,8b45f889,45f8660f,8b45108b,058bcb8b,0000d3e0,75108078,8b4dfcc6,81582000,348b5514,108b088b,017599eb,5dc21400,cccccccc
1788306632.2641122,27512,7.006492321624085e-45,8.407790785948902e-45,1.401298464324817e-45,1.401298464324817e-45,1.0,0.0,0.0,0.0,0.0,0.0,0.0,1.0,0.0,0.0,0.0,0.0,0.0,0.0,0.0,0.0,0.0,0.0,0.0,0.0,1.0,0.0,1.0,0.0,0.0,0.0,0.0,0.0,0.0,0.0,0.0,0.0,1.0,0.0,0.0,0.0,0.0,0.0,0.0,0.0,0.0,0.0,0.0,0.0,0.0,0.0,0.0,0.0,0f1f8400,c1018d48,8bc1eb0c,000f1f80,00000000,8b5df48b,c8c1f905,f085148e,008b450c,008bca81,01a90000,088b04b9,f8000000,098bc1c1,e817a801,0f85e300,0facc214,f0010000,20040000,a810751b,0d83ff06,45f88b73,1f83ff06,00000006,1af6c101,07c745f0,02000000,8b45f889,45f8660f,8b45108b,058bcb8b,0000d3e0,75108078,8b4dfcc6,81582000,348b5514,108b088b,017599eb,5dc21400,cccccccc
1788306632.3646429,27512,7.006492321624085e-45,8.407790785948902e-45,1.401298464324817e-45,1.401298464324817e-45,1.0,0.0,0.0,0.0,0.0,0.0,0.0,1.0,0.0,0.0,0.0,0.0,0.0,0.0,0.0,0.0,0.0,0.0,0.0,0.0,1.0,0.0,1.0,0.0,0.0,0.0,0.0,0.0,0.0,0.0,0.0,0.0,1.0,0.0,0.0,0.0,0.0,0.0,0.0,0.0,0.0,0.0,0.0,0.0,0.0,0.0,0.0,0.0,0f1f8400,c1018d48,8bc1eb0c,000f1f80,00000000,8b5df48b,c8c1f905,f085148e,008b450c,008bca81,01a90000,088b04b9,f8000000,098bc1c1,e817a801,0f85e300,0facc214,f0010000,20040000,a810751b,0d83ff06,45f88b73,1f83ff06,00000006,1af6c101,07c745f0,02000000,8b45f889,45f8660f,8b45108b,058bcb8b,0000d3e0,75108078,8b4dfcc6,81582000,348b5514,108b088b,017599eb,5dc21400,cccccccc
1788306632.4651163,27512,7.006492321624085e-45,8.407790785948902e-45,1.401298464324817e-45,1.401298464324817e-45,1.0,0.0,0.0,0.0,0.0,0.0,0.0,1.0,0.0,0.0,0.0,0.0,0.0,0.0,0.0,0.0,0.0,0.0,0.0,0.0,1.0,0.0,1.0,0.0,0.0,0.0,0.0,0.0,0.0,0.0,0.0,0.0,1.0,0.0,0.0,0.0,0.0,0.0,0.0,0.0,0.0,0.0,0.0,0.0,0.0,0.0,0.0,0.0,0f1f8400,c1018d48,8bc1eb0c,000f1f80,00000000,8b5df48b,c8c1f905,f085148e,008b450c,008bca81,01a90000,088b04b9,f8000000,098bc1c1,e817a801,0f85e300,0facc214,f0010000,20040000,a810751b,0d83ff06,45f88b73,1f83ff06,00000006,1af6c101,07c745f0,02000000,8b45f889,45f8660f,8b45108b,058bcb8b,0000d3e0,75108078,8b4dfcc6,81582000,348b5514,108b088b,017599eb,5dc21400,cccccccc
1788306632.5656757,27512,7.006492321624085e-45,8.407790785948902e-45,1.401298464324817e-45,1.401298464324817e-45,1.0,0.0,0.0,0.0,0.0,0.0,0.0,1.0,0.0,0.0,0.0,0.0,0.0,0.0,0.0,0.0,0.0,0.0,0.0,0.0,1.0,0.0,1.0,0.0,0.0,0.0,0.0,0.0,0.0,0.0,0.0,0.0,1.0,0.0,0.0,0.0,0.0,0.0,0.0,0.0,0.0,0.0,0.0,0.0,0.0,0.0,0.0,0.0,0f1f8400,c1018d48,8bc1eb0c,000f1f80,00000000,8b5df48b,c8c1f905,f085148e,008b450c,008bca81,01a90000,088b04b9,f8000000,098bc1c1,e817a801,0f85e300,0facc214,f0010000,20040000,a810751b,0d83ff06,45f88b73,1f83ff06,00000006,1af6c101,07c745f0,02000000,8b45f889,45f8660f,8b45108b,058bcb8b,0000d3e0,75108078,8b4dfcc6,81582000,348b5514,108b088b,017599eb,5dc21400,cccccccc
1788306632.6670632,27512,7.006492321624085e-45,8.407790785948902e-45,1.401298464324817e-45,1.401298464324817e-45,1.0,0.0,0.0,0.0,0.0,0.0,0.0,1.0,0.0,0.0,0.0,0.0,0.0,0.0,0.0,0.0,0.0,0.0,0.0,0.0,1.0,0.0,1.0,0.0,0.0,0.0,0.0,0.0,0.0,0.0,0.0,0.0,1.0,0.0,0.0,0.0,0.0,0.0,0.0,0.0,0.0,0.0,0.0,0.0,0.0,0.0,0.0,0.0,0f1f8400,c1018d48,8bc1eb0c,000f1f80,00000000,8b5df48b,c8c1f905,f085148e,008b450c,008bca81,01a90000,088b04b9,f8000000,098bc1c1,e817a801,0f85e300,0facc214,f0010000,20040000,a810751b,0d83ff06,45f88b73,1f83ff06,00000006,1af6c101,07c745f0,02000000,8b45f889,45f8660f,8b45108b,058bcb8b,0000d3e0,75108078,8b4dfcc6,81582000,348b5514,108b088b,017599eb,5dc21400,cccccccc
1788306632.76769,27512,7.006492321624085e-45,8.407790785948902e-45,1.401298464324817e-45,1.401298464324817e-45,1.0,0.0,0.0,0.0,0.0,0.0,0.0,1.0,0.0,0.0,0.0,0.0,0.0,0.0,0.0,0.0,0.0,0.0,0.0,0.0,1.0,0.0,1.0,0.0,0.0,0.0,0.0,0.0,0.0,0.0,0.0,0.0,1.0,0.0,0.0,0.0,0.0,0.0,0.0,0.0,0.0,0.0,0.0,0.0,0.0,0.0,0.0,0.0,0f1f8400,c1018d48,8bc1eb0c,000f1f80,00000000,8b5df48b,c8c1f905,f085148e,008b450c,008bca81,01a90000,088b04b9,f8000000,098bc1c1,e817a801,0f85e300,0facc214,f0010000,20040000,a810751b,0d83ff06,45f88b73,1f83ff06,00000006,1af6c101,07c745f0,02000000,8b45f889,45f8660f,8b45108b,058bcb8b,0000d3e0,75108078,8b4dfcc6,81582000,348b5514,108b088b,017599eb,5dc21400,cccccccc
1788306632.869139,27512,7.006492321624085e-45,8.407790785948902e-45,1.401298464324817e-45,1.401298464324817e-45,1.0,0.0,0.0,0.0,0.0,0.0,0.0,1.0,0.0,0.0,0.0,0.0,0.0,0.0,0.0,0.0,0.0,0.0,0.0,0.0,1.0,0.0,1.0,0.0,0.0,0.0,0.0,0.0,0.0,0.0,0.0,0.0,1.0,0.0,0.0,0.0,0.0,0.0,0.0,0.0,0.0,0.0,0.0,0.0,0.0,0.0,0.0,0.0,0f1f8400,c1018d48,8bc1eb0c,000f1f80,00000000,8b5df48b,c8c1f905,f085148e,008b450c,008bca81,01a90000,088b04b9,f8000000,098bc1c1,e817a801,0f85e300,0facc214,f0010000,20040000,a810751b,0d83ff06,45f88b73,1f83ff06,00000006,1af6c101,07c745f0,02000000,8b45f889,45f8660f,8b45108b,058bcb8b,0000d3e0,75108078,8b4dfcc6,81582000,348b5514,108b088b,017599eb,5dc21400,cccccccc
1788306632.9696395,27512,7.006492321624085e-45,8.407790785948902e-45,1.401298464324817e-45,1.401298464324817e-45,1.0,0.0,0.0,0.0,0.0,0.0,0.0,1.0,0.0,0.0,0.0,0.0,0.0,0.0,0.0,0.0,0.0,0.0,0.0,0.0,1.0,0.0,1.0,0.0,0.0,0.0,0.0,0.0,0.0,0.0,0.0,0.0,1.0,0.0,0.0,0.0,0.0,0.0,0.0,0.0,0.0,0.0,0.0,0.0,0.0,0.0,0.0,0.0,0f1f8400,c1018d48,8bc1eb0c,000f1f80,00000000,8b5df48b,c8c1f905,f085148e,008b450c,008bca81,01a90000,088b04b9,f8000000,098bc1c1,e817a801,0f85e300,0facc214,f0010000,20040000,a810751b,0d83ff06,45f88b73,1f83ff06,00000006,1af6c101,07c745f0,02000000,8b45f889,45f8660f,8b45108b,058bcb8b,0000d3e0,75108078,8b4dfcc6,81582000,348b5514,108b088b,017599eb,5dc21400,cccccccc
1788306633.0702531,27512,7.006492321624085e-45,8.407790785948902e-45,1.401298464324817e-45,1.401298464324817e-45,1.0,0.0,0.0,0.0,0.0,0.0,0.0,1.0,0.0,0.0,0.0,0.0,0.0,0.0,0.0,0.0,0.0,0.0,0.0,0.0,1.0,0.0,1.0,0.0,0.0,0.0,0.0,0.0,0.0,0.0,0.0,0.0,1.0,0.0,0.0,0.0,0.0,0.0,0.0,0.0,0.0,0.0,0.0,0.0,0.0,0.0,0.0,0.0,0f1f8400,c1018d48,8bc1eb0c,000f1f80,00000000,8b5df48b,c8c1f905,f085148e,008b450c,008bca81,01a90000,088b04b9,f8000000,098bc1c1,e817a801,0f85e300,0facc214,f0010000,20040000,a810751b,0d83ff06,45f88b73,1f83ff06,00000006,1af6c101,07c745f0,02000000,8b45f889,45f8660f,8b45108b,058bcb8b,0000d3e0,75108078,8b4dfcc6,81582000,348b5514,108b088b,017599eb,5dc21400,cccccccc
1788306633.1706784,27512,7.006492321624085e-45,8.407790785948902e-45,1.401298464324817e-45,1.401298464324817e-45,1.0,0.0,0.0,0.0,0.0,0.0,0.0,1.0,0.0,0.0,0.0,0.0,0.0,0.0,0.0,0.0,0.0,0.0,0.0,0.0,1.0,0.0,1.0,0.0,0.0,0.0,0.0,0.0,0.0,0.0,0.0,0.0,1.0,0.0,0.0,0.0,0.0,0.0,0.0,0.0,0.0,0.0,0.0,0.0,0.0,0.0,0.0,0.0,0f1f8400,c1018d48,8bc1eb0c,000f1f80,00000000,8b5df48b,c8c1f905,f085148e,008b450c,008bca81,01a90000,088b04b9,f8000000,098bc1c1,e817a801,0f85e300,0facc214,f0010000,20040000,a810751b,0d83ff06,45f88b73,1f83ff06,00000006,1af6c101,07c745f0,02000000,8b45f889,45f8660f,8b45108b,058bcb8b,0000d3e0,75108078,8b4dfcc6,81582000,348b5514,108b088b,017599eb,5dc21400,cccccccc
1788306633.271318,27512,7.006492321624085e-45,8.407790785948902e-45,1.401298464324817e-45,1.401298464324817e-45,1.0,0.0,0.0,0.0,0.0,0.0,0.0,1.0,0.0,0.0,0.0,0.0,0.0,0.0,0.0,0.0,0.0,0.0,0.0,0.0,1.0,0.0,1.0,0.0,0.0,0.0,0.0,0.0,0.0,0.0,0.0,0.0,1.0,0.0,0.0,0.0,0.0,0.0,0.0,0.0,0.0,0.0,0.0,0.0,0.0,0.0,0.0,0.0,0f1f8400,c1018d48,8bc1eb0c,000f1f80,00000000,8b5df48b,c8c1f905,f085148e,008b450c,008bca81,01a90000,088b04b9,f8000000,098bc1c1,e817a801,0f85e300,0facc214,f0010000,20040000,a810751b,0d83ff06,45f88b73,1f83ff06,00000006,1af6c101,07c745f0,02000000,8b45f889,45f8660f,8b45108b,058bcb8b,0000d3e0,75108078,8b4dfcc6,81582000,348b5514,108b088b,017599eb,5dc21400,cccccccc
1788306633.3716776,27512,7.006492321624085e-45,8.407790785948902e-45,1.401298464324817e-45,1.401298464324817e-45,1.0,0.0,0.0,0.0,0.0,0.0,0.0,1.0,0.0,0.0,0.0,0.0,0.0,0.0,0.0,0.0,0.0,0.0,0.0,0.0,1.0,0.0,1.0,0.0,0.0,0.0,0.0,0.0,0.0,0.0,0.0,0.0,1.0,0.0,0.0,0.0,0.0,0.0,0.0,0.0,0.0,0.0,0.0,0.0,0.0,0.0,0.0,0.0,0f1f8400,c1018d48,8bc1eb0c,000f1f80,00000000,8b5df48b,c8c1f905,f085148e,008b450c,008bca81,01a90000,088b04b9,f8000000,098bc1c1,e817a801,0f85e300,0facc214,f0010000,20040000,a810751b,0d83ff06,45f88b73,1f83ff06,00000006,1af6c101,07c745f0,02000000,8b45f889,45f8660f,8b45108b,058bcb8b,0000d3e0,75108078,8b4dfcc6,81582000,348b5514,108b088b,017599eb,5dc21400,cccccccc
1788306633.4725518,27512,7.006492321624085e-45,8.407790785948902e-45,1.401298464324817e-45,1.401298464324817e-45,1.0,0.0,0.0,0.0,0.0,0.0,0.0,1.0,0.0,0.0,0.0,0.0,0.0,0.0,0.0,0.0,0.0,0.0,0.0,0.0,1.0,0.0,1.0,0.0,0.0,0.0,0.0,0.0,0.0,0.0,0.0,0.0,1.0,0.0,0.0,0.0,0.0,0.0,0.0,0.0,0.0,0.0,0.0,0.0,0.0,0.0,0.0,0.0,0f1f8400,c1018d48,8bc1eb0c,000f1f80,00000000,8b5df48b,c8c1f905,f085148e,008b450c,008bca81,01a90000,088b04b9,f8000000,098bc1c1,e817a801,0f85e300,0facc214,f0010000,20040000,a810751b,0d83ff06,45f88b73,1f83ff06,00000006,1af6c101,07c745f0,02000000,8b45f889,45f8660f,8b45108b,058bcb8b,0000d3e0,75108078,8b4dfcc6,81582000,348b5514,108b088b,017599eb,5dc21400,cccccccc
1788306633.5730665,27512,7.006492321624085e-45,8.407790785948902e-45,1.401298464324817e-45,1.401298464324817e-45,1.0,0.0,0.0,0.0,0.0,0.0,0.0,1.0,0.0,0.0,0.0,0.0,0.0,0.0,0.0,0.0,0.0,0.0,0.0,0.0,1.0,0.0,1.0,0.0,0.0,0.0,0.0,0.0,0.0,0.0,0.0,0.0,1.0,0.0,0.0,0.0,0.0,0.0,0.0,0.0,0.0,0.0,0.0,0.0,0.0,0.0,0.0,0.0,0f1f8400,c1018d48,8bc1eb0c,000f1f80,00000000,8b5df48b,c8c1f905,f085148e,008b450c,008bca81,01a90000,088b04b9,f8000000,098bc1c1,e817a801,0f85e300,0facc214,f0010000,20040000,a810751b,0d83ff06,45f88b73,1f83ff06,00000006,1af6c101,07c745f0,02000000,8b45f889,45f8660f,8b45108b,058bcb8b,0000d3e0,75108078,8b4dfcc6,81582000,348b5514,108b088b,017599eb,5dc21400,cccccccc
1788306633.673518,27512,7.006492321624085e-45,8.407790785948902e-45,1.401298464324817e-45,1.401298464324817e-45,1.0,0.0,0.0,0.0,0.0,0.0,0.0,1.0,0.0,0.0,0.0,0.0,0.0,0.0,0.0,0.0,0.0,0.0,0.0,0.0,1.0,0.0,1.0,0.0,0.0,0.0,0.0,0.0,0.0,0.0,0.0,0.0,1.0,0.0,0.0,0.0,0.0,0.0,0.0,0.0,0.0,0.0,0.0,0.0,0.0,0.0,0.0,0.0,0f1f8400,c1018d48,8bc1eb0c,000f1f80,00000000,8b5df48b,c8c1f905,f085148e,008b450c,008bca81,01a90000,088b04b9,f8000000,098bc1c1,e817a801,0f85e300,0facc214,f0010000,20040000,a810751b,0d83ff06,45f88b73,1f83ff06,00000006,1af6c101,07c745f0,02000000,8b45f889,45f8660f,8b45108b,058bcb8b,0000d3e0,75108078,8b4dfcc6,81582000,348b5514,108b088b,017599eb,5dc21400,cccccccc
1788306633.7742498,27512,7.006492321624085e-45,8.407790785948902e-45,1.401298464324817e-45,1.401298464324817e-45,1.0,0.0,0.0,0.0,0.0,0.0,0.0,1.0,0.0,0.0,0.0,0.0,0.0,0.0,0.0,0.0,0.0,0.0,0.0,0.0,1.0,0.0,1.0,0.0,0.0,0.0,0.0,0.0,0.0,0.0,0.0,0.0,1.0,0.0,0.0,0.0,0.0,0.0,0.0,0.0,0.0,0.0,0.0,0.0,0.0,0.0,0.0,0.0,0f1f8400,c1018d48,8bc1eb0c,000f1f80,00000000,8b5df48b,c8c1f905,f085148e,008b450c,008bca81,01a90000,088b04b9,f8000000,098bc1c1,e817a801,0f85e300,0facc214,f0010000,20040000,a810751b,0d83ff06,45f88b73,1f83ff06,00000006,1af6c101,07c745f0,02000000,8b45f889,45f8660f,8b45108b,058bcb8b,0000d3e0,75108078,8b4dfcc6,81582000,348b5514,108b088b,017599eb,5dc21400,cccccccc
1788306633.8747497,27512,7.006492321624085e-45,8.407790785948902e-45,1.401298464324817e-45,1.401298464324817e-45,1.0,0.0,0.0,0.0,0.0,0.0,0.0,1.0,0.0,0.0,0.0,0.0,0.0,0.0,0.0,0.0,0.0,0.0,0.0,0.0,1.0,0.0,1.0,0.0,0.0,0.0,0.0,0.0,0.0,0.0,0.0,0.0,1.0,0.0,0.0,0.0,0.0,0.0,0.0,0.0,0.0,0.0,0.0,0.0,0.0,0.0,0.0,0.0,0f1f8400,c1018d48,8bc1eb0c,000f1f80,00000000,8b5df48b,c8c1f905,f085148e,008b450c,008bca81,01a90000,088b04b9,f8000000,098bc1c1,e817a801,0f85e300,0facc214,f0010000,20040000,a810751b,0d83ff06,45f88b73,1f83ff06,00000006,1af6c101,07c745f0,02000000,8b45f889,45f8660f,8b45108b,058bcb8b,0000d3e0,75108078,8b4dfcc6,81582000,348b5514,108b088b,017599eb,5dc21400,cccccccc
1788306633.975624,27512,7.006492321624085e-45,8.407790785948902e-45,1.401298464324817e-45,1.401298464324817e-45,1.0,0.0,0.0,0.0,0.0,0.0,0.0,1.0,0.0,0.0,0.0,0.0,0.0,0.0,0.0,0.0,0.0,0.0,0.0,0.0,1.0,0.0,1.0,0.0,0.0,0.0,0.0,0.0,0.0,0.0,0.0,0.0,1.0,0.0,0.0,0.0,0.0,0.0,0.0,0.0,0.0,0.0,0.0,0.0,0.0,0.0,0.0,0.0,0f1f8400,c1018d48,8bc1eb0c,000f1f80,00000000,8b5df48b,c8c1f905,f085148e,008b450c,008bca81,01a90000,088b04b9,f8000000,098bc1c1,e817a801,0f85e300,0facc214,f0010000,20040000,a810751b,0d83ff06,45f88b73,1f83ff06,00000006,1af6c101,07c745f0,02000000,8b45f889,45f8660f,8b45108b,058bcb8b,0000d3e0,75108078,8b4dfcc6,81582000,348b5514,108b088b,017599eb,5dc21400,cccccccc
1788306634.0762107,27512,7.006492321624085e-45,8.407790785948902e-45,1.401298464324817e-45,1.401298464324817e-45,1.0,0.0,0.0,0.0,0.0,0.0,0.0,1.0,0.0,0.0,0.0,0.0,0.0,0.0,0.0,0.0,0.0,0.0,0.0,0.0,1.0,0.0,1.0,0.0,0.0,0.0,0.0,0.0,0.0,0.0,0.0,0.0,1.0,0.0,0.0,0.0,0.0,0.0,0.0,0.0,0.0,0.0,0.0,0.0,0.0,0.0,0.0,0.0,0f1f8400,c1018d48,8bc1eb0c,000f1f80,00000000,8b5df48b,c8c1f905,f085148e,008b450c,008bca81,01a90000,088b04b9,f8000000,098bc1c1,e817a801,0f85e300,0facc214,f0010000,20040000,a810751b,0d83ff06,45f88b73,1f83ff06,00000006,1af6c101,07c745f0,02000000,8b45f889,45f8660f,8b45108b,058bcb8b,0000d3e0,75108078,8b4dfcc6,81582000,348b5514,108b088b,017599eb,5dc21400,cccccccc
1788306634.1768205,27512,7.006492321624085e-45,8.407790785948902e-45,1.401298464324817e-45,1.401298464324817e-45,1.0,0.0,0.0,0.0,0.0,0.0,0.0,1.0,0.0,0.0,0.0,0.0,0.0,0.0,0.0,0.0,0.0,0.0,0.0,0.0,1.0,0.0,1.0,0.0,0.0,0.0,0.0,0.0,0.0,0.0,0.0,0.0,1.0,0.0,0.0,0.0,0.0,0.0,0.0,0.0,0.0,0.0,0.0,0.0,0.0,0.0,0.0,0.0,0f1f8400,c1018d48,8bc1eb0c,000f1f80,00000000,8b5df48b,c8c1f905,f085148e,008b450c,008bca81,01a90000,088b04b9,f8000000,098bc1c1,e817a801,0f85e300,0facc214,f0010000,20040000,a810751b,0d83ff06,45f88b73,1f83ff06,00000006,1af6c101,07c745f0,02000000,8b45f889,45f8660f,8b45108b,058bcb8b,0000d3e0,75108078,8b4dfcc6,81582000,348b5514,108b088b,017599eb,5dc21400,cccccccc
1788306634.2772899,27512,7.006492321624085e-45,8.407790785948902e-45,1.401298464324817e-45,1.401298464324817e-45,1.0,0.0,0.0,0.0,0.0,0.0,0.0,1.0,0.0,0.0,0.0,0.0,0.0,0.0,0.0,0.0,0.0,0.0,0.0,0.0,1.0,0.0,1.0,0.0,0.0,0.0,0.0,0.0,0.0,0.0,0.0,0.0,1.0,0.0,0.0,0.0,0.0,0.0,0.0,0.0,0.0,0.0,0.0,0.0,0.0,0.0,0.0,0.0,0f1f8400,c1018d48,8bc1eb0c,000f1f80,00000000,8b5df48b,c8c1f905,f085148e,008b450c,008bca81,01a90000,088b04b9,f8000000,098bc1c1,e817a801,0f85e300,0facc214,f0010000,20040000,a810751b,0d83ff06,45f88b73,1f83ff06,00000006,1af6c101,07c745f0,02000000,8b45f889,45f8660f,8b45108b,058bcb8b,0000d3e0,75108078,8b4dfcc6,81582000,348b5514,108b088b,017599eb,5dc21400,cccccccc
1788306634.3779013,27512,7.006492321624085e-45,8.407790785948902e-45,1.401298464324817e-45,1.401298464324817e-45,1.0,0.0,0.0,0.0,0.0,0.0,0.0,1.0,0.0,0.0,0.0,0.0,0.0,0.0,0.0,0.0,0.0,0.0,0.0,0.0,1.0,0.0,1.0,0.0,0.0,0.0,0.0,0.0,0.0,0.0,0.0,0.0,1.0,0.0,0.0,0.0,0.0,0.0,0.0,0.0,0.0,0.0,0.0,0.0,0.0,0.0,0.0,0.0,0f1f8400,c1018d48,8bc1eb0c,000f1f80,00000000,8b5df48b,c8c1f905,f085148e,008b450c,008bca81,01a90000,088b04b9,f8000000,098bc1c1,e817a801,0f85e300,0facc214,f0010000,20040000,a810751b,0d83ff06,45f88b73,1f83ff06,00000006,1af6c101,07c745f0,02000000,8b45f889,45f8660f,8b45108b,058bcb8b,0000d3e0,75108078,8b4dfcc6,81582000,348b5514,108b088b,017599eb,5dc21400,cccccccc
1788306634.4787583,27512,7.006492321624085e-45,8.407790785948902e-45,1.401298464324817e-45,1.401298464324817e-45,1.0,0.0,0.0,0.0,0.0,0.0,0.0,1.0,0.0,0.0,0.0,0.0,0.0,0.0,0.0,0.0,0.0,0.0,0.0,0.0,1.0,0.0,1.0,0.0,0.0,0.0,0.0,0.0,0.0,0.0,0.0,0.0,1.0,0.0,0.0,0.0,0.0,0.0,0.0,0.0,0.0,0.0,0.0,0.0,0.0,0.0,0.0,0.0,0f1f8400,c1018d48,8bc1eb0c,000f1f80,00000000,8b5df48b,c8c1f905,f085148e,008b450c,008bca81,01a90000,088b04b9,f8000000,098bc1c1,e817a801,0f85e300,0facc214,f0010000,20040000,a810751b,0d83ff06,45f88b73,1f83ff06,00000006,1af6c101,07c745f0,02000000,8b45f889,45f8660f,8b45108b,058bcb8b,0000d3e0,75108078,8b4dfcc6,81582000,348b5514,108b088b,017599eb,5dc21400,cccccccc
1788306634.5803664,27512,7.006492321624085e-45,8.407790785948902e-45,1.401298464324817e-45,1.401298464324817e-45,1.0,0.0,0.0,0.0,0.0,0.0,0.0,1.0,0.0,0.0,0.0,0.0,0.0,0.0,0.0,0.0,0.0,0.0,0.0,0.0,1.0,0.0,1.0,0.0,0.0,0.0,0.0,0.0,0.0,0.0,0.0,0.0,1.0,0.0,0.0,0.0,0.0,0.0,0.0,0.0,0.0,0.0,0.0,0.0,0.0,0.0,0.0,0.0,0f1f8400,c1018d48,8bc1eb0c,000f1f80,00000000,8b5df48b,c8c1f905,f085148e,008b450c,008bca81,01a90000,088b04b9,f8000000,098bc1c1,e817a801,0f85e300,0facc214,f0010000,20040000,a810751b,0d83ff06,45f88b73,1f83ff06,00000006,1af6c101,07c745f0,02000000,8b45f889,45f8660f,8b45108b,058bcb8b,0000d3e0,75108078,8b4dfcc6,81582000,348b5514,108b088b,017599eb,5dc21400,cccccccc
1788306634.6810653,27512,7.006492321624085e-45,8.407790785948902e-45,1.401298464324817e-45,1.401298464324817e-45,1.0,0.0,0.0,0.0,0.0,0.0,0.0,1.0,0.0,0.0,0.0,0.0,0.0,0.0,0.0,0.0,0.0,0.0,0.0,0.0,1.0,0.0,1.0,0.0,0.0,0.0,0.0,0.0,0.0,0.0,0.0,0.0,1.0,0.0,0.0,0.0,0.0,0.0,0.0,0.0,0.0,0.0,0.0,0.0,0.0,0.0,0.0,0.0,0f1f8400,c1018d48,8bc1eb0c,000f1f80,00000000,8b5df48b,c8c1f905,f085148e,008b450c,008bca81,01a90000,088b04b9,f8000000,098bc1c1,e817a801,0f85e300,0facc214,f0010000,20040000,a810751b,0d83ff06,45f88b73,1f83ff06,00000006,1af6c101,07c745f0,02000000,8b45f889,45f8660f,8b45108b,058bcb8b,0000d3e0,75108078,8b4dfcc6,81582000,348b5514,108b088b,017599eb,5dc21400,cccccccc
1788306634.7817037,27512,7.006492321624085e-45,8.407790785948902e-45,1.401298464324817e-45,1.401298464324817e-45,1.0,0.0,0.0,0.0,0.0,0.0,0.0,1.0,0.0,0.0,0.0,0.0,0.0,0.0,0.0,0.0,0.0,0.0,0.0,0.0,1.0,0.0,1.0,0.0,0.0,0.0,0.0,0.0,0.0,0.0,0.0,0.0,1.0,0.0,0.0,0.0,0.0,0.0,0.0,0.0,0.0,0.0,0.0,0.0,0.0,0.0,0.0,0.0,0f1f8400,c1018d48,8bc1eb0c,000f1f80,00000000,8b5df48b,c8c1f905,f085148e,008b450c,008bca81,01a90000,088b04b9,f8000000,098bc1c1,e817a801,0f85e300,0facc214,f0010000,20040000,a810751b,0d83ff06,45f88b73,1f83ff06,00000006,1af6c101,07c745f0,02000000,8b45f889,45f8660f,8b45108b,058bcb8b,0000d3e0,75108078,8b4dfcc6,81582000,348b5514,108b088b,017599eb,5dc21400,cccccccc
1788306634.8821044,27512,7.006492321624085e-45,8.407790785948902e-45,1.401298464324817e-45,1.401298464324817e-45,1.0,0.0,0.0,0.0,0.0,0.0,0.0,1.0,0.0,0.0,0.0,0.0,0.0,0.0,0.0,0.0,0.0,0.0,0.0,0.0,1.0,0.0,1.0,0.0,0.0,0.0,0.0,0.0,0.0,0.0,0.0,0.0,1.0,0.0,0.0,0.0,0.0,0.0,0.0,0.0,0.0,0.0,0.0,0.0,0.0,0.0,0.0,0.0,0f1f8400,c1018d48,8bc1eb0c,000f1f80,00000000,8b5df48b,c8c1f905,f085148e,008b450c,008bca81,01a90000,088b04b9,f8000000,098bc1c1,e817a801,0f85e300,0facc214,f0010000,20040000,a810751b,0d83ff06,45f88b73,1f83ff06,00000006,1af6c101,07c745f0,02000000,8b45f889,45f8660f,8b45108b,058bcb8b,0000d3e0,75108078,8b4dfcc6,81582000,348b5514,108b088b,017599eb,5dc21400,cccccccc
1788306634.9828215,27512,7.006492321624085e-45,8.407790785948902e-45,1.401298464324817e-45,1.401298464324817e-45,1.0,0.0,0.0,0.0,0.0,0.0,0.0,1.0,0.0,0.0,0.0,0.0,0.0,0.0,0.0,0.0,0.0,0.0,0.0,0.0,1.0,0.0,1.0,0.0,0.0,0.0,0.0,0.0,0.0,0.0,0.0,0.0,1.0,0.0,0.0,0.0,0.0,0.0,0.0,0.0,0.0,0.0,0.0,0.0,0.0,0.0,0.0,0.0,0f1f8400,c1018d48,8bc1eb0c,000f1f80,00000000,8b5df48b,c8c1f905,f085148e,008b450c,008bca81,01a90000,088b04b9,f8000000,098bc1c1,e817a801,0f85e300,0facc214,f0010000,20040000,a810751b,0d83ff06,45f88b73,1f83ff06,00000006,1af6c101,07c745f0,02000000,8b45f889,45f8660f,8b45108b,058bcb8b,0000d3e0,75108078,8b4dfcc6,81582000,348b5514,108b088b,017599eb,5dc21400,cccccccc
1788306635.0843112,27512,7.006492321624085e-45,8.407790785948902e-45,1.401298464324817e-45,1.401298464324817e-45,1.0,0.0,0.0,0.0,0.0,0.0,0.0,1.0,0.0,0.0,0.0,0.0,0.0,0.0,0.0,0.0,0.0,0.0,0.0,0.0,1.0,0.0,1.0,0.0,0.0,0.0,0.0,0.0,0.0,0.0,0.0,0.0,1.0,0.0,0.0,0.0,0.0,0.0,0.0,0.0,0.0,0.0,0.0,0.0,0.0,0.0,0.0,0.0,0f1f8400,c1018d48,8bc1eb0c,000f1f80,00000000,8b5df48b,c8c1f905,f085148e,008b450c,008bca81,01a90000,088b04b9,f8000000,098bc1c1,e817a801,0f85e300,0facc214,f0010000,20040000,a810751b,0d83ff06,45f88b73,1f83ff06,00000006,1af6c101,07c745f0,02000000,8b45f889,45f8660f,8b45108b,058bcb8b,0000d3e0,75108078,8b4dfcc6,81582000,348b5514,108b088b,017599eb,5dc21400,cccccccc
1788306635.2151961,27512,7.006492321624085e-45,8.407790785948902e-45,1.401298464324817e-45,1.401298464324817e-45,1.0,0.0,0.0,0.0,0.0,0.0,0.0,1.0,0.0,0.0,0.0,0.0,0.0,0.0,0.0,0.0,0.0,0.0,0.0,0.0,1.0,0.0,1.0,0.0,0.0,0.0,0.0,0.0,0.0,0.0,0.0,0.0,1.0,0.0,0.0,0.0,0.0,0.0,0.0,0.0,0.0,0.0,0.0,0.0,0.0,0.0,0.0,0.0,0f1f8400,c1018d48,8bc1eb0c,000f1f80,00000000,8b5df48b,c8c1f905,f085148e,008b450c,008bca81,01a90000,088b04b9,f8000000,098bc1c1,e817a801,0f85e300,0facc214,f0010000,20040000,a810751b,0d83ff06,45f88b73,1f83ff06,00000006,1af6c101,07c745f0,02000000,8b45f889,45f8660f,8b45108b,058bcb8b,0000d3e0,75108078,8b4dfcc6,81582000,348b5514,108b088b,017599eb,5dc21400,cccccccc
1788306635.315716,27512,7.006492321624085e-45,8.407790785948902e-45,1.401298464324817e-45,1.401298464324817e-45,1.0,0.0,0.0,0.0,0.0,0.0,0.0,1.0,0.0,0.0,0.0,0.0,0.0,0.0,0.0,0.0,0.0,0.0,0.0,0.0,1.0,0.0,1.0,0.0,0.0,0.0,0.0,0.0,0.0,0.0,0.0,0.0,1.0,0.0,0.0,0.0,0.0,0.0,0.0,0.0,0.0,0.0,0.0,0.0,0.0,0.0,0.0,0.0,0f1f8400,c1018d48,8bc1eb0c,000f1f80,00000000,8b5df48b,c8c1f905,f085148e,008b450c,008bca81,01a90000,088b04b9,f8000000,098bc1c1,e817a801,0f85e300,0facc214,f0010000,20040000,a810751b,0d83ff06,45f88b73,1f83ff06,00000006,1af6c101,07c745f0,02000000,8b45f889,45f8660f,8b45108b,058bcb8b,0000d3e0,75108078,8b4dfcc6,81582000,348b5514,108b088b,017599eb,5dc21400,cccccccc
1788306635.4174013,27512,7.006492321624085e-45,8.407790785948902e-45,1.401298464324817e-45,1.401298464324817e-45,1.0,0.0,0.0,0.0,0.0,0.0,0.0,1.0,0.0,0.0,0.0,0.0,0.0,0.0,0.0,0.0,0.0,0.0,0.0,0.0,1.0,0.0,1.0,0.0,0.0,0.0,0.0,0.0,0.0,0.0,0.0,0.0,1.0,0.0,0.0,0.0,0.0,0.0,0.0,0.0,0.0,0.0,0.0,0.0,0.0,0.0,0.0,0.0,0f1f8400,c1018d48,8bc1eb0c,000f1f80,00000000,8b5df48b,c8c1f905,f085148e,008b450c,008bca81,01a90000,088b04b9,f8000000,098bc1c1,e817a801,0f85e300,0facc214,f0010000,20040000,a810751b,0d83ff06,45f88b73,1f83ff06,00000006,1af6c101,07c745f0,02000000,8b45f889,45f8660f,8b45108b,058bcb8b,0000d3e0,75108078,8b4dfcc6,81582000,348b5514,108b088b,017599eb,5dc21400,cccccccc
1788306635.518195,27512,7.006492321624085e-45,8.407790785948902e-45,1.401298464324817e-45,1.401298464324817e-45,1.0,0.0,0.0,0.0,0.0,0.0,0.0,1.0,0.0,0.0,0.0,0.0,0.0,0.0,0.0,0.0,0.0,0.0,0.0,0.0,1.0,0.0,1.0,0.0,0.0,0.0,0.0,0.0,0.0,0.0,0.0,0.0,1.0,0.0,0.0,0.0,0.0,0.0,0.0,0.0,0.0,0.0,0.0,0.0,0.0,0.0,0.0,0.0,0f1f8400,c1018d48,8bc1eb0c,000f1f80,00000000,8b5df48b,c8c1f905,f085148e,008b450c,008bca81,01a90000,088b04b9,f8000000,098bc1c1,e817a801,0f85e300,0facc214,f0010000,20040000,a810751b,0d83ff06,45f88b73,1f83ff06,00000006,1af6c101,07c745f0,02000000,8b45f889,45f8660f,8b45108b,058bcb8b,0000d3e0,75108078,8b4dfcc6,81582000,348b5514,108b088b,017599eb,5dc21400,cccccccc
1788306635.6187549,27512,7.006492321624085e-45,8.407790785948902e-45,1.401298464324817e-45,1.401298464324817e-45,1.0,0.0,0.0,0.0,0.0,0.0,0.0,1.0,0.0,0.0,0.0,0.0,0.0,0.0,0.0,0.0,0.0,0.0,0.0,0.0,1.0,0.0,1.0,0.0,0.0,0.0,0.0,0.0,0.0,0.0,0.0,0.0,1.0,0.0,0.0,0.0,0.0,0.0,0.0,0.0,0.0,0.0,0.0,0.0,0.0,0.0,0.0,0.0,0f1f8400,c1018d48,8bc1eb0c,000f1f80,00000000,8b5df48b,c8c1f905,f085148e,008b450c,008bca81,01a90000,088b04b9,f8000000,098bc1c1,e817a801,0f85e300,0facc214,f0010000,20040000,a810751b,0d83ff06,45f88b73,1f83ff06,00000006,1af6c101,07c745f0,02000000,8b45f889,45f8660f,8b45108b,058bcb8b,0000d3e0,75108078,8b4dfcc6,81582000,348b5514,108b088b,017599eb,5dc21400,cccccccc
1788306635.719133,27512,7.006492321624085e-45,8.407790785948902e-45,1.401298464324817e-45,1.401298464324817e-45,1.0,0.0,0.0,0.0,0.0,0.0,0.0,1.0,0.0,0.0,0.0,0.0,0.0,0.0,0.0,0.0,0.0,0.0,0.0,0.0,1.0,0.0,1.0,0.0,0.0,0.0,0.0,0.0,0.0,0.0,0.0,0.0,1.0,0.0,0.0,0.0,0.0,0.0,0.0,0.0,0.0,0.0,0.0,0.0,0.0,0.0,0.0,0.0,0f1f8400,c1018d48,8bc1eb0c,000f1f80,00000000,8b5df48b,c8c1f905,f085148e,008b450c,008bca81,01a90000,088b04b9,f8000000,098bc1c1,e817a801,0f85e300,0facc214,f0010000,20040000,a810751b,0d83ff06,45f88b73,1f83ff06,00000006,1af6c101,07c745f0,02000000,8b45f889,45f8660f,8b45108b,058bcb8b,0000d3e0,75108078,8b4dfcc6,81582000,348b5514,108b088b,017599eb,5dc21400,cccccccc
1788306635.8194008,27512,7.006492321624085e-45,8.407790785948902e-45,1.401298464324817e-45,1.401298464324817e-45,1.0,0.0,0.0,0.0,0.0,0.0,0.0,1.0,0.0,0.0,0.0,0.0,0.0,0.0,0.0,0.0,0.0,0.0,0.0,0.0,1.0,0.0,1.0,0.0,0.0,0.0,0.0,0.0,0.0,0.0,0.0,0.0,1.0,0.0,0.0,0.0,0.0,0.0,0.0,0.0,0.0,0.0,0.0,0.0,0.0,0.0,0.0,0.0,0f1f8400,c1018d48,8bc1eb0c,000f1f80,00000000,8b5df48b,c8c1f905,f085148e,008b450c,008bca81,01a90000,088b04b9,f8000000,098bc1c1,e817a801,0f85e300,0facc214,f0010000,20040000,a810751b,0d83ff06,45f88b73,1f83ff06,00000006,1af6c101,07c745f0,02000000,8b45f889,45f8660f,8b45108b,058bcb8b,0000d3e0,75108078,8b4dfcc6,81582000,348b5514,108b088b,017599eb,5dc21400,cccccccc
1788306635.9202704,27512,7.006492321624085e-45,8.407790785948902e-45,1.401298464324817e-45,1.401298464324817e-45,1.0,0.0,0.0,0.0,0.0,0.0,0.0,1.0,0.0,0.0,0.0,0.0,0.0,0.0,0.0,0.0,0.0,0.0,0.0,0.0,1.0,0.0,1.0,0.0,0.0,0.0,0.0,0.0,0.0,0.0,0.0,0.0,1.0,0.0,0.0,0.0,0.0,0.0,0.0,0.0,0.0,0.0,0.0,0.0,0.0,0.0,0.0,0.0,0f1f8400,c1018d48,8bc1eb0c,000f1f80,00000000,8b5df48b,c8c1f905,f085148e,008b450c,008bca81,01a90000,088b04b9,f8000000,098bc1c1,e817a801,0f85e300,0facc214,f0010000,20040000,a810751b,0d83ff06,45f88b73,1f83ff06,00000006,1af6c101,07c745f0,02000000,8b45f889,45f8660f,8b45108b,058bcb8b,0000d3e0,75108078,8b4dfcc6,81582000,348b5514,108b088b,017599eb,5dc21400,cccccccc
1788306636.0209084,27512,7.006492321624085e-45,8.407790785948902e-45,1.401298464324817e-45,1.401298464324817e-45,1.0,0.0,0.0,0.0,0.0,0.0,0.0,1.0,0.0,0.0,0.0,0.0,0.0,0.0,0.0,0.0,0.0,0.0,0.0,0.0,1.0,0.0,1.0,0.0,0.0,0.0,0.0,0.0,0.0,0.0,0.0,0.0,1.0,0.0,0.0,0.0,0.0,0.0,0.0,0.0,0.0,0.0,0.0,0.0,0.0,0.0,0.0,0.0,0f1f8400,c1018d48,8bc1eb0c,000f1f80,00000000,8b5df48b,c8c1f905,f085148e,008b450c,008bca81,01a90000,088b04b9,f8000000,098bc1c1,e817a801,0f85e300,0facc214,f0010000,20040000,a810751b,0d83ff06,45f88b73,1f83ff06,00000006,1af6c101,07c745f0,02000000,8b45f889,45f8660f,8b45108b,058bcb8b,0000d3e0,75108078,8b4dfcc6,81582000,348b5514,108b088b,017599eb,5dc21400,cccccccc
1788306636.1213577,27512,7.006492321624085e-45,8.407790785948902e-45,1.401298464324817e-45,1.401298464324817e-45,1.0,0.0,0.0,0.0,0.0,0.0,0.0,1.0,0.0,0.0,0.0,0.0,0.0,0.0,0.0,0.0,0.0,0.0,0.0,0.0,1.0,0.0,1.0,0.0,0.0,0.0,0.0,0.0,0.0,0.0,0.0,0.0,1.0,0.0,0.0,0.0,0.0,0.0,0.0,0.0,0.0,0.0,0.0,0.0,0.0,0.0,0.0,0.0,0f1f8400,c1018d48,8bc1eb0c,000f1f80,00000000,8b5df48b,c8c1f905,f085148e,008b450c,008bca81,01a90000,088b04b9,f8000000,098bc1c1,e817a801,0f85e300,0facc214,f0010000,20040000,a810751b,0d83ff06,45f88b73,1f83ff06,00000006,1af6c101,07c745f0,02000000,8b45f889,45f8660f,8b45108b,058bcb8b,0000d3e0,75108078,8b4dfcc6,81582000,348b5514,108b088b,017599eb,5dc21400,cccccccc
1788306636.2220523,27512,7.006492321624085e-45,8.407790785948902e-45,1.401298464324817e-45,1.401298464324817e-45,1.0,0.0,0.0,0.0,0.0,0.0,0.0,1.0,0.0,0.0,0.0,0.0,0.0,0.0,0.0,0.0,0.0,0.0,0.0,0.0,1.0,0.0,1.0,0.0,0.0,0.0,0.0,0.0,0.0,0.0,0.0,0.0,1.0,0.0,0.0,0.0,0.0,0.0,0.0,0.0,0.0,0.0,0.0,0.0,0.0,0.0,0.0,0.0,0f1f8400,c1018d48,8bc1eb0c,000f1f80,00000000,8b5df48b,c8c1f905,f085148e,008b450c,008bca81,01a90000,088b04b9,f8000000,098bc1c1,e817a801,0f85e300,0facc214,f0010000,20040000,a810751b,0d83ff06,45f88b73,1f83ff06,00000006,1af6c101,07c745f0,02000000,8b45f889,45f8660f,8b45108b,058bcb8b,0000d3e0,75108078,8b4dfcc6,81582000,348b5514,108b088b,017599eb,5dc21400,cccccccc
1788306636.331154,27512,7.006492321624085e-45,8.407790785948902e-45,1.401298464324817e-45,1.401298464324817e-45,1.0,0.0,0.0,0.0,0.0,0.0,0.0,1.0,0.0,0.0,0.0,0.0,0.0,0.0,0.0,0.0,0.0,0.0,0.0,0.0,1.0,0.0,1.0,0.0,0.0,0.0,0.0,0.0,0.0,0.0,0.0,0.0,1.0,0.0,0.0,0.0,0.0,0.0,0.0,0.0,0.0,0.0,0.0,0.0,0.0,0.0,0.0,0.0,0f1f8400,c1018d48,8bc1eb0c,000f1f80,00000000,8b5df48b,c8c1f905,f085148e,008b450c,008bca81,01a90000,088b04b9,f8000000,098bc1c1,e817a801,0f85e300,0facc214,f0010000,20040000,a810751b,0d83ff06,45f88b73,1f83ff06,00000006,1af6c101,07c745f0,02000000,8b45f889,45f8660f,8b45108b,058bcb8b,0000d3e0,75108078,8b4dfcc6,81582000,348b5514,108b088b,017599eb,5dc21400,cccccccc
1788306636.431869,27512,7.006492321624085e-45,8.407790785948902e-45,1.401298464324817e-45,1.401298464324817e-45,1.0,0.0,0.0,0.0,0.0,0.0,0.0,1.0,0.0,0.0,0.0,0.0,0.0,0.0,0.0,0.0,0.0,0.0,0.0,0.0,1.0,0.0,1.0,0.0,0.0,0.0,0.0,0.0,0.0,0.0,0.0,0.0,1.0,0.0,0.0,0.0,0.0,0.0,0.0,0.0,0.0,0.0,0.0,0.0,0.0,0.0,0.0,0.0,0f1f8400,c1018d48,8bc1eb0c,000f1f80,00000000,8b5df48b,c8c1f905,f085148e,008b450c,008bca81,01a90000,088b04b9,f8000000,098bc1c1,e817a801,0f85e300,0facc214,f0010000,20040000,a810751b,0d83ff06,45f88b73,1f83ff06,00000006,1af6c101,07c745f0,02000000,8b45f889,45f8660f,8b45108b,058bcb8b,0000d3e0,75108078,8b4dfcc6,81582000,348b5514,108b088b,017599eb,5dc21400,cccccccc
1788306636.5328205,27512,7.006492321624085e-45,8.407790785948902e-45,1.401298464324817e-45,1.401298464324817e-45,1.0,0.0,0.0,0.0,0.0,0.0,0.0,1.0,0.0,0.0,0.0,0.0,0.0,0.0,0.0,0.0,0.0,0.0,0.0,0.0,1.0,0.0,1.0,0.0,0.0,0.0,0.0,0.0,0.0,0.0,0.0,0.0,1.0,0.0,0.0,0.0,0.0,0.0,0.0,0.0,0.0,0.0,0.0,0.0,0.0,0.0,0.0,0.0,0f1f8400,c1018d48,8bc1eb0c,000f1f80,00000000,8b5df48b,c8c1f905,f085148e,008b450c,008bca81,01a90000,088b04b9,f8000000,098bc1c1,e817a801,0f85e300,0facc214,f0010000,20040000,a810751b,0d83ff06,45f88b73,1f83ff06,00000006,1af6c101,07c745f0,02000000,8b45f889,45f8660f,8b45108b,058bcb8b,0000d3e0,75108078,8b4dfcc6,81582000,348b5514,108b088b,017599eb,5dc21400,cccccccc
1788306636.6333554,27512,7.006492321624085e-45,8.407790785948902e-45,1.401298464324817e-45,1.401298464324817e-45,1.0,0.0,0.0,0.0,0.0,0.0,0.0,1.0,0.0,0.0,0.0,0.0,0.0,0.0,0.0,0.0,0.0,0.0,0.0,0.0,1.0,0.0,1.0,0.0,0.0,0.0,0.0,0.0,0.0,0.0,0.0,0.0,1.0,0.0,0.0,0.0,0.0,0.0,0.0,0.0,0.0,0.0,0.0,0.0,0.0,0.0,0.0,0.0,0f1f8400,c1018d48,8bc1eb0c,000f1f80,00000000,8b5df48b,c8c1f905,f085148e,008b450c,008bca81,01a90000,088b04b9,f8000000,098bc1c1,e817a801,0f85e300,0facc214,f0010000,20040000,a810751b,0d83ff06,45f88b73,1f83ff06,00000006,1af6c101,07c745f0,02000000,8b45f889,45f8660f,8b45108b,058bcb8b,0000d3e0,75108078,8b4dfcc6,81582000,348b5514,108b088b,017599eb,5dc21400,cccccccc
1788306636.7337973,27512,7.006492321624085e-45,8.407790785948902e-45,1.401298464324817e-45,1.401298464324817e-45,1.0,0.0,0.0,0.0,0.0,0.0,0.0,1.0,0.0,0.0,0.0,0.0,0.0,0.0,0.0,0.0,0.0,0.0,0.0,0.0,1.0,0.0,1.0,0.0,0.0,0.0,0.0,0.0,0.0,0.0,0.0,0.0,1.0,0.0,0.0,0.0,0.0,0.0,0.0,0.0,0.0,0.0,0.0,0.0,0.0,0.0,0.0,0.0,0f1f8400,c1018d48,8bc1eb0c,000f1f80,00000000,8b5df48b,c8c1f905,f085148e,008b450c,008bca81,01a90000,088b04b9,f8000000,098bc1c1,e817a801,0f85e300,0facc214,f0010000,20040000,a810751b,0d83ff06,45f88b73,1f83ff06,00000006,1af6c101,07c745f0,02000000,8b45f889,45f8660f,8b45108b,058bcb8b,0000d3e0,75108078,8b4dfcc6,81582000,348b5514,108b088b,017599eb,5dc21400,cccccccc
1788306636.8344984,27512,7.006492321624085e-45,8.407790785948902e-45,1.401298464324817e-45,1.401298464324817e-45,1.0,0.0,0.0,0.0,0.0,0.0,0.0,1.0,0.0,0.0,0.0,0.0,0.0,0.0,0.0,0.0,0.0,0.0,0.0,0.0,1.0,0.0,1.0,0.0,0.0,0.0,0.0,0.0,0.0,0.0,0.0,0.0,1.0,0.0,0.0,0.0,0.0,0.0,0.0,0.0,0.0,0.0,0.0,0.0,0.0,0.0,0.0,0.0,0f1f8400,c1018d48,8bc1eb0c,000f1f80,00000000,8b5df48b,c8c1f905,f085148e,008b450c,008bca81,01a90000,088b04b9,f8000000,098bc1c1,e817a801,0f85e300,0facc214,f0010000,20040000,a810751b,0d83ff06,45f88b73,1f83ff06,00000006,1af6c101,07c745f0,02000000,8b45f889,45f8660f,8b45108b,058bcb8b,0000d3e0,75108078,8b4dfcc6,81582000,348b5514,108b088b,017599eb,5dc21400,cccccccc
1788306636.9350142,27512,7.006492321624085e-45,8.407790785948902e-45,1.401298464324817e-45,1.401298464324817e-45,1.0,0.0,0.0,0.0,0.0,0.0,0.0,1.0,0.0,0.0,0.0,0.0,0.0,0.0,0.0,0.0,0.0,0.0,0.0,0.0,1.0,0.0,1.0,0.0,0.0,0.0,0.0,0.0,0.0,0.0,0.0,0.0,1.0,0.0,0.0,0.0,0.0,0.0,0.0,0.0,0.0,0.0,0.0,0.0,0.0,0.0,0.0,0.0,0f1f8400,c1018d48,8bc1eb0c,000f1f80,00000000,8b5df48b,c8c1f905,f085148e,008b450c,008bca81,01a90000,088b04b9,f8000000,098bc1c1,e817a801,0f85e300,0facc214,f0010000,20040000,a810751b,0d83ff06,45f88b73,1f83ff06,00000006,1af6c101,07c745f0,02000000,8b45f889,45f8660f,8b45108b,058bcb8b,0000d3e0,75108078,8b4dfcc6,81582000,348b5514,108b088b,017599eb,5dc21400,cccccccc
1788306637.0362194,27512,7.006492321624085e-45,8.407790785948902e-45,1.401298464324817e-45,1.401298464324817e-45,1.0,0.0,0.0,0.0,0.0,0.0,0.0,1.0,0.0,0.0,0.0,0.0,0.0,0.0,0.0,0.0,0.0,0.0,0.0,0.0,1.0,0.0,1.0,0.0,0.0,0.0,0.0,0.0,0.0,0.0,0.0,0.0,1.0,0.0,0.0,0.0,0.0,0.0,0.0,0.0,0.0,0.0,0.0,0.0,0.0,0.0,0.0,0.0,0f1f8400,c1018d48,8bc1eb0c,000f1f80,00000000,8b5df48b,c8c1f905,f085148e,008b450c,008bca81,01a90000,088b04b9,f8000000,098bc1c1,e817a801,0f85e300,0facc214,f0010000,20040000,a810751b,0d83ff06,45f88b73,1f83ff06,00000006,1af6c101,07c745f0,02000000,8b45f889,45f8660f,8b45108b,058bcb8b,0000d3e0,75108078,8b4dfcc6,81582000,348b5514,108b088b,017599eb,5dc21400,cccccccc
1788306637.136915,27512,7.006492321624085e-45,8.407790785948902e-45,1.401298464324817e-45,1.401298464324817e-45,1.0,0.0,0.0,0.0,0.0,0.0,0.0,1.0,0.0,0.0,0.0,0.0,0.0,0.0,0.0,0.0,0.0,0.0,0.0,0.0,1.0,0.0,1.0,0.0,0.0,0.0,0.0,0.0,0.0,0.0,0.0,0.0,1.0,0.0,0.0,0.0,0.0,0.0,0.0,0.0,0.0,0.0,0.0,0.0,0.0,0.0,0.0,0.0,0f1f8400,c1018d48,8bc1eb0c,000f1f80,00000000,8b5df48b,c8c1f905,f085148e,008b450c,008bca81,01a90000,088b04b9,f8000000,098bc1c1,e817a801,0f85e300,0facc214,f0010000,20040000,a810751b,0d83ff06,45f88b73,1f83ff06,00000006,1af6c101,07c745f0,02000000,8b45f889,45f8660f,8b45108b,058bcb8b,0000d3e0,75108078,8b4dfcc6,81582000,348b5514,108b088b,017599eb,5dc21400,cccccccc
1788306637.2373698,27512,7.006492321624085e-45,8.407790785948902e-45,1.401298464324817e-45,1.401298464324817e-45,1.0,0.0,0.0,0.0,0.0,0.0,0.0,1.0,0.0,0.0,0.0,0.0,0.0,0.0,0.0,0.0,0.0,0.0,0.0,0.0,1.0,0.0,1.0,0.0,0.0,0.0,0.0,0.0,0.0,0.0,0.0,0.0,1.0,0.0,0.0,0.0,0.0,0.0,0.0,0.0,0.0,0.0,0.0,0.0,0.0,0.0,0.0,0.0,0f1f8400,c1018d48,8bc1eb0c,000f1f80,00000000,8b5df48b,c8c1f905,f085148e,008b450c,008bca81,01a90000,088b04b9,f8000000,098bc1c1,e817a801,0f85e300,0facc214,f0010000,20040000,a810751b,0d83ff06,45f88b73,1f83ff06,00000006,1af6c101,07c745f0,02000000,8b45f889,45f8660f,8b45108b,058bcb8b,0000d3e0,75108078,8b4dfcc6,81582000,348b5514,108b088b,017599eb,5dc21400,cccccccc
1788306637.3379195,27512,7.006492321624085e-45,8.407790785948902e-45,1.401298464324817e-45,1.401298464324817e-45,1.0,0.0,0.0,0.0,0.0,0.0,0.0,1.0,0.0,0.0,0.0,0.0,0.0,0.0,0.0,0.0,0.0,0.0,0.0,0.0,1.0,0.0,1.0,0.0,0.0,0.0,0.0,0.0,0.0,0.0,0.0,0.0,1.0,0.0,0.0,0.0,0.0,0.0,0.0,0.0,0.0,0.0,0.0,0.0,0.0,0.0,0.0,0.0,0f1f8400,c1018d48,8bc1eb0c,000f1f80,00000000,8b5df48b,c8c1f905,f085148e,008b450c,008bca81,01a90000,088b04b9,f8000000,098bc1c1,e817a801,0f85e300,0facc214,f0010000,20040000,a810751b,0d83ff06,45f88b73,1f83ff06,00000006,1af6c101,07c745f0,02000000,8b45f889,45f8660f,8b45108b,058bcb8b,0000d3e0,75108078,8b4dfcc6,81582000,348b5514,108b088b,017599eb,5dc21400,cccccccc
1788306637.4383125,27512,7.006492321624085e-45,8.407790785948902e-45,1.401298464324817e-45,1.401298464324817e-45,1.0,0.0,0.0,0.0,0.0,0.0,0.0,1.0,0.0,0.0,0.0,0.0,0.0,0.0,0.0,0.0,0.0,0.0,0.0,0.0,1.0,0.0,1.0,0.0,0.0,0.0,0.0,0.0,0.0,0.0,0.0,0.0,1.0,0.0,0.0,0.0,0.0,0.0,0.0,0.0,0.0,0.0,0.0,0.0,0.0,0.0,0.0,0.0,0f1f8400,c1018d48,8bc1eb0c,000f1f80,00000000,8b5df48b,c8c1f905,f085148e,008b450c,008bca81,01a90000,088b04b9,f8000000,098bc1c1,e817a801,0f85e300,0facc214,f0010000,20040000,a810751b,0d83ff06,45f88b73,1f83ff06,00000006,1af6c101,07c745f0,02000000,8b45f889,45f8660f,8b45108b,058bcb8b,0000d3e0,75108078,8b4dfcc6,81582000,348b5514,108b088b,017599eb,5dc21400,cccccccc
1788306637.5386999,27512,7.006492321624085e-45,8.407790785948902e-45,1.401298464324817e-45,1.401298464324817e-45,1.0,0.0,0.0,0.0,0.0,0.0,0.0,1.0,0.0,0.0,0.0,0.0,0.0,0.0,0.0,0.0,0.0,0.0,0.0,0.0,1.0,0.0,1.0,0.0,0.0,0.0,0.0,0.0,0.0,0.0,0.0,0.0,1.0,0.0,0.0,0.0,0.0,0.0,0.0,0.0,0.0,0.0,0.0,0.0,0.0,0.0,0.0,0.0,0f1f8400,c1018d48,8bc1eb0c,000f1f80,00000000,8b5df48b,c8c1f905,f085148e,008b450c,008bca81,01a90000,088b04b9,f8000000,098bc1c1,e817a801,0f85e300,0facc214,f0010000,20040000,a810751b,0d83ff06,45f88b73,1f83ff06,00000006,1af6c101,07c745f0,02000000,8b45f889,45f8660f,8b45108b,058bcb8b,0000d3e0,75108078,8b4dfcc6,81582000,348b5514,108b088b,017599eb,5dc21400,cccccccc
1788306637.6393037,27512,7.006492321624085e-45,8.407790785948902e-45,1.401298464324817e-45,1.401298464324817e-45,1.0,0.0,0.0,0.0,0.0,0.0,0.0,1.0,0.0,0.0,0.0,0.0,0.0,0.0,0.0,0.0,0.0,0.0,0.0,0.0,1.0,0.0,1.0,0.0,0.0,0.0,0.0,0.0,0.0,0.0,0.0,0.0,1.0,0.0,0.0,0.0,0.0,0.0,0.0,0.0,0.0,0.0,0.0,0.0,0.0,0.0,0.0,0.0,0f1f8400,c1018d48,8bc1eb0c,000f1f80,00000000,8b5df48b,c8c1f905,f085148e,008b450c,008bca81,01a90000,088b04b9,f8000000,098bc1c1,e817a801,0f85e300,0facc214,f0010000,20040000,a810751b,0d83ff06,45f88b73,1f83ff06,00000006,1af6c101,07c745f0,02000000,8b45f889,45f8660f,8b45108b,058bcb8b,0000d3e0,75108078,8b4dfcc6,81582000,348b5514,108b088b,017599eb,5dc21400,cccccccc
1788306637.7400022,27512,7.006492321624085e-45,8.407790785948902e-45,1.401298464324817e-45,1.401298464324817e-45,1.0,0.0,0.0,0.0,0.0,0.0,0.0,1.0,0.0,0.0,0.0,0.0,0.0,0.0,0.0,0.0,0.0,0.0,0.0,0.0,1.0,0.0,1.0,0.0,0.0,0.0,0.0,0.0,0.0,0.0,0.0,0.0,1.0,0.0,0.0,0.0,0.0,0.0,0.0,0.0,0.0,0.0,0.0,0.0,0.0,0.0,0.0,0.0,0f1f8400,c1018d48,8bc1eb0c,000f1f80,00000000,8b5df48b,c8c1f905,f085148e,008b450c,008bca81,01a90000,088b04b9,f8000000,098bc1c1,e817a801,0f85e300,0facc214,f0010000,20040000,a810751b,0d83ff06,45f88b73,1f83ff06,00000006,1af6c101,07c745f0,02000000,8b45f889,45f8660f,8b45108b,058bcb8b,0000d3e0,75108078,8b4dfcc6,81582000,348b5514,108b088b,017599eb,5dc21400,cccccccc
1788306637.8414526,27512,7.006492321624085e-45,8.407790785948902e-45,1.401298464324817e-45,1.401298464324817e-45,1.0,0.0,0.0,0.0,0.0,0.0,0.0,1.0,0.0,0.0,0.0,0.0,0.0,0.0,0.0,0.0,0.0,0.0,0.0,0.0,1.0,0.0,1.0,0.0,0.0,0.0,0.0,0.0,0.0,0.0,0.0,0.0,1.0,0.0,0.0,0.0,0.0,0.0,0.0,0.0,0.0,0.0,0.0,0.0,0.0,0.0,0.0,0.0,0f1f8400,c1018d48,8bc1eb0c,000f1f80,00000000,8b5df48b,c8c1f905,f085148e,008b450c,008bca81,01a90000,088b04b9,f8000000,098bc1c1,e817a801,0f85e300,0facc214,f0010000,20040000,a810751b,0d83ff06,45f88b73,1f83ff06,00000006,1af6c101,07c745f0,02000000,8b45f889,45f8660f,8b45108b,058bcb8b,0000d3e0,75108078,8b4dfcc6,81582000,348b5514,108b088b,017599eb,5dc21400,cccccccc
1788306637.942774,27512,7.006492321624085e-45,8.407790785948902e-45,1.401298464324817e-45,1.401298464324817e-45,1.0,0.0,0.0,0.0,0.0,0.0,0.0,1.0,0.0,0.0,0.0,0.0,0.0,0.0,0.0,0.0,0.0,0.0,0.0,0.0,1.0,0.0,1.0,0.0,0.0,0.0,0.0,0.0,0.0,0.0,0.0,0.0,1.0,0.0,0.0,0.0,0.0,0.0,0.0,0.0,0.0,0.0,0.0,0.0,0.0,0.0,0.0,0.0,0f1f8400,c1018d48,8bc1eb0c,000f1f80,00000000,8b5df48b,c8c1f905,f085148e,008b450c,008bca81,01a90000,088b04b9,f8000000,098bc1c1,e817a801,0f85e300,0facc214,f0010000,20040000,a810751b,0d83ff06,45f88b73,1f83ff06,00000006,1af6c101,07c745f0,02000000,8b45f889,45f8660f,8b45108b,058bcb8b,0000d3e0,75108078,8b4dfcc6,81582000,348b5514,108b088b,017599eb,5dc21400,cccccccc
1788306638.0436559,27512,7.006492321624085e-45,8.407790785948902e-45,1.401298464324817e-45,1.401298464324817e-45,1.0,0.0,0.0,0.0,0.0,0.0,0.0,1.0,0.0,0.0,0.0,0.0,0.0,0.0,0.0,0.0,0.0,0.0,0.0,0.0,1.0,0.0,1.0,0.0,0.0,0.0,0.0,0.0,0.0,0.0,0.0,0.0,1.0,0.0,0.0,0.0,0.0,0.0,0.0,0.0,0.0,0.0,0.0,0.0,0.0,0.0,0.0,0.0,0f1f8400,c1018d48,8bc1eb0c,000f1f80,00000000,8b5df48b,c8c1f905,f085148e,008b450c,008bca81,01a90000,088b04b9,f8000000,098bc1c1,e817a801,0f85e300,0facc214,f0010000,20040000,a810751b,0d83ff06,45f88b73,1f83ff06,00000006,1af6c101,07c745f0,02000000,8b45f889,45f8660f,8b45108b,058bcb8b,0000d3e0,75108078,8b4dfcc6,81582000,348b5514,108b088b,017599eb,5dc21400,cccccccc
1788306638.1446064,27512,7.006492321624085e-45,8.407790785948902e-45,1.401298464324817e-45,1.401298464324817e-45,1.0,0.0,0.0,0.0,0.0,0.0,0.0,1.0,0.0,0.0,0.0,0.0,0.0,0.0,0.0,0.0,0.0,0.0,0.0,0.0,1.0,0.0,1.0,0.0,0.0,0.0,0.0,0.0,0.0,0.0,0.0,0.0,1.0,0.0,0.0,0.0,0.0,0.0,0.0,0.0,0.0,0.0,0.0,0.0,0.0,0.0,0.0,0.0,0f1f8400,c1018d48,8bc1eb0c,000f1f80,00000000,8b5df48b,c8c1f905,f085148e,008b450c,008bca81,01a90000,088b04b9,f8000000,098bc1c1,e817a801,0f85e300,0facc214,f0010000,20040000,a810751b,0d83ff06,45f88b73,1f83ff06,00000006,1af6c101,07c745f0,02000000,8b45f889,45f8660f,8b45108b,058bcb8b,0000d3e0,75108078,8b4dfcc6,81582000,348b5514,108b088b,017599eb,5dc21400,cccccccc
1788306638.2451932,27512,7.006492321624085e-45,8.407790785948902e-45,1.401298464324817e-45,1.401298464324817e-45,1.0,0.0,0.0,0.0,0.0,0.0,0.0,1.0,0.0,0.0,0.0,0.0,0.0,0.0,0.0,0.0,0.0,0.0,0.0,0.0,1.0,0.0,1.0,0.0,0.0,0.0,0.0,0.0,0.0,0.0,0.0,0.0,1.0,0.0,0.0,0.0,0.0,0.0,0.0,0.0,0.0,0.0,0.0,0.0,0.0,0.0,0.0,0.0,0f1f8400,c1018d48,8bc1eb0c,000f1f80,00000000,8b5df48b,c8c1f905,f085148e,008b450c,008bca81,01a90000,088b04b9,f8000000,098bc1c1,e817a801,0f85e300,0facc214,f0010000,20040000,a810751b,0d83ff06,45f88b73,1f83ff06,00000006,1af6c101,07c745f0,02000000,8b45f889,45f8660f,8b45108b,058bcb8b,0000d3e0,75108078,8b4dfcc6,81582000,348b5514,108b088b,017599eb,5dc21400,cccccccc
1788306638.3455648,27512,7.006492321624085e-45,8.407790785948902e-45,1.401298464324817e-45,1.401298464324817e-45,1.0,0.0,0.0,0.0,0.0,0.0,0.0,1.0,0.0,0.0,0.0,0.0,0.0,0.0,0.0,0.0,0.0,0.0,0.0,0.0,1.0,0.0,1.0,0.0,0.0,0.0,0.0,0.0,0.0,0.0,0.0,0.0,1.0,0.0,0.0,0.0,0.0,0.0,0.0,0.0,0.0,0.0,0.0,0.0,0.0,0.0,0.0,0.0,0f1f8400,c1018d48,8bc1eb0c,000f1f80,00000000,8b5df48b,c8c1f905,f085148e,008b450c,008bca81,01a90000,088b04b9,f8000000,098bc1c1,e817a801,0f85e300,0facc214,f0010000,20040000,a810751b,0d83ff06,45f88b73,1f83ff06,00000006,1af6c101,07c745f0,02000000,8b45f889,45f8660f,8b45108b,058bcb8b,0000d3e0,75108078,8b4dfcc6,81582000,348b5514,108b088b,017599eb,5dc21400,cccccccc
1788306638.451307,27512,7.006492321624085e-45,8.407790785948902e-45,1.401298464324817e-45,1.401298464324817e-45,1.0,0.0,0.0,0.0,0.0,0.0,0.0,1.0,0.0,0.0,0.0,0.0,0.0,0.0,0.0,0.0,0.0,0.0,0.0,0.0,1.0,0.0,1.0,0.0,0.0,0.0,0.0,0.0,0.0,0.0,0.0,0.0,1.0,0.0,0.0,0.0,0.0,0.0,0.0,0.0,0.0,0.0,0.0,0.0,0.0,0.0,0.0,0.0,0f1f8400,c1018d48,8bc1eb0c,000f1f80,00000000,8b5df48b,c8c1f905,f085148e,008b450c,008bca81,01a90000,088b04b9,f8000000,098bc1c1,e817a801,0f85e300,0facc214,f0010000,20040000,a810751b,0d83ff06,45f88b73,1f83ff06,00000006,1af6c101,07c745f0,02000000,8b45f889,45f8660f,8b45108b,058bcb8b,0000d3e0,75108078,8b4dfcc6,81582000,348b5514,108b088b,017599eb,5dc21400,cccccccc
1788306638.5520964,27512,7.006492321624085e-45,8.407790785948902e-45,1.401298464324817e-45,1.401298464324817e-45,1.0,0.0,0.0,0.0,0.0,0.0,0.0,1.0,0.0,0.0,0.0,0.0,0.0,0.0,0.0,0.0,0.0,0.0,0.0,0.0,1.0,0.0,1.0,0.0,0.0,0.0,0.0,0.0,0.0,0.0,0.0,0.0,1.0,0.0,0.0,0.0,0.0,0.0,0.0,0.0,0.0,0.0,0.0,0.0,0.0,0.0,0.0,0.0,0f1f8400,c1018d48,8bc1eb0c,000f1f80,00000000,8b5df48b,c8c1f905,f085148e,008b450c,008bca81,01a90000,088b04b9,f8000000,098bc1c1,e817a801,0f85e300,0facc214,f0010000,20040000,a810751b,0d83ff06,45f88b73,1f83ff06,00000006,1af6c101,07c745f0,02000000,8b45f889,45f8660f,8b45108b,058bcb8b,0000d3e0,75108078,8b4dfcc6,81582000,348b5514,108b088b,017599eb,5dc21400,cccccccc
1788306638.6525283,27512,7.006492321624085e-45,8.407790785948902e-45,1.401298464324817e-45,1.401298464324817e-45,1.0,0.0,0.0,0.0,0.0,0.0,0.0,1.0,0.0,0.0,0.0,0.0,0.0,0.0,0.0,0.0,0.0,0.0,0.0,0.0,1.0,0.0,1.0,0.0,0.0,0.0,0.0,0.0,0.0,0.0,0.0,0.0,1.0,0.0,0.0,0.0,0.0,0.0,0.0,0.0,0.0,0.0,0.0,0.0,0.0,0.0,0.0,0.0,0f1f8400,c1018d48,8bc1eb0c,000f1f80,00000000,8b5df48b,c8c1f905,f085148e,008b450c,008bca81,01a90000,088b04b9,f8000000,098bc1c1,e817a801,0f85e300,0facc214,f0010000,20040000,a810751b,0d83ff06,45f88b73,1f83ff06,00000006,1af6c101,07c745f0,02000000,8b45f889,45f8660f,8b45108b,058bcb8b,0000d3e0,75108078,8b4dfcc6,81582000,348b5514,108b088b,017599eb,5dc21400,cccccccc
1788306638.75368,27512,7.006492321624085e-45,8.407790785948902e-45,1.401298464324817e-45,1.401298464324817e-45,1.0,0.0,0.0,0.0,0.0,0.0,0.0,1.0,0.0,0.0,0.0,0.0,0.0,0.0,0.0,0.0,0.0,0.0,0.0,0.0,1.0,0.0,1.0,0.0,0.0,0.0,0.0,0.0,0.0,0.0,0.0,0.0,1.0,0.0,0.0,0.0,0.0,0.0,0.0,0.0,0.0,0.0,0.0,0.0,0.0,0.0,0.0,0.0,0f1f8400,c1018d48,8bc1eb0c,000f1f80,00000000,8b5df48b,c8c1f905,f085148e,008b450c,008bca81,01a90000,088b04b9,f8000000,098bc1c1,e817a801,0f85e300,0facc214,f0010000,20040000,a810751b,0d83ff06,45f88b73,1f83ff06,00000006,1af6c101,07c745f0,02000000,8b45f889,45f8660f,8b45108b,058bcb8b,0000d3e0,75108078,8b4dfcc6,81582000,348b5514,108b088b,017599eb,5dc21400,cccccccc
1788306638.8540487,27512,7.006492321624085e-45,8.407790785948902e-45,1.401298464324817e-45,1.401298464324817e-45,1.0,0.0,0.0,0.0,0.0,0.0,0.0,1.0,0.0,0.0,0.0,0.0,0.0,0.0,0.0,0.0,0.0,0.0,0.0,0.0,1.0,0.0,1.0,0.0,0.0,0.0,0.0,0.0,0.0,0.0,0.0,0.0,1.0,0.0,0.0,0.0,0.0,0.0,0.0,0.0,0.0,0.0,0.0,0.0,0.0,0.0,0.0,0.0,0f1f8400,c1018d48,8bc1eb0c,000f1f80,00000000,8b5df48b,c8c1f905,f085148e,008b450c,008bca81,01a90000,088b04b9,f8000000,098bc1c1,e817a801,0f85e300,0facc214,f0010000,20040000,a810751b,0d83ff06,45f88b73,1f83ff06,00000006,1af6c101,07c745f0,02000000,8b45f889,45f8660f,8b45108b,058bcb8b,0000d3e0,75108078,8b4dfcc6,81582000,348b5514,108b088b,017599eb,5dc21400,cccccccc
1788306638.9990788,27512,7.006492321624085e-45,8.407790785948902e-45,1.401298464324817e-45,1.401298464324817e-45,1.0,0.0,0.0,0.0,0.0,0.0,0.0,1.0,0.0,0.0,0.0,0.0,0.0,0.0,0.0,0.0,0.0,0.0,0.0,0.0,1.0,0.0,1.0,0.0,0.0,0.0,0.0,0.0,0.0,0.0,0.0,0.0,1.0,0.0,0.0,0.0,0.0,0.0,0.0,0.0,0.0,0.0,0.0,0.0,0.0,0.0,0.0,0.0,0f1f8400,c1018d48,8bc1eb0c,000f1f80,00000000,8b5df48b,c8c1f905,f085148e,008b450c,008bca81,01a90000,088b04b9,f8000000,098bc1c1,e817a801,0f85e300,0facc214,f0010000,20040000,a810751b,0d83ff06,45f88b73,1f83ff06,00000006,1af6c101,07c745f0,02000000,8b45f889,45f8660f,8b45108b,058bcb8b,0000d3e0,75108078,8b4dfcc6,81582000,348b5514,108b088b,017599eb,5dc21400,cccccccc
1788306639.100442,27512,7.006492321624085e-45,8.407790785948902e-45,1.401298464324817e-45,1.401298464324817e-45,1.0,0.0,0.0,0.0,0.0,0.0,0.0,1.0,0.0,0.0,0.0,0.0,0.0,0.0,0.0,0.0,0.0,0.0,0.0,0.0,1.0,0.0,1.0,0.0,0.0,0.0,0.0,0.0,0.0,0.0,0.0,0.0,1.0,0.0,0.0,0.0,0.0,0.0,0.0,0.0,0.0,0.0,0.0,0.0,0.0,0.0,0.0,0.0,0f1f8400,c1018d48,8bc1eb0c,000f1f80,00000000,8b5df48b,c8c1f905,f085148e,008b450c,008bca81,01a90000,088b04b9,f8000000,098bc1c1,e817a801,0f85e300,0facc214,f0010000,20040000,a810751b,0d83ff06,45f88b73,1f83ff06,00000006,1af6c101,07c745f0,02000000,8b45f889,45f8660f,8b45108b,058bcb8b,0000d3e0,75108078,8b4dfcc6,81582000,348b5514,108b088b,017599eb,5dc21400,cccccccc
1788306639.2008753,27512,7.006492321624085e-45,8.407790785948902e-45,1.401298464324817e-45,1.401298464324817e-45,1.0,0.0,0.0,0.0,0.0,0.0,0.0,1.0,0.0,0.0,0.0,0.0,0.0,0.0,0.0,0.0,0.0,0.0,0.0,0.0,1.0,0.0,1.0,0.0,0.0,0.0,0.0,0.0,0.0,0.0,0.0,0.0,1.0,0.0,0.0,0.0,0.0,0.0,0.0,0.0,0.0,0.0,0.0,0.0,0.0,0.0,0.0,0.0,0f1f8400,c1018d48,8bc1eb0c,000f1f80,00000000,8b5df48b,c8c1f905,f085148e,008b450c,008bca81,01a90000,088b04b9,f8000000,098bc1c1,e817a801,0f85e300,0facc214,f0010000,20040000,a810751b,0d83ff06,45f88b73,1f83ff06,00000006,1af6c101,07c745f0,02000000,8b45f889,45f8660f,8b45108b,058bcb8b,0000d3e0,75108078,8b4dfcc6,81582000,348b5514,108b088b,017599eb,5dc21400,cccccccc
1788306639.3019803,27512,7.006492321624085e-45,8.407790785948902e-45,1.401298464324817e-45,1.401298464324817e-45,1.0,0.0,0.0,0.0,0.0,0.0,0.0,1.0,0.0,0.0,0.0,0.0,0.0,0.0,0.0,0.0,0.0,0.0,0.0,0.0,1.0,0.0,1.0,0.0,0.0,0.0,0.0,0.0,0.0,0.0,0.0,0.0,1.0,0.0,0.0,0.0,0.0,0.0,0.0,0.0,0.0,0.0,0.0,0.0,0.0,0.0,0.0,0.0,0f1f8400,c1018d48,8bc1eb0c,000f1f80,00000000,8b5df48b,c8c1f905,f085148e,008b450c,008bca81,01a90000,088b04b9,f8000000,098bc1c1,e817a801,0f85e300,0facc214,f0010000,20040000,a810751b,0d83ff06,45f88b73,1f83ff06,00000006,1af6c101,07c745f0,02000000,8b45f889,45f8660f,8b45108b,058bcb8b,0000d3e0,75108078,8b4dfcc6,81582000,348b5514,108b088b,017599eb,5dc21400,cccccccc
1788306639.4025924,27512,7.006492321624085e-45,8.407790785948902e-45,1.401298464324817e-45,1.401298464324817e-45,1.0,0.0,0.0,0.0,0.0,0.0,0.0,1.0,0.0,0.0,0.0,0.0,0.0,0.0,0.0,0.0,0.0,0.0,0.0,0.0,1.0,0.0,1.0,0.0,0.0,0.0,0.0,0.0,0.0,0.0,0.0,0.0,1.0,0.0,0.0,0.0,0.0,0.0,0.0,0.0,0.0,0.0,0.0,0.0,0.0,0.0,0.0,0.0,0f1f8400,c1018d48,8bc1eb0c,000f1f80,00000000,8b5df48b,c8c1f905,f085148e,008b450c,008bca81,01a90000,088b04b9,f8000000,098bc1c1,e817a801,0f85e300,0facc214,f0010000,20040000,a810751b,0d83ff06,45f88b73,1f83ff06,00000006,1af6c101,07c745f0,02000000,8b45f889,45f8660f,8b45108b,058bcb8b,0000d3e0,75108078,8b4dfcc6,81582000,348b5514,108b088b,017599eb,5dc21400,cccccccc
1788306639.5028982,27512,7.006492321624085e-45,8.407790785948902e-45,1.401298464324817e-45,1.401298464324817e-45,1.0,0.0,0.0,0.0,0.0,0.0,0.0,1.0,0.0,0.0,0.0,0.0,0.0,0.0,0.0,0.0,0.0,0.0,0.0,0.0,1.0,0.0,1.0,0.0,0.0,0.0,0.0,0.0,0.0,0.0,0.0,0.0,1.0,0.0,0.0,0.0,0.0,0.0,0.0,0.0,0.0,0.0,0.0,0.0,0.0,0.0,0.0,0.0,0f1f8400,c1018d48,8bc1eb0c,000f1f80,00000000,8b5df48b,c8c1f905,f085148e,008b450c,008bca81,01a90000,088b04b9,f8000000,098bc1c1,e817a801,0f85e300,0facc214,f0010000,20040000,a810751b,0d83ff06,45f88b73,1f83ff06,00000006,1af6c101,07c745f0,02000000,8b45f889,45f8660f,8b45108b,058bcb8b,0000d3e0,75108078,8b4dfcc6,81582000,348b5514,108b088b,017599eb,5dc21400,cccccccc
1788306639.6035264,27512,7.006492321624085e-45,8.407790785948902e-45,1.401298464324817e-45,1.401298464324817e-45,1.0,0.0,0.0,0.0,0.0,0.0,0.0,1.0,0.0,0.0,0.0,0.0,0.0,0.0,0.0,0.0,0.0,0.0,0.0,0.0,1.0,0.0,1.0,0.0,0.0,0.0,0.0,0.0,0.0,0.0,0.0,0.0,1.0,0.0,0.0,0.0,0.0,0.0,0.0,0.0,0.0,0.0,0.0,0.0,0.0,0.0,0.0,0.0,0f1f8400,c1018d48,8bc1eb0c,000f1f80,00000000,8b5df48b,c8c1f905,f085148e,008b450c,008bca81,01a90000,088b04b9,f8000000,098bc1c1,e817a801,0f85e300,0facc214,f0010000,20040000,a810751b,0d83ff06,45f88b73,1f83ff06,00000006,1af6c101,07c745f0,02000000,8b45f889,45f8660f,8b45108b,058bcb8b,0000d3e0,75108078,8b4dfcc6,81582000,348b5514,108b088b,017599eb,5dc21400,cccccccc
1788306639.7040367,27512,7.006492321624085e-45,8.407790785948902e-45,1.401298464324817e-45,1.401298464324817e-45,1.0,0.0,0.0,0.0,0.0,0.0,0.0,1.0,0.0,0.0,0.0,0.0,0.0,0.0,0.0,0.0,0.0,0.0,0.0,0.0,1.0,0.0,1.0,0.0,0.0,0.0,0.0,0.0,0.0,0.0,0.0,0.0,1.0,0.0,0.0,0.0,0.0,0.0,0.0,0.0,0.0,0.0,0.0,0.0,0.0,0.0,0.0,0.0,0f1f8400,c1018d48,8bc1eb0c,000f1f80,00000000,8b5df48b,c8c1f905,f085148e,008b450c,008bca81,01a90000,088b04b9,f8000000,098bc1c1,e817a801,0f85e300,0facc214,f0010000,20040000,a810751b,0d83ff06,45f88b73,1f83ff06,00000006,1af6c101,07c745f0,02000000,8b45f889,45f8660f,8b45108b,058bcb8b,0000d3e0,75108078,8b4dfcc6,81582000,348b5514,108b088b,017599eb,5dc21400,cccccccc
1788306639.8045278,27512,7.006492321624085e-45,8.407790785948902e-45,1.401298464324817e-45,1.401298464324817e-45,1.0,0.0,0.0,0.0,0.0,0.0,0.0,1.0,0.0,0.0,0.0,0.0,0.0,0.0,0.0,0.0,0.0,0.0,0.0,0.0,1.0,0.0,1.0,0.0,0.0,0.0,0.0,0.0,0.0,0.0,0.0,0.0,1.0,0.0,0.0,0.0,0.0,0.0,0.0,0.0,0.0,0.0,0.0,0.0,0.0,0.0,0.0,0.0,0f1f8400,c1018d48,8bc1eb0c,000f1f80,00000000,8b5df48b,c8c1f905,f085148e,008b450c,008bca81,01a90000,088b04b9,f8000000,098bc1c1,e817a801,0f85e300,0facc214,f0010000,20040000,a810751b,0d83ff06,45f88b73,1f83ff06,00000006,1af6c101,07c745f0,02000000,8b45f889,45f8660f,8b45108b,058bcb8b,0000d3e0,75108078,8b4dfcc6,81582000,348b5514,108b088b,017599eb,5dc21400,cccccccc
1788306639.9049823,27512,7.006492321624085e-45,8.407790785948902e-45,1.401298464324817e-45,1.401298464324817e-45,1.0,0.0,0.0,0.0,0.0,0.0,0.0,1.0,0.0,0.0,0.0,0.0,0.0,0.0,0.0,0.0,0.0,0.0,0.0,0.0,1.0,0.0,1.0,0.0,0.0,0.0,0.0,0.0,0.0,0.0,0.0,0.0,1.0,0.0,0.0,0.0,0.0,0.0,0.0,0.0,0.0,0.0,0.0,0.0,0.0,0.0,0.0,0.0,0f1f8400,c1018d48,8bc1eb0c,000f1f80,00000000,8b5df48b,c8c1f905,f085148e,008b450c,008bca81,01a90000,088b04b9,f8000000,098bc1c1,e817a801,0f85e300,0facc214,f0010000,20040000,a810751b,0d83ff06,45f88b73,1f83ff06,00000006,1af6c101,07c745f0,02000000,8b45f889,45f8660f,8b45108b,058bcb8b,0000d3e0,75108078,8b4dfcc6,81582000,348b5514,108b088b,017599eb,5dc21400,cccccccc
1788306640.0056784,27512,7.006492321624085e-45,8.407790785948902e-45,1.401298464324817e-45,1.401298464324817e-45,1.0,0.0,0.0,0.0,0.0,0.0,0.0,1.0,0.0,0.0,0.0,0.0,0.0,0.0,0.0,0.0,0.0,0.0,0.0,0.0,1.0,0.0,1.0,0.0,0.0,0.0,0.0,0.0,0.0,0.0,0.0,0.0,1.0,0.0,0.0,0.0,0.0,0.0,0.0,0.0,0.0,0.0,0.0,0.0,0.0,0.0,0.0,0.0,0f1f8400,c1018d48,8bc1eb0c,000f1f80,00000000,8b5df48b,c8c1f905,f085148e,008b450c,008bca81,01a90000,088b04b9,f8000000,098bc1c1,e817a801,0f85e300,0facc214,f0010000,20040000,a810751b,0d83ff06,45f88b73,1f83ff06,00000006,1af6c101,07c745f0,02000000,8b45f889,45f8660f,8b45108b,058bcb8b,0000d3e0,75108078,8b4dfcc6,81582000,348b5514,108b088b,017599eb,5dc21400,cccccccc
1788306640.1061933,27512,7.006492321624085e-45,8.407790785948902e-45,1.401298464324817e-45,1.401298464324817e-45,1.0,0.0,0.0,0.0,0.0,0.0,0.0,1.0,0.0,0.0,0.0,0.0,0.0,0.0,0.0,0.0,0.0,0.0,0.0,0.0,1.0,0.0,1.0,0.0,0.0,0.0,0.0,0.0,0.0,0.0,0.0,0.0,1.0,0.0,0.0,0.0,0.0,0.0,0.0,0.0,0.0,0.0,0.0,0.0,0.0,0.0,0.0,0.0,0f1f8400,c1018d48,8bc1eb0c,000f1f80,00000000,8b5df48b,c8c1f905,f085148e,008b450c,008bca81,01a90000,088b04b9,f8000000,098bc1c1,e817a801,0f85e300,0facc214,f0010000,20040000,a810751b,0d83ff06,45f88b73,1f83ff06,00000006,1af6c101,07c745f0,02000000,8b45f889,45f8660f,8b45108b,058bcb8b,0000d3e0,75108078,8b4dfcc6,81582000,348b5514,108b088b,017599eb,5dc21400,cccccccc
1788306640.2071233,27512,7.006492321624085e-45,8.407790785948902e-45,1.401298464324817e-45,1.401298464324817e-45,1.0,0.0,0.0,0.0,0.0,0.0,0.0,1.0,0.0,0.0,0.0,0.0,0.0,0.0,0.0,0.0,0.0,0.0,0.0,0.0,1.0,0.0,1.0,0.0,0.0,0.0,0.0,0.0,0.0,0.0,0.0,0.0,1.0,0.0,0.0,0.0,0.0,0.0,0.0,0.0,0.0,0.0,0.0,0.0,0.0,0.0,0.0,0.0,0f1f8400,c1018d48,8bc1eb0c,000f1f80,00000000,8b5df48b,c8c1f905,f085148e,008b450c,008bca81,01a90000,088b04b9,f8000000,098bc1c1,e817a801,0f85e300,0facc214,f0010000,20040000,a810751b,0d83ff06,45f88b73,1f83ff06,00000006,1af6c101,07c745f0,02000000,8b45f889,45f8660f,8b45108b,058bcb8b,0000d3e0,75108078,8b4dfcc6,81582000,348b5514,108b088b,017599eb,5dc21400,cccccccc
1788306640.3082883,27512,7.006492321624085e-45,8.407790785948902e-45,1.401298464324817e-45,1.401298464324817e-45,1.0,0.0,0.0,0.0,0.0,0.0,0.0,1.0,0.0,0.0,0.0,0.0,0.0,0.0,0.0,0.0,0.0,0.0,0.0,0.0,1.0,0.0,1.0,0.0,0.0,0.0,0.0,0.0,0.0,0.0,0.0,0.0,1.0,0.0,0.0,0.0,0.0,0.0,0.0,0.0,0.0,0.0,0.0,0.0,0.0,0.0,0.0,0.0,0f1f8400,c1018d48,8bc1eb0c,000f1f80,00000000,8b5df48b,c8c1f905,f085148e,008b450c,008bca81,01a90000,088b04b9,f8000000,098bc1c1,e817a801,0f85e300,0facc214,f0010000,20040000,a810751b,0d83ff06,45f88b73,1f83ff06,00000006,1af6c101,07c745f0,02000000,8b45f889,45f8660f,8b45108b,058bcb8b,0000d3e0,75108078,8b4dfcc6,81582000,348b5514,108b088b,017599eb,5dc21400,cccccccc
1788306640.40883,27512,7.006492321624085e-45,8.407790785948902e-45,1.401298464324817e-45,1.401298464324817e-45,1.0,0.0,0.0,0.0,0.0,0.0,0.0,1.0,0.0,0.0,0.0,0.0,0.0,0.0,0.0,0.0,0.0,0.0,0.0,0.0,1.0,0.0,1.0,0.0,0.0,0.0,0.0,0.0,0.0,0.0,0.0,0.0,1.0,0.0,0.0,0.0,0.0,0.0,0.0,0.0,0.0,0.0,0.0,0.0,0.0,0.0,0.0,0.0,0f1f8400,c1018d48,8bc1eb0c,000f1f80,00000000,8b5df48b,c8c1f905,f085148e,008b450c,008bca81,01a90000,088b04b9,f8000000,098bc1c1,e817a801,0f85e300,0facc214,f0010000,20040000,a810751b,0d83ff06,45f88b73,1f83ff06,00000006,1af6c101,07c745f0,02000000,8b45f889,45f8660f,8b45108b,058bcb8b,0000d3e0,75108078,8b4dfcc6,81582000,348b5514,108b088b,017599eb,5dc21400,cccccccc
1788306640.5104725,27512,7.006492321624085e-45,8.407790785948902e-45,1.401298464324817e-45,1.401298464324817e-45,1.0,0.0,0.0,0.0,0.0,0.0,0.0,1.0,0.0,0.0,0.0,0.0,0.0,0.0,0.0,0.0,0.0,0.0,0.0,0.0,1.0,0.0,1.0,0.0,0.0,0.0,0.0,0.0,0.0,0.0,0.0,0.0,1.0,0.0,0.0,0.0,0.0,0.0,0.0,0.0,0.0,0.0,0.0,0.0,0.0,0.0,0.0,0.0,0f1f8400,c1018d48,8bc1eb0c,000f1f80,00000000,8b5df48b,c8c1f905,f085148e,008b450c,008bca81,01a90000,088b04b9,f8000000,098bc1c1,e817a801,0f85e300,0facc214,f0010000,20040000,a810751b,0d83ff06,45f88b73,1f83ff06,00000006,1af6c101,07c745f0,02000000,8b45f889,45f8660f,8b45108b,058bcb8b,0000d3e0,75108078,8b4dfcc6,81582000,348b5514,108b088b,017599eb,5dc21400,cccccccc
1788306640.611931,27512,7.006492321624085e-45,8.407790785948902e-45,1.401298464324817e-45,1.401298464324817e-45,1.0,0.0,0.0,0.0,0.0,0.0,0.0,1.0,0.0,0.0,0.0,0.0,0.0,0.0,0.0,0.0,0.0,0.0,0.0,0.0,1.0,0.0,1.0,0.0,0.0,0.0,0.0,0.0,0.0,0.0,0.0,0.0,1.0,0.0,0.0,0.0,0.0,0.0,0.0,0.0,0.0,0.0,0.0,0.0,0.0,0.0,0.0,0.0,0f1f8400,c1018d48,8bc1eb0c,000f1f80,00000000,8b5df48b,c8c1f905,f085148e,008b450c,008bca81,01a90000,088b04b9,f8000000,098bc1c1,e817a801,0f85e300,0facc214,f0010000,20040000,a810751b,0d83ff06,45f88b73,1f83ff06,00000006,1af6c101,07c745f0,02000000,8b45f889,45f8660f,8b45108b,058bcb8b,0000d3e0,75108078,8b4dfcc6,81582000,348b5514,108b088b,017599eb,5dc21400,cccccccc
1788306640.712804,27512,7.006492321624085e-45,8.407790785948902e-45,1.401298464324817e-45,1.401298464324817e-45,1.0,0.0,0.0,0.0,0.0,0.0,0.0,1.0,0.0,0.0,0.0,0.0,0.0,0.0,0.0,0.0,0.0,0.0,0.0,0.0,1.0,0.0,1.0,0.0,0.0,0.0,0.0,0.0,0.0,0.0,0.0,0.0,1.0,0.0,0.0,0.0,0.0,0.0,0.0,0.0,0.0,0.0,0.0,0.0,0.0,0.0,0.0,0.0,0f1f8400,c1018d48,8bc1eb0c,000f1f80,00000000,8b5df48b,c8c1f905,f085148e,008b450c,008bca81,01a90000,088b04b9,f8000000,098bc1c1,e817a801,0f85e300,0facc214,f0010000,20040000,a810751b,0d83ff06,45f88b73,1f83ff06,00000006,1af6c101,07c745f0,02000000,8b45f889,45f8660f,8b45108b,058bcb8b,0000d3e0,75108078,8b4dfcc6,81582000,348b5514,108b088b,017599eb,5dc21400,cccccccc
1788306640.8137186,27512,7.006492321624085e-45,8.407790785948902e-45,1.401298464324817e-45,1.401298464324817e-45,1.0,0.0,0.0,0.0,0.0,0.0,0.0,1.0,0.0,0.0,0.0,0.0,0.0,0.0,0.0,0.0,0.0,0.0,0.0,0.0,1.0,0.0,1.0,0.0,0.0,0.0,0.0,0.0,0.0,0.0,0.0,0.0,1.0,0.0,0.0,0.0,0.0,0.0,0.0,0.0,0.0,0.0,0.0,0.0,0.0,0.0,0.0,0.0,0f1f8400,c1018d48,8bc1eb0c,000f1f80,00000000,8b5df48b,c8c1f905,f085148e,008b450c,008bca81,01a90000,088b04b9,f8000000,098bc1c1,e817a801,0f85e300,0facc214,f0010000,20040000,a810751b,0d83ff06,45f88b73,1f83ff06,00000006,1af6c101,07c745f0,02000000,8b45f889,45f8660f,8b45108b,058bcb8b,0000d3e0,75108078,8b4dfcc6,81582000,348b5514,108b088b,017599eb,5dc21400,cccccccc
1788306640.9144914,27512,7.006492321624085e-45,8.407790785948902e-45,1.401298464324817e-45,1.401298464324817e-45,1.0,0.0,0.0,0.0,0.0,0.0,0.0,1.0,0.0,0.0,0.0,0.0,0.0,0.0,0.0,0.0,0.0,0.0,0.0,0.0,1.0,0.0,1.0,0.0,0.0,0.0,0.0,0.0,0.0,0.0,0.0,0.0,1.0,0.0,0.0,0.0,0.0,0.0,0.0,0.0,0.0,0.0,0.0,0.0,0.0,0.0,0.0,0.0,0f1f8400,c1018d48,8bc1eb0c,000f1f80,00000000,8b5df48b,c8c1f905,f085148e,008b450c,008bca81,01a90000,088b04b9,f8000000,098bc1c1,e817a801,0f85e300,0facc214,f0010000,20040000,a810751b,0d83ff06,45f88b73,1f83ff06,00000006,1af6c101,07c745f0,02000000,8b45f889,45f8660f,8b45108b,058bcb8b,0000d3e0,75108078,8b4dfcc6,81582000,348b5514,108b088b,017599eb,5dc21400,cccccccc
1788306641.036393,27512,7.006492321624085e-45,8.407790785948902e-45,1.401298464324817e-45,1.401298464324817e-45,1.0,0.0,0.0,0.0,0.0,0.0,0.0,1.0,0.0,0.0,0.0,0.0,0.0,0.0,0.0,0.0,0.0,0.0,0.0,0.0,1.0,0.0,1.0,0.0,0.0,0.0,0.0,0.0,0.0,0.0,0.0,0.0,1.0,0.0,0.0,0.0,0.0,0.0,0.0,0.0,0.0,0.0,0.0,0.0,0.0,0.0,0.0,0.0,0f1f8400,c1018d48,8bc1eb0c,000f1f80,00000000,8b5df48b,c8c1f905,f085148e,008b450c,008bca81,01a90000,088b04b9,f8000000,098bc1c1,e817a801,0f85e300,0facc214,f0010000,20040000,a810751b,0d83ff06,45f88b73,1f83ff06,00000006,1af6c101,07c745f0,02000000,8b45f889,45f8660f,8b45108b,058bcb8b,0000d3e0,75108078,8b4dfcc6,81582000,348b5514,108b088b,017599eb,5dc21400,cccccccc
1788306641.1385076,27512,7.006492321624085e-45,8.407790785948902e-45,1.401298464324817e-45,1.401298464324817e-45,1.0,0.0,0.0,0.0,0.0,0.0,0.0,1.0,0.0,0.0,0.0,0.0,0.0,0.0,0.0,0.0,0.0,0.0,0.0,0.0,1.0,0.0,1.0,0.0,0.0,0.0,0.0,0.0,0.0,0.0,0.0,0.0,1.0,0.0,0.0,0.0,0.0,0.0,0.0,0.0,0.0,0.0,0.0,0.0,0.0,0.0,0.0,0.0,0f1f8400,c1018d48,8bc1eb0c,000f1f80,00000000,8b5df48b,c8c1f905,f085148e,008b450c,008bca81,01a90000,088b04b9,f8000000,098bc1c1,e817a801,0f85e300,0facc214,f0010000,20040000,a810751b,0d83ff06,45f88b73,1f83ff06,00000006,1af6c101,07c745f0,02000000,8b45f889,45f8660f,8b45108b,058bcb8b,0000d3e0,75108078,8b4dfcc6,81582000,348b5514,108b088b,017599eb,5dc21400,cccccccc
1788306641.239382,27512,7.006492321624085e-45,8.407790785948902e-45,1.401298464324817e-45,1.401298464324817e-45,1.0,0.0,0.0,0.0,0.0,0.0,0.0,1.0,0.0,0.0,0.0,0.0,0.0,0.0,0.0,0.0,0.0,0.0,0.0,0.0,1.0,0.0,1.0,0.0,0.0,0.0,0.0,0.0,0.0,0.0,0.0,0.0,1.0,0.0,0.0,0.0,0.0,0.0,0.0,0.0,0.0,0.0,0.0,0.0,0.0,0.0,0.0,0.0,0f1f8400,c1018d48,8bc1eb0c,000f1f80,00000000,8b5df48b,c8c1f905,f085148e,008b450c,008bca81,01a90000,088b04b9,f8000000,098bc1c1,e817a801,0f85e300,0facc214,f0010000,20040000,a810751b,0d83ff06,45f88b73,1f83ff06,00000006,1af6c101,07c745f0,02000000,8b45f889,45f8660f,8b45108b,058bcb8b,0000d3e0,75108078,8b4dfcc6,81582000,348b5514,108b088b,017599eb,5dc21400,cccccccc
1788306641.3398674,27512,7.006492321624085e-45,8.407790785948902e-45,1.401298464324817e-45,1.401298464324817e-45,1.0,0.0,0.0,0.0,0.0,0.0,0.0,1.0,0.0,0.0,0.0,0.0,0.0,0.0,0.0,0.0,0.0,0.0,0.0,0.0,1.0,0.0,1.0,0.0,0.0,0.0,0.0,0.0,0.0,0.0,0.0,0.0,1.0,0.0,0.0,0.0,0.0,0.0,0.0,0.0,0.0,0.0,0.0,0.0,0.0,0.0,0.0,0.0,0f1f8400,c1018d48,8bc1eb0c,000f1f80,00000000,8b5df48b,c8c1f905,f085148e,008b450c,008bca81,01a90000,088b04b9,f8000000,098bc1c1,e817a801,0f85e300,0facc214,f0010000,20040000,a810751b,0d83ff06,45f88b73,1f83ff06,00000006,1af6c101,07c745f0,02000000,8b45f889,45f8660f,8b45108b,058bcb8b,0000d3e0,75108078,8b4dfcc6,81582000,348b5514,108b088b,017599eb,5dc21400,cccccccc
1788306641.4415739,27512,7.006492321624085e-45,8.407790785948902e-45,1.401298464324817e-45,1.401298464324817e-45,1.0,0.0,0.0,0.0,0.0,0.0,0.0,1.0,0.0,0.0,0.0,0.0,0.0,0.0,0.0,0.0,0.0,0.0,0.0,0.0,1.0,0.0,1.0,0.0,0.0,0.0,0.0,0.0,0.0,0.0,0.0,0.0,1.0,0.0,0.0,0.0,0.0,0.0,0.0,0.0,0.0,0.0,0.0,0.0,0.0,0.0,0.0,0.0,0f1f8400,c1018d48,8bc1eb0c,000f1f80,00000000,8b5df48b,c8c1f905,f085148e,008b450c,008bca81,01a90000,088b04b9,f8000000,098bc1c1,e817a801,0f85e300,0facc214,f0010000,20040000,a810751b,0d83ff06,45f88b73,1f83ff06,00000006,1af6c101,07c745f0,02000000,8b45f889,45f8660f,8b45108b,058bcb8b,0000d3e0,75108078,8b4dfcc6,81582000,348b5514,108b088b,017599eb,5dc21400,cccccccc
1788306641.5435424,27512,7.006492321624085e-45,8.407790785948902e-45,1.401298464324817e-45,1.401298464324817e-45,1.0,0.0,0.0,0.0,0.0,0.0,0.0,1.0,0.0,0.0,0.0,0.0,0.0,0.0,0.0,0.0,0.0,0.0,0.0,0.0,1.0,0.0,1.0,0.0,0.0,0.0,0.0,0.0,0.0,0.0,0.0,0.0,1.0,0.0,0.0,0.0,0.0,0.0,0.0,0.0,0.0,0.0,0.0,0.0,0.0,0.0,0.0,0.0,0f1f8400,c1018d48,8bc1eb0c,000f1f80,00000000,8b5df48b,c8c1f905,f085148e,008b450c,008bca81,01a90000,088b04b9,f8000000,098bc1c1,e817a801,0f85e300,0facc214,f0010000,20040000,a810751b,0d83ff06,45f88b73,1f83ff06,00000006,1af6c101,07c745f0,02000000,8b45f889,45f8660f,8b45108b,058bcb8b,0000d3e0,75108078,8b4dfcc6,81582000,348b5514,108b088b,017599eb,5dc21400,cccccccc
1788306641.6445322,27512,7.006492321624085e-45,8.407790785948902e-45,1.401298464324817e-45,1.401298464324817e-45,1.0,0.0,0.0,0.0,0.0,0.0,0.0,1.0,0.0,0.0,0.0,0.0,0.0,0.0,0.0,0.0,0.0,0.0,0.0,0.0,1.0,0.0,1.0,0.0,0.0,0.0,0.0,0.0,0.0,0.0,0.0,0.0,1.0,0.0,0.0,0.0,0.0,0.0,0.0,0.0,0.0,0.0,0.0,0.0,0.0,0.0,0.0,0.0,0f1f8400,c1018d48,8bc1eb0c,000f1f80,00000000,8b5df48b,c8c1f905,f085148e,008b450c,008bca81,01a90000,088b04b9,f8000000,098bc1c1,e817a801,0f85e300,0facc214,f0010000,20040000,a810751b,0d83ff06,45f88b73,1f83ff06,00000006,1af6c101,07c745f0,02000000,8b45f889,45f8660f,8b45108b,058bcb8b,0000d3e0,75108078,8b4dfcc6,81582000,348b5514,108b088b,017599eb,5dc21400,cccccccc
1788306641.745156,27512,7.006492321624085e-45,8.407790785948902e-45,1.401298464324817e-45,1.401298464324817e-45,1.0,0.0,0.0,0.0,0.0,0.0,0.0,1.0,0.0,0.0,0.0,0.0,0.0,0.0,0.0,0.0,0.0,0.0,0.0,0.0,1.0,0.0,1.0,0.0,0.0,0.0,0.0,0.0,0.0,0.0,0.0,0.0,1.0,0.0,0.0,0.0,0.0,0.0,0.0,0.0,0.0,0.0,0.0,0.0,0.0,0.0,0.0,0.0,0f1f8400,c1018d48,8bc1eb0c,000f1f80,00000000,8b5df48b,c8c1f905,f085148e,008b450c,008bca81,01a90000,088b04b9,f8000000,098bc1c1,e817a801,0f85e300,0facc214,f0010000,20040000,a810751b,0d83ff06,45f88b73,1f83ff06,00000006,1af6c101,07c745f0,02000000,8b45f889,45f8660f,8b45108b,058bcb8b,0000d3e0,75108078,8b4dfcc6,81582000,348b5514,108b088b,017599eb,5dc21400,cccccccc
1788306641.8455698,27512,7.006492321624085e-45,8.407790785948902e-45,1.401298464324817e-45,1.401298464324817e-45,1.0,0.0,0.0,0.0,0.0,0.0,0.0,1.0,0.0,0.0,0.0,0.0,0.0,0.0,0.0,0.0,0.0,0.0,0.0,0.0,1.0,0.0,1.0,0.0,0.0,0.0,0.0,0.0,0.0,0.0,0.0,0.0,1.0,0.0,0.0,0.0,0.0,0.0,0.0,0.0,0.0,0.0,0.0,0.0,0.0,0.0,0.0,0.0,0f1f8400,c1018d48,8bc1eb0c,000f1f80,00000000,8b5df48b,c8c1f905,f085148e,008b450c,008bca81,01a90000,088b04b9,f8000000,098bc1c1,e817a801,0f85e300,0facc214,f0010000,20040000,a810751b,0d83ff06,45f88b73,1f83ff06,00000006,1af6c101,07c745f0,02000000,8b45f889,45f8660f,8b45108b,058bcb8b,0000d3e0,75108078,8b4dfcc6,81582000,348b5514,108b088b,017599eb,5dc21400,cccccccc
1788306641.9461665,27512,7.006492321624085e-45,8.407790785948902e-45,1.401298464324817e-45,1.401298464324817e-45,1.0,0.0,0.0,0.0,0.0,0.0,0.0,1.0,0.0,0.0,0.0,0.0,0.0,0.0,0.0,0.0,0.0,0.0,0.0,0.0,1.0,0.0,1.0,0.0,0.0,0.0,0.0,0.0,0.0,0.0,0.0,0.0,1.0,0.0,0.0,0.0,0.0,0.0,0.0,0.0,0.0,0.0,0.0,0.0,0.0,0.0,0.0,0.0,0f1f8400,c1018d48,8bc1eb0c,000f1f80,00000000,8b5df48b,c8c1f905,f085148e,008b450c,008bca81,01a90000,088b04b9,f8000000,098bc1c1,e817a801,0f85e300,0facc214,f0010000,20040000,a810751b,0d83ff06,45f88b73,1f83ff06,00000006,1af6c101,07c745f0,02000000,8b45f889,45f8660f,8b45108b,058bcb8b,0000d3e0,75108078,8b4dfcc6,81582000,348b5514,108b088b,017599eb,5dc21400,cccccccc
1788306642.04668,27512,7.006492321624085e-45,8.407790785948902e-45,1.401298464324817e-45,1.401298464324817e-45,1.0,0.0,0.0,0.0,0.0,0.0,0.0,1.0,0.0,0.0,0.0,0.0,0.0,0.0,0.0,0.0,0.0,0.0,0.0,0.0,1.0,0.0,1.0,0.0,0.0,0.0,0.0,0.0,0.0,0.0,0.0,0.0,1.0,0.0,0.0,0.0,0.0,0.0,0.0,0.0,0.0,0.0,0.0,0.0,0.0,0.0,0.0,0.0,0f1f8400,c1018d48,8bc1eb0c,000f1f80,00000000,8b5df48b,c8c1f905,f085148e,008b450c,008bca81,01a90000,088b04b9,f8000000,098bc1c1,e817a801,0f85e300,0facc214,f0010000,20040000,a810751b,0d83ff06,45f88b73,1f83ff06,00000006,1af6c101,07c745f0,02000000,8b45f889,45f8660f,8b45108b,058bcb8b,0000d3e0,75108078,8b4dfcc6,81582000,348b5514,108b088b,017599eb,5dc21400,cccccccc
1788306642.1474154,27512,7.006492321624085e-45,8.407790785948902e-45,1.401298464324817e-45,1.401298464324817e-45,1.0,0.0,0.0,0.0,0.0,0.0,0.0,1.0,0.0,0.0,0.0,0.0,0.0,0.0,0.0,0.0,0.0,0.0,0.0,0.0,1.0,0.0,1.0,0.0,0.0,0.0,0.0,0.0,0.0,0.0,0.0,0.0,1.0,0.0,0.0,0.0,0.0,0.0,0.0,0.0,0.0,0.0,0.0,0.0,0.0,0.0,0.0,0.0,0f1f8400,c1018d48,8bc1eb0c,000f1f80,00000000,8b5df48b,c8c1f905,f085148e,008b450c,008bca81,01a90000,088b04b9,f8000000,098bc1c1,e817a801,0f85e300,0facc214,f0010000,20040000,a810751b,0d83ff06,45f88b73,1f83ff06,00000006,1af6c101,07c745f0,02000000,8b45f889,45f8660f,8b45108b,058bcb8b,0000d3e0,75108078,8b4dfcc6,81582000,348b5514,108b088b,017599eb,5dc21400,cccccccc
1788306642.2485797,27512,7.006492321624085e-45,8.407790785948902e-45,1.401298464324817e-45,1.401298464324817e-45,1.0,0.0,0.0,0.0,0.0,0.0,0.0,1.0,0.0,0.0,0.0,0.0,0.0,0.0,0.0,0.0,0.0,0.0,0.0,0.0,1.0,0.0,1.0,0.0,0.0,0.0,0.0,0.0,0.0,0.0,0.0,0.0,1.0,0.0,0.0,0.0,0.0,0.0,0.0,0.0,0.0,0.0,0.0,0.0,0.0,0.0,0.0,0.0,0f1f8400,c1018d48,8bc1eb0c,000f1f80,00000000,8b5df48b,c8c1f905,f085148e,008b450c,008bca81,01a90000,088b04b9,f8000000,098bc1c1,e817a801,0f85e300,0facc214,f0010000,20040000,a810751b,0d83ff06,45f88b73,1f83ff06,00000006,1af6c101,07c745f0,02000000,8b45f889,45f8660f,8b45108b,058bcb8b,0000d3e0,75108078,8b4dfcc6,81582000,348b5514,108b088b,017599eb,5dc21400,cccccccc
1788306642.3495533,27512,7.006492321624085e-45,8.407790785948902e-45,1.401298464324817e-45,1.401298464324817e-45,1.0,0.0,0.0,0.0,0.0,0.0,0.0,1.0,0.0,0.0,0.0,0.0,0.0,0.0,0.0,0.0,0.0,0.0,0.0,0.0,1.0,0.0,1.0,0.0,0.0,0.0,0.0,0.0,0.0,0.0,0.0,0.0,1.0,0.0,0.0,0.0,0.0,0.0,0.0,0.0,0.0,0.0,0.0,0.0,0.0,0.0,0.0,0.0,0f1f8400,c1018d48,8bc1eb0c,000f1f80,00000000,8b5df48b,c8c1f905,f085148e,008b450c,008bca81,01a90000,088b04b9,f8000000,098bc1c1,e817a801,0f85e300,0facc214,f0010000,20040000,a810751b,0d83ff06,45f88b73,1f83ff06,00000006,1af6c101,07c745f0,02000000,8b45f889,45f8660f,8b45108b,058bcb8b,0000d3e0,75108078,8b4dfcc6,81582000,348b5514,108b088b,017599eb,5dc21400,cccccccc
1788306642.4502919,27512,7.006492321624085e-45,8.407790785948902e-45,1.401298464324817e-45,1.401298464324817e-45,1.0,0.0,0.0,0.0,0.0,0.0,0.0,1.0,0.0,0.0,0.0,0.0,0.0,0.0,0.0,0.0,0.0,0.0,0.0,0.0,1.0,0.0,1.0,0.0,0.0,0.0,0.0,0.0,0.0,0.0,0.0,0.0,1.0,0.0,0.0,0.0,0.0,0.0,0.0,0.0,0.0,0.0,0.0,0.0,0.0,0.0,0.0,0.0,0f1f8400,c1018d48,8bc1eb0c,000f1f80,00000000,8b5df48b,c8c1f905,f085148e,008b450c,008bca81,01a90000,088b04b9,f8000000,098bc1c1,e817a801,0f85e300,0facc214,f0010000,20040000,a810751b,0d83ff06,45f88b73,1f83ff06,00000006,1af6c101,07c745f0,02000000,8b45f889,45f8660f,8b45108b,058bcb8b,0000d3e0,75108078,8b4dfcc6,81582000,348b5514,108b088b,017599eb,5dc21400,cccccccc
1788306642.5508294,27512,7.006492321624085e-45,8.407790785948902e-45,1.401298464324817e-45,1.401298464324817e-45,1.0,0.0,0.0,0.0,0.0,0.0,0.0,1.0,0.0,0.0,0.0,0.0,0.0,0.0,0.0,0.0,0.0,0.0,0.0,0.0,1.0,0.0,1.0,0.0,0.0,0.0,0.0,0.0,0.0,0.0,0.0,0.0,1.0,0.0,0.0,0.0,0.0,0.0,0.0,0.0,0.0,0.0,0.0,0.0,0.0,0.0,0.0,0.0,0f1f8400,c1018d48,8bc1eb0c,000f1f80,00000000,8b5df48b,c8c1f905,f085148e,008b450c,008bca81,01a90000,088b04b9,f8000000,098bc1c1,e817a801,0f85e300,0facc214,f0010000,20040000,a810751b,0d83ff06,45f88b73,1f83ff06,00000006,1af6c101,07c745f0,02000000,8b45f889,45f8660f,8b45108b,058bcb8b,0000d3e0,75108078,8b4dfcc6,81582000,348b5514,108b088b,017599eb,5dc21400,cccccccc
1788306642.651634,27512,7.006492321624085e-45,8.407790785948902e-45,1.401298464324817e-45,1.401298464324817e-45,1.0,0.0,0.0,0.0,0.0,0.0,0.0,1.0,0.0,0.0,0.0,0.0,0.0,0.0,0.0,0.0,0.0,0.0,0.0,0.0,1.0,0.0,1.0,0.0,0.0,0.0,0.0,0.0,0.0,0.0,0.0,0.0,1.0,0.0,0.0,0.0,0.0,0.0,0.0,0.0,0.0,0.0,0.0,0.0,0.0,0.0,0.0,0.0,0f1f8400,c1018d48,8bc1eb0c,000f1f80,00000000,8b5df48b,c8c1f905,f085148e,008b450c,008bca81,01a90000,088b04b9,f8000000,098bc1c1,e817a801,0f85e300,0facc214,f0010000,20040000,a810751b,0d83ff06,45f88b73,1f83ff06,00000006,1af6c101,07c745f0,02000000,8b45f889,45f8660f,8b45108b,058bcb8b,0000d3e0,75108078,8b4dfcc6,81582000,348b5514,108b088b,017599eb,5dc21400,cccccccc
1788306642.7527342,27512,7.006492321624085e-45,8.407790785948902e-45,1.401298464324817e-45,1.401298464324817e-45,1.0,0.0,0.0,0.0,0.0,0.0,0.0,1.0,0.0,0.0,0.0,0.0,0.0,0.0,0.0,0.0,0.0,0.0,0.0,0.0,1.0,0.0,1.0,0.0,0.0,0.0,0.0,0.0,0.0,0.0,0.0,0.0,1.0,0.0,0.0,0.0,0.0,0.0,0.0,0.0,0.0,0.0,0.0,0.0,0.0,0.0,0.0,0.0,0f1f8400,c1018d48,8bc1eb0c,000f1f80,00000000,8b5df48b,c8c1f905,f085148e,008b450c,008bca81,01a90000,088b04b9,f8000000,098bc1c1,e817a801,0f85e300,0facc214,f0010000,20040000,a810751b,0d83ff06,45f88b73,1f83ff06,00000006,1af6c101,07c745f0,02000000,8b45f889,45f8660f,8b45108b,058bcb8b,0000d3e0,75108078,8b4dfcc6,81582000,348b5514,108b088b,017599eb,5dc21400,cccccccc
1788306642.853684,27512,7.006492321624085e-45,8.407790785948902e-45,1.401298464324817e-45,1.401298464324817e-45,1.0,0.0,0.0,0.0,0.0,0.0,0.0,1.0,0.0,0.0,0.0,0.0,0.0,0.0,0.0,0.0,0.0,0.0,0.0,0.0,1.0,0.0,1.0,0.0,0.0,0.0,0.0,0.0,0.0,0.0,0.0,0.0,1.0,0.0,0.0,0.0,0.0,0.0,0.0,0.0,0.0,0.0,0.0,0.0,0.0,0.0,0.0,0.0,0f1f8400,c1018d48,8bc1eb0c,000f1f80,00000000,8b5df48b,c8c1f905,f085148e,008b450c,008bca81,01a90000,088b04b9,f8000000,098bc1c1,e817a801,0f85e300,0facc214,f0010000,20040000,a810751b,0d83ff06,45f88b73,1f83ff06,00000006,1af6c101,07c745f0,02000000,8b45f889,45f8660f,8b45108b,058bcb8b,0000d3e0,75108078,8b4dfcc6,81582000,348b5514,108b088b,017599eb,5dc21400,cccccccc
1788306642.9547124,27512,7.006492321624085e-45,8.407790785948902e-45,1.401298464324817e-45,1.401298464324817e-45,1.0,0.0,0.0,0.0,0.0,0.0,0.0,1.0,0.0,0.0,0.0,0.0,0.0,0.0,0.0,0.0,0.0,0.0,0.0,0.0,1.0,0.0,1.0,0.0,0.0,0.0,0.0,0.0,0.0,0.0,0.0,0.0,1.0,0.0,0.0,0.0,0.0,0.0,0.0,0.0,0.0,0.0,0.0,0.0,0.0,0.0,0.0,0.0,0f1f8400,c1018d48,8bc1eb0c,000f1f80,00000000,8b5df48b,c8c1f905,f085148e,008b450c,008bca81,01a90000,088b04b9,f8000000,098bc1c1,e817a801,0f85e300,0facc214,f0010000,20040000,a810751b,0d83ff06,45f88b73,1f83ff06,00000006,1af6c101,07c745f0,02000000,8b45f889,45f8660f,8b45108b,058bcb8b,0000d3e0,75108078,8b4dfcc6,81582000,348b5514,108b088b,017599eb,5dc21400,cccccccc
1788306643.0553782,27512,7.006492321624085e-45,8.407790785948902e-45,1.401298464324817e-45,1.401298464324817e-45,1.0,0.0,0.0,0.0,0.0,0.0,0.0,1.0,0.0,0.0,0.0,0.0,0.0,0.0,0.0,0.0,0.0,0.0,0.0,0.0,1.0,0.0,1.0,0.0,0.0,0.0,0.0,0.0,0.0,0.0,0.0,0.0,1.0,0.0,0.0,0.0,0.0,0.0,0.0,0.0,0.0,0.0,0.0,0.0,0.0,0.0,0.0,0.0,0f1f8400,c1018d48,8bc1eb0c,000f1f80,00000000,8b5df48b,c8c1f905,f085148e,008b450c,008bca81,01a90000,088b04b9,f8000000,098bc1c1,e817a801,0f85e300,0facc214,f0010000,20040000,a810751b,0d83ff06,45f88b73,1f83ff06,00000006,1af6c101,07c745f0,02000000,8b45f889,45f8660f,8b45108b,058bcb8b,0000d3e0,75108078,8b4dfcc6,81582000,348b5514,108b088b,017599eb,5dc21400,cccccccc
1788306643.156477,27512,7.006492321624085e-45,8.407790785948902e-45,1.401298464324817e-45,1.401298464324817e-45,1.0,0.0,0.0,0.0,0.0,0.0,0.0,1.0,0.0,0.0,0.0,0.0,0.0,0.0,0.0,0.0,0.0,0.0,0.0,0.0,1.0,0.0,1.0,0.0,0.0,0.0,0.0,0.0,0.0,0.0,0.0,0.0,1.0,0.0,0.0,0.0,0.0,0.0,0.0,0.0,0.0,0.0,0.0,0.0,0.0,0.0,0.0,0.0,0f1f8400,c1018d48,8bc1eb0c,000f1f80,00000000,8b5df48b,c8c1f905,f085148e,008b450c,008bca81,01a90000,088b04b9,f8000000,098bc1c1,e817a801,0f85e300,0facc214,f0010000,20040000,a810751b,0d83ff06,45f88b73,1f83ff06,00000006,1af6c101,07c745f0,02000000,8b45f889,45f8660f,8b45108b,058bcb8b,0000d3e0,75108078,8b4dfcc6,81582000,348b5514,108b088b,017599eb,5dc21400,cccccccc
1788306643.25711,27512,7.006492321624085e-45,8.407790785948902e-45,1.401298464324817e-45,1.401298464324817e-45,1.0,0.0,0.0,0.0,0.0,0.0,0.0,1.0,0.0,0.0,0.0,0.0,0.0,0.0,0.0,0.0,0.0,0.0,0.0,0.0,1.0,0.0,1.0,0.0,0.0,0.0,0.0,0.0,0.0,0.0,0.0,0.0,1.0,0.0,0.0,0.0,0.0,0.0,0.0,0.0,0.0,0.0,0.0,0.0,0.0,0.0,0.0,0.0,0f1f8400,c1018d48,8bc1eb0c,000f1f80,00000000,8b5df48b,c8c1f905,f085148e,008b450c,008bca81,01a90000,088b04b9,f8000000,098bc1c1,e817a801,0f85e300,0facc214,f0010000,20040000,a810751b,0d83ff06,45f88b73,1f83ff06,00000006,1af6c101,07c745f0,02000000,8b45f889,45f8660f,8b45108b,058bcb8b,0000d3e0,75108078,8b4dfcc6,81582000,348b5514,108b088b,017599eb,5dc21400,cccccccc
1788306643.3578715,27512,7.006492321624085e-45,8.407790785948902e-45,1.401298464324817e-45,1.401298464324817e-45,1.0,0.0,0.0,0.0,0.0,0.0,0.0,1.0,0.0,0.0,0.0,0.0,0.0,0.0,0.0,0.0,0.0,0.0,0.0,0.0,1.0,0.0,1.0,0.0,0.0,0.0,0.0,0.0,0.0,0.0,0.0,0.0,1.0,0.0,0.0,0.0,0.0,0.0,0.0,0.0,0.0,0.0,0.0,0.0,0.0,0.0,0.0,0.0,0f1f8400,c1018d48,8bc1eb0c,000f1f80,00000000,8b5df48b,c8c1f905,f085148e,008b450c,008bca81,01a90000,088b04b9,f8000000,098bc1c1,e817a801,0f85e300,0facc214,f0010000,20040000,a810751b,0d83ff06,45f88b73,1f83ff06,00000006,1af6c101,07c745f0,02000000,8b45f889,45f8660f,8b45108b,058bcb8b,0000d3e0,75108078,8b4dfcc6,81582000,348b5514,108b088b,017599eb,5dc21400,cccccccc
1788306643.4582639,27512,7.006492321624085e-45,8.407790785948902e-45,1.401298464324817e-45,1.401298464324817e-45,1.0,0.0,0.0,0.0,0.0,0.0,0.0,1.0,0.0,0.0,0.0,0.0,0.0,0.0,0.0,0.0,0.0,0.0,0.0,0.0,1.0,0.0,1.0,0.0,0.0,0.0,0.0,0.0,0.0,0.0,0.0,0.0,1.0,0.0,0.0,0.0,0.0,0.0,0.0,0.0,0.0,0.0,0.0,0.0,0.0,0.0,0.0,0.0,0f1f8400,c1018d48,8bc1eb0c,000f1f80,00000000,8b5df48b,c8c1f905,f085148e,008b450c,008bca81,01a90000,088b04b9,f8000000,098bc1c1,e817a801,0f85e300,0facc214,f0010000,20040000,a810751b,0d83ff06,45f88b73,1f83ff06,00000006,1af6c101,07c745f0,02000000,8b45f889,45f8660f,8b45108b,058bcb8b,0000d3e0,75108078,8b4dfcc6,81582000,348b5514,108b088b,017599eb,5dc21400,cccccccc
1788306643.5597486,27512,7.006492321624085e-45,8.407790785948902e-45,1.401298464324817e-45,1.401298464324817e-45,1.0,0.0,0.0,0.0,0.0,0.0,0.0,1.0,0.0,0.0,0.0,0.0,0.0,0.0,0.0,0.0,0.0,0.0,0.0,0.0,1.0,0.0,1.0,0.0,0.0,0.0,0.0,0.0,0.0,0.0,0.0,0.0,1.0,0.0,0.0,0.0,0.0,0.0,0.0,0.0,0.0,0.0,0.0,0.0,0.0,0.0,0.0,0.0,0f1f8400,c1018d48,8bc1eb0c,000f1f80,00000000,8b5df48b,c8c1f905,f085148e,008b450c,008bca81,01a90000,088b04b9,f8000000,098bc1c1,e817a801,0f85e300,0facc214,f0010000,20040000,a810751b,0d83ff06,45f88b73,1f83ff06,00000006,1af6c101,07c745f0,02000000,8b45f889,45f8660f,8b45108b,058bcb8b,0000d3e0,75108078,8b4dfcc6,81582000,348b5514,108b088b,017599eb,5dc21400,cccccccc
1788306643.6604323,27512,7.006492321624085e-45,8.407790785948902e-45,1.401298464324817e-45,1.401298464324817e-45,1.0,0.0,0.0,0.0,0.0,0.0,0.0,1.0,0.0,0.0,0.0,0.0,0.0,0.0,0.0,0.0,0.0,0.0,0.0,0.0,1.0,0.0,1.0,0.0,0.0,0.0,0.0,0.0,0.0,0.0,0.0,0.0,1.0,0.0,0.0,0.0,0.0,0.0,0.0,0.0,0.0,0.0,0.0,0.0,0.0,0.0,0.0,0.0,0f1f8400,c1018d48,8bc1eb0c,000f1f80,00000000,8b5df48b,c8c1f905,f085148e,008b450c,008bca81,01a90000,088b04b9,f8000000,098bc1c1,e817a801,0f85e300,0facc214,f0010000,20040000,a810751b,0d83ff06,45f88b73,1f83ff06,00000006,1af6c101,07c745f0,02000000,8b45f889,45f8660f,8b45108b,058bcb8b,0000d3e0,75108078,8b4dfcc6,81582000,348b5514,108b088b,017599eb,5dc21400,cccccccc
1788306643.7608435,27512,7.006492321624085e-45,8.407790785948902e-45,1.401298464324817e-45,1.401298464324817e-45,1.0,0.0,0.0,0.0,0.0,0.0,0.0,1.0,0.0,0.0,0.0,0.0,0.0,0.0,0.0,0.0,0.0,0.0,0.0,0.0,1.0,0.0,1.0,0.0,0.0,0.0,0.0,0.0,0.0,0.0,0.0,0.0,1.0,0.0,0.0,0.0,0.0,0.0,0.0,0.0,0.0,0.0,0.0,0.0,0.0,0.0,0.0,0.0,0f1f8400,c1018d48,8bc1eb0c,000f1f80,00000000,8b5df48b,c8c1f905,f085148e,008b450c,008bca81,01a90000,088b04b9,f8000000,098bc1c1,e817a801,0f85e300,0facc214,f0010000,20040000,a810751b,0d83ff06,45f88b73,1f83ff06,00000006,1af6c101,07c745f0,02000000,8b45f889,45f8660f,8b45108b,058bcb8b,0000d3e0,75108078,8b4dfcc6,81582000,348b5514,108b088b,017599eb,5dc21400,cccccccc
1788306643.8613534,27512,7.006492321624085e-45,8.407790785948902e-45,1.401298464324817e-45,1.401298464324817e-45,1.0,0.0,0.0,0.0,0.0,0.0,0.0,1.0,0.0,0.0,0.0,0.0,0.0,0.0,0.0,0.0,0.0,0.0,0.0,0.0,1.0,0.0,1.0,0.0,0.0,0.0,0.0,0.0,0.0,0.0,0.0,0.0,1.0,0.0,0.0,0.0,0.0,0.0,0.0,0.0,0.0,0.0,0.0,0.0,0.0,0.0,0.0,0.0,0f1f8400,c1018d48,8bc1eb0c,000f1f80,00000000,8b5df48b,c8c1f905,f085148e,008b450c,008bca81,01a90000,088b04b9,f8000000,098bc1c1,e817a801,0f85e300,0facc214,f0010000,20040000,a810751b,0d83ff06,45f88b73,1f83ff06,00000006,1af6c101,07c745f0,02000000,8b45f889,45f8660f,8b45108b,058bcb8b,0000d3e0,75108078,8b4dfcc6,81582000,348b5514,108b088b,017599eb,5dc21400,cccccccc
1788306643.9621933,27512,7.006492321624085e-45,8.407790785948902e-45,1.401298464324817e-45,1.401298464324817e-45,1.0,0.0,0.0,0.0,0.0,0.0,0.0,1.0,0.0,0.0,0.0,0.0,0.0,0.0,0.0,0.0,0.0,0.0,0.0,0.0,1.0,0.0,1.0,0.0,0.0,0.0,0.0,0.0,0.0,0.0,0.0,0.0,1.0,0.0,0.0,0.0,0.0,0.0,0.0,0.0,0.0,0.0,0.0,0.0,0.0,0.0,0.0,0.0,0f1f8400,c1018d48,8bc1eb0c,000f1f80,00000000,8b5df48b,c8c1f905,f085148e,008b450c,008bca81,01a90000,088b04b9,f8000000,098bc1c1,e817a801,0f85e300,0facc214,f0010000,20040000,a810751b,0d83ff06,45f88b73,1f83ff06,00000006,1af6c101,07c745f0,02000000,8b45f889,45f8660f,8b45108b,058bcb8b,0000d3e0,75108078,8b4dfcc6,81582000,348b5514,108b088b,017599eb,5dc21400,cccccccc
1788306644.062821,27512,7.006492321624085e-45,8.407790785948902e-45,1.401298464324817e-45,1.401298464324817e-45,1.0,0.0,0.0,0.0,0.0,0.0,0.0,1.0,0.0,0.0,0.0,0.0,0.0,0.0,0.0,0.0,0.0,0.0,0.0,0.0,1.0,0.0,1.0,0.0,0.0,0.0,0.0,0.0,0.0,0.0,0.0,0.0,1.0,0.0,0.0,0.0,0.0,0.0,0.0,0.0,0.0,0.0,0.0,0.0,0.0,0.0,0.0,0.0,0f1f8400,c1018d48,8bc1eb0c,000f1f80,00000000,8b5df48b,c8c1f905,f085148e,008b450c,008bca81,01a90000,088b04b9,f8000000,098bc1c1,e817a801,0f85e300,0facc214,f0010000,20040000,a810751b,0d83ff06,45f88b73,1f83ff06,00000006,1af6c101,07c745f0,02000000,8b45f889,45f8660f,8b45108b,058bcb8b,0000d3e0,75108078,8b4dfcc6,81582000,348b5514,108b088b,017599eb,5dc21400,cccccccc
1788306644.1634045,27512,7.006492321624085e-45,8.407790785948902e-45,1.401298464324817e-45,1.401298464324817e-45,1.0,0.0,0.0,0.0,0.0,0.0,0.0,1.0,0.0,0.0,0.0,0.0,0.0,0.0,0.0,0.0,0.0,0.0,0.0,0.0,1.0,0.0,1.0,0.0,0.0,0.0,0.0,0.0,0.0,0.0,0.0,0.0,1.0,0.0,0.0,0.0,0.0,0.0,0.0,0.0,0.0,0.0,0.0,0.0,0.0,0.0,0.0,0.0,0f1f8400,c1018d48,8bc1eb0c,000f1f80,00000000,8b5df48b,c8c1f905,f085148e,008b450c,008bca81,01a90000,088b04b9,f8000000,098bc1c1,e817a801,0f85e300,0facc214,f0010000,20040000,a810751b,0d83ff06,45f88b73,1f83ff06,00000006,1af6c101,07c745f0,02000000,8b45f889,45f8660f,8b45108b,058bcb8b,0000d3e0,75108078,8b4dfcc6,81582000,348b5514,108b088b,017599eb,5dc21400,cccccccc
1788306644.2637644,27512,7.006492321624085e-45,8.407790785948902e-45,1.401298464324817e-45,1.401298464324817e-45,1.0,0.0,0.0,0.0,0.0,0.0,0.0,1.0,0.0,0.0,0.0,0.0,0.0,0.0,0.0,0.0,0.0,0.0,0.0,0.0,1.0,0.0,1.0,0.0,0.0,0.0,0.0,0.0,0.0,0.0,0.0,0.0,1.0,0.0,0.0,0.0,0.0,0.0,0.0,0.0,0.0,0.0,0.0,0.0,0.0,0.0,0.0,0.0,0f1f8400,c1018d48,8bc1eb0c,000f1f80,00000000,8b5df48b,c8c1f905,f085148e,008b450c,008bca81,01a90000,088b04b9,f8000000,098bc1c1,e817a801,0f85e300,0facc214,f0010000,20040000,a810751b,0d83ff06,45f88b73,1f83ff06,00000006,1af6c101,07c745f0,02000000,8b45f889,45f8660f,8b45108b,058bcb8b,0000d3e0,75108078,8b4dfcc6,81582000,348b5514,108b088b,017599eb,5dc21400,cccccccc
1788306644.36429,27512,7.006492321624085e-45,8.407790785948902e-45,1.401298464324817e-45,1.401298464324817e-45,1.0,0.0,0.0,0.0,0.0,0.0,0.0,1.0,0.0,0.0,0.0,0.0,0.0,0.0,0.0,0.0,0.0,0.0,0.0,0.0,1.0,0.0,1.0,0.0,0.0,0.0,0.0,0.0,0.0,0.0,0.0,0.0,1.0,0.0,0.0,0.0,0.0,0.0,0.0,0.0,0.0,0.0,0.0,0.0,0.0,0.0,0.0,0.0,0f1f8400,c1018d48,8bc1eb0c,000f1f80,00000000,8b5df48b,c8c1f905,f085148e,008b450c,008bca81,01a90000,088b04b9,f8000000,098bc1c1,e817a801,0f85e300,0facc214,f0010000,20040000,a810751b,0d83ff06,45f88b73,1f83ff06,00000006,1af6c101,07c745f0,02000000,8b45f889,45f8660f,8b45108b,058bcb8b,0000d3e0,75108078,8b4dfcc6,81582000,348b5514,108b088b,017599eb,5dc21400,cccccccc
1788306644.476664,27512,7.006492321624085e-45,8.407790785948902e-45,1.401298464324817e-45,1.401298464324817e-45,1.0,0.0,0.0,0.0,0.0,0.0,0.0,1.0,0.0,0.0,0.0,0.0,0.0,0.0,0.0,0.0,0.0,0.0,0.0,0.0,1.0,0.0,1.0,0.0,0.0,0.0,0.0,0.0,0.0,0.0,0.0,0.0,1.0,0.0,0.0,0.0,0.0,0.0,0.0,0.0,0.0,0.0,0.0,0.0,0.0,0.0,0.0,0.0,0f1f8400,c1018d48,8bc1eb0c,000f1f80,00000000,8b5df48b,c8c1f905,f085148e,008b450c,008bca81,01a90000,088b04b9,f8000000,098bc1c1,e817a801,0f85e300,0facc214,f0010000,20040000,a810751b,0d83ff06,45f88b73,1f83ff06,00000006,1af6c101,07c745f0,02000000,8b45f889,45f8660f,8b45108b,058bcb8b,0000d3e0,75108078,8b4dfcc6,81582000,348b5514,108b088b,017599eb,5dc21400,cccccccc
1788306644.5777247,27512,7.006492321624085e-45,8.407790785948902e-45,1.401298464324817e-45,1.401298464324817e-45,1.0,0.0,0.0,0.0,0.0,0.0,0.0,1.0,0.0,0.0,0.0,0.0,0.0,0.0,0.0,0.0,0.0,0.0,0.0,0.0,1.0,0.0,1.0,0.0,0.0,0.0,0.0,0.0,0.0,0.0,0.0,0.0,1.0,0.0,0.0,0.0,0.0,0.0,0.0,0.0,0.0,0.0,0.0,0.0,0.0,0.0,0.0,0.0,0f1f8400,c1018d48,8bc1eb0c,000f1f80,00000000,8b5df48b,c8c1f905,f085148e,008b450c,008bca81,01a90000,088b04b9,f8000000,098bc1c1,e817a801,0f85e300,0facc214,f0010000,20040000,a810751b,0d83ff06,45f88b73,1f83ff06,00000006,1af6c101,07c745f0,02000000,8b45f889,45f8660f,8b45108b,058bcb8b,0000d3e0,75108078,8b4dfcc6,81582000,348b5514,108b088b,017599eb,5dc21400,cccccccc
1788306644.6786122,27512,7.006492321624085e-45,8.407790785948902e-45,1.401298464324817e-45,1.401298464324817e-45,1.0,0.0,0.0,0.0,0.0,0.0,0.0,1.0,0.0,0.0,0.0,0.0,0.0,0.0,0.0,0.0,0.0,0.0,0.0,0.0,1.0,0.0,1.0,0.0,0.0,0.0,0.0,0.0,0.0,0.0,0.0,0.0,1.0,0.0,0.0,0.0,0.0,0.0,0.0,0.0,0.0,0.0,0.0,0.0,0.0,0.0,0.0,0.0,0f1f8400,c1018d48,8bc1eb0c,000f1f80,00000000,8b5df48b,c8c1f905,f085148e,008b450c,008bca81,01a90000,088b04b9,f8000000,098bc1c1,e817a801,0f85e300,0facc214,f0010000,20040000,a810751b,0d83ff06,45f88b73,1f83ff06,00000006,1af6c101,07c745f0,02000000,8b45f889,45f8660f,8b45108b,058bcb8b,0000d3e0,75108078,8b4dfcc6,81582000,348b5514,108b088b,017599eb,5dc21400,cccccccc
1788306644.779927,27512,7.006492321624085e-45,8.407790785948902e-45,1.401298464324817e-45,1.401298464324817e-45,1.0,0.0,0.0,0.0,0.0,0.0,0.0,1.0,0.0,0.0,0.0,0.0,0.0,0.0,0.0,0.0,0.0,0.0,0.0,0.0,1.0,0.0,1.0,0.0,0.0,0.0,0.0,0.0,0.0,0.0,0.0,0.0,1.0,0.0,0.0,0.0,0.0,0.0,0.0,0.0,0.0,0.0,0.0,0.0,0.0,0.0,0.0,0.0,0f1f8400,c1018d48,8bc1eb0c,000f1f80,00000000,8b5df48b,c8c1f905,f085148e,008b450c,008bca81,01a90000,088b04b9,f8000000,098bc1c1,e817a801,0f85e300,0facc214,f0010000,20040000,a810751b,0d83ff06,45f88b73,1f83ff06,00000006,1af6c101,07c745f0,02000000,8b45f889,45f8660f,8b45108b,058bcb8b,0000d3e0,75108078,8b4dfcc6,81582000,348b5514,108b088b,017599eb,5dc21400,cccccccc
1788306644.8802652,27512,7.006492321624085e-45,8.407790785948902e-45,1.401298464324817e-45,1.401298464324817e-45,1.0,0.0,0.0,0.0,0.0,0.0,0.0,1.0,0.0,0.0,0.0,0.0,0.0,0.0,0.0,0.0,0.0,0.0,0.0,0.0,1.0,0.0,1.0,0.0,0.0,0.0,0.0,0.0,0.0,0.0,0.0,0.0,1.0,0.0,0.0,0.0,0.0,0.0,0.0,0.0,0.0,0.0,0.0,0.0,0.0,0.0,0.0,0.0,0f1f8400,c1018d48,8bc1eb0c,000f1f80,00000000,8b5df48b,c8c1f905,f085148e,008b450c,008bca81,01a90000,088b04b9,f8000000,098bc1c1,e817a801,0f85e300,0facc214,f0010000,20040000,a810751b,0d83ff06,45f88b73,1f83ff06,00000006,1af6c101,07c745f0,02000000,8b45f889,45f8660f,8b45108b,058bcb8b,0000d3e0,75108078,8b4dfcc6,81582000,348b5514,108b088b,017599eb,5dc21400,cccccccc
1788306644.9807885,27512,7.006492321624085e-45,8.407790785948902e-45,1.401298464324817e-45,1.401298464324817e-45,1.0,0.0,0.0,0.0,0.0,0.0,0.0,1.0,0.0,0.0,0.0,0.0,0.0,0.0,0.0,0.0,0.0,0.0,0.0,0.0,1.0,0.0,1.0,0.0,0.0,0.0,0.0,0.0,0.0,0.0,0.0,0.0,1.0,0.0,0.0,0.0,0.0,0.0,0.0,0.0,0.0,0.0,0.0,0.0,0.0,0.0,0.0,0.0,0f1f8400,c1018d48,8bc1eb0c,000f1f80,00000000,8b5df48b,c8c1f905,f085148e,008b450c,008bca81,01a90000,088b04b9,f8000000,098bc1c1,e817a801,0f85e300,0facc214,f0010000,20040000,a810751b,0d83ff06,45f88b73,1f83ff06,00000006,1af6c101,07c745f0,02000000,8b45f889,45f8660f,8b45108b,058bcb8b,0000d3e0,75108078,8b4dfcc6,81582000,348b5514,108b088b,017599eb,5dc21400,cccccccc
1788306645.08117,27512,7.006492321624085e-45,8.407790785948902e-45,1.401298464324817e-45,1.401298464324817e-45,1.0,0.0,0.0,0.0,0.0,0.0,0.0,1.0,0.0,0.0,0.0,0.0,0.0,0.0,0.0,0.0,0.0,0.0,0.0,0.0,1.0,0.0,1.0,0.0,0.0,0.0,0.0,0.0,0.0,0.0,0.0,0.0,1.0,0.0,0.0,0.0,0.0,0.0,0.0,0.0,0.0,0.0,0.0,0.0,0.0,0.0,0.0,0.0,0f1f8400,c1018d48,8bc1eb0c,000f1f80,00000000,8b5df48b,c8c1f905,f085148e,008b450c,008bca81,01a90000,088b04b9,f8000000,098bc1c1,e817a801,0f85e300,0facc214,f0010000,20040000,a810751b,0d83ff06,45f88b73,1f83ff06,00000006,1af6c101,07c745f0,02000000,8b45f889,45f8660f,8b45108b,058bcb8b,0000d3e0,75108078,8b4dfcc6,81582000,348b5514,108b088b,017599eb,5dc21400,cccccccc
1788306645.182253,27512,7.006492321624085e-45,8.407790785948902e-45,1.401298464324817e-45,1.401298464324817e-45,1.0,0.0,0.0,0.0,0.0,0.0,0.0,1.0,0.0,0.0,0.0,0.0,0.0,0.0,0.0,0.0,0.0,0.0,0.0,0.0,1.0,0.0,1.0,0.0,0.0,0.0,0.0,0.0,0.0,0.0,0.0,0.0,1.0,0.0,0.0,0.0,0.0,0.0,0.0,0.0,0.0,0.0,0.0,0.0,0.0,0.0,0.0,0.0,0f1f8400,c1018d48,8bc1eb0c,000f1f80,00000000,8b5df48b,c8c1f905,f085148e,008b450c,008bca81,01a90000,088b04b9,f8000000,098bc1c1,e817a801,0f85e300,0facc214,f0010000,20040000,a810751b,0d83ff06,45f88b73,1f83ff06,00000006,1af6c101,07c745f0,02000000,8b45f889,45f8660f,8b45108b,058bcb8b,0000d3e0,75108078,8b4dfcc6,81582000,348b5514,108b088b,017599eb,5dc21400,cccccccc
1788306645.2838812,27512,7.006492321624085e-45,8.407790785948902e-45,1.401298464324817e-45,1.401298464324817e-45,1.0,0.0,0.0,0.0,0.0,0.0,0.0,1.0,0.0,0.0,0.0,0.0,0.0,0.0,0.0,0.0,0.0,0.0,0.0,0.0,1.0,0.0,1.0,0.0,0.0,0.0,0.0,0.0,0.0,0.0,0.0,0.0,1.0,0.0,0.0,0.0,0.0,0.0,0.0,0.0,0.0,0.0,0.0,0.0,0.0,0.0,0.0,0.0,0f1f8400,c1018d48,8bc1eb0c,000f1f80,00000000,8b5df48b,c8c1f905,f085148e,008b450c,008bca81,01a90000,088b04b9,f8000000,098bc1c1,e817a801,0f85e300,0facc214,f0010000,20040000,a810751b,0d83ff06,45f88b73,1f83ff06,00000006,1af6c101,07c745f0,02000000,8b45f889,45f8660f,8b45108b,058bcb8b,0000d3e0,75108078,8b4dfcc6,81582000,348b5514,108b088b,017599eb,5dc21400,cccccccc
1788306645.3849998,27512,7.006492321624085e-45,8.407790785948902e-45,1.401298464324817e-45,1.401298464324817e-45,1.0,0.0,0.0,0.0,0.0,0.0,0.0,1.0,0.0,0.0,0.0,0.0,0.0,0.0,0.0,0.0,0.0,0.0,0.0,0.0,1.0,0.0,1.0,0.0,0.0,0.0,0.0,0.0,0.0,0.0,0.0,0.0,1.0,0.0,0.0,0.0,0.0,0.0,0.0,0.0,0.0,0.0,0.0,0.0,0.0,0.0,0.0,0.0,0f1f8400,c1018d48,8bc1eb0c,000f1f80,00000000,8b5df48b,c8c1f905,f085148e,008b450c,008bca81,01a90000,088b04b9,f8000000,098bc1c1,e817a801,0f85e300,0facc214,f0010000,20040000,a810751b,0d83ff06,45f88b73,1f83ff06,00000006,1af6c101,07c745f0,02000000,8b45f889,45f8660f,8b45108b,058bcb8b,0000d3e0,75108078,8b4dfcc6,81582000,348b5514,108b088b,017599eb,5dc21400,cccccccc
1788306645.4859216,27512,7.006492321624085e-45,8.407790785948902e-45,1.401298464324817e-45,1.401298464324817e-45,1.0,0.0,0.0,0.0,0.0,0.0,0.0,1.0,0.0,0.0,0.0,0.0,0.0,0.0,0.0,0.0,0.0,0.0,0.0,0.0,1.0,0.0,1.0,0.0,0.0,0.0,0.0,0.0,0.0,0.0,0.0,0.0,1.0,0.0,0.0,0.0,0.0,0.0,0.0,0.0,0.0,0.0,0.0,0.0,0.0,0.0,0.0,0.0,0f1f8400,c1018d48,8bc1eb0c,000f1f80,00000000,8b5df48b,c8c1f905,f085148e,008b450c,008bca81,01a90000,088b04b9,f8000000,098bc1c1,e817a801,0f85e300,0facc214,f0010000,20040000,a810751b,0d83ff06,45f88b73,1f83ff06,00000006,1af6c101,07c745f0,02000000,8b45f889,45f8660f,8b45108b,058bcb8b,0000d3e0,75108078,8b4dfcc6,81582000,348b5514,108b088b,017599eb,5dc21400,cccccccc
1788306645.5864878,27512,7.006492321624085e-45,8.407790785948902e-45,1.401298464324817e-45,1.401298464324817e-45,1.0,0.0,0.0,0.0,0.0,0.0,0.0,1.0,0.0,0.0,0.0,0.0,0.0,0.0,0.0,0.0,0.0,0.0,0.0,0.0,1.0,0.0,1.0,0.0,0.0,0.0,0.0,0.0,0.0,0.0,0.0,0.0,1.0,0.0,0.0,0.0,0.0,0.0,0.0,0.0,0.0,0.0,0.0,0.0,0.0,0.0,0.0,0.0,0f1f8400,c1018d48,8bc1eb0c,000f1f80,00000000,8b5df48b,c8c1f905,f085148e,008b450c,008bca81,01a90000,088b04b9,f8000000,098bc1c1,e817a801,0f85e300,0facc214,f0010000,20040000,a810751b,0d83ff06,45f88b73,1f83ff06,00000006,1af6c101,07c745f0,02000000,8b45f889,45f8660f,8b45108b,058bcb8b,0000d3e0,75108078,8b4dfcc6,81582000,348b5514,108b088b,017599eb,5dc21400,cccccccc
1788306645.6873198,27512,7.006492321624085e-45,8.407790785948902e-45,1.401298464324817e-45,1.401298464324817e-45,1.0,0.0,0.0,0.0,0.0,0.0,0.0,1.0,0.0,0.0,0.0,0.0,0.0,0.0,0.0,0.0,0.0,0.0,0.0,0.0,1.0,0.0,1.0,0.0,0.0,0.0,0.0,0.0,0.0,0.0,0.0,0.0,1.0,0.0,0.0,0.0,0.0,0.0,0.0,0.0,0.0,0.0,0.0,0.0,0.0,0.0,0.0,0.0,0f1f8400,c1018d48,8bc1eb0c,000f1f80,00000000,8b5df48b,c8c1f905,f085148e,008b450c,008bca81,01a90000,088b04b9,f8000000,098bc1c1,e817a801,0f85e300,0facc214,f0010000,20040000,a810751b,0d83ff06,45f88b73,1f83ff06,00000006,1af6c101,07c745f0,02000000,8b45f889,45f8660f,8b45108b,058bcb8b,0000d3e0,75108078,8b4dfcc6,81582000,348b5514,108b088b,017599eb,5dc21400,cccccccc
1788306645.787866,27512,7.006492321624085e-45,8.407790785948902e-45,1.401298464324817e-45,1.401298464324817e-45,1.0,0.0,0.0,0.0,0.0,0.0,0.0,1.0,0.0,0.0,0.0,0.0,0.0,0.0,0.0,0.0,0.0,0.0,0.0,0.0,1.0,0.0,1.0,0.0,0.0,0.0,0.0,0.0,0.0,0.0,0.0,0.0,1.0,0.0,0.0,0.0,0.0,0.0,0.0,0.0,0.0,0.0,0.0,0.0,0.0,0.0,0.0,0.0,0f1f8400,c1018d48,8bc1eb0c,000f1f80,00000000,8b5df48b,c8c1f905,f085148e,008b450c,008bca81,01a90000,088b04b9,f8000000,098bc1c1,e817a801,0f85e300,0facc214,f0010000,20040000,a810751b,0d83ff06,45f88b73,1f83ff06,00000006,1af6c101,07c745f0,02000000,8b45f889,45f8660f,8b45108b,058bcb8b,0000d3e0,75108078,8b4dfcc6,81582000,348b5514,108b088b,017599eb,5dc21400,cccccccc
1788306645.888523,27512,7.006492321624085e-45,8.407790785948902e-45,1.401298464324817e-45,1.401298464324817e-45,1.0,0.0,0.0,0.0,0.0,0.0,0.0,1.0,0.0,0.0,0.0,0.0,0.0,0.0,0.0,0.0,0.0,0.0,0.0,0.0,1.0,0.0,1.0,0.0,0.0,0.0,0.0,0.0,0.0,0.0,0.0,0.0,1.0,0.0,0.0,0.0,0.0,0.0,0.0,0.0,0.0,0.0,0.0,0.0,0.0,0.0,0.0,0.0,0f1f8400,c1018d48,8bc1eb0c,000f1f80,00000000,8b5df48b,c8c1f905,f085148e,008b450c,008bca81,01a90000,088b04b9,f8000000,098bc1c1,e817a801,0f85e300,0facc214,f0010000,20040000,a810751b,0d83ff06,45f88b73,1f83ff06,00000006,1af6c101,07c745f0,02000000,8b45f889,45f8660f,8b45108b,058bcb8b,0000d3e0,75108078,8b4dfcc6,81582000,348b5514,108b088b,017599eb,5dc21400,cccccccc
1788306645.9895208,27512,7.006492321624085e-45,8.407790785948902e-45,1.401298464324817e-45,1.401298464324817e-45,1.0,0.0,0.0,0.0,0.0,0.0,0.0,1.0,0.0,0.0,0.0,0.0,0.0,0.0,0.0,0.0,0.0,0.0,0.0,0.0,1.0,0.0,1.0,0.0,0.0,0.0,0.0,0.0,0.0,0.0,0.0,0.0,1.0,0.0,0.0,0.0,0.0,0.0,0.0,0.0,0.0,0.0,0.0,0.0,0.0,0.0,0.0,0.0,0f1f8400,c1018d48,8bc1eb0c,000f1f80,00000000,8b5df48b,c8c1f905,f085148e,008b450c,008bca81,01a90000,088b04b9,f8000000,098bc1c1,e817a801,0f85e300,0facc214,f0010000,20040000,a810751b,0d83ff06,45f88b73,1f83ff06,00000006,1af6c101,07c745f0,02000000,8b45f889,45f8660f,8b45108b,058bcb8b,0000d3e0,75108078,8b4dfcc6,81582000,348b5514,108b088b,017599eb,5dc21400,cccccccc
1788306646.0904524,27512,7.006492321624085e-45,8.407790785948902e-45,1.401298464324817e-45,1.401298464324817e-45,1.0,0.0,0.0,0.0,0.0,0.0,0.0,1.0,0.0,0.0,0.0,0.0,0.0,0.0,0.0,0.0,0.0,0.0,0.0,0.0,1.0,0.0,1.0,0.0,0.0,0.0,0.0,0.0,0.0,0.0,0.0,0.0,1.0,0.0,0.0,0.0,0.0,0.0,0.0,0.0,0.0,0.0,0.0,0.0,0.0,0.0,0.0,0.0,0f1f8400,c1018d48,8bc1eb0c,000f1f80,00000000,8b5df48b,c8c1f905,f085148e,008b450c,008bca81,01a90000,088b04b9,f8000000,098bc1c1,e817a801,0f85e300,0facc214,f0010000,20040000,a810751b,0d83ff06,45f88b73,1f83ff06,00000006,1af6c101,07c745f0,02000000,8b45f889,45f8660f,8b45108b,058bcb8b,0000d3e0,75108078,8b4dfcc6,81582000,348b5514,108b088b,017599eb,5dc21400,cccccccc
1788306646.190974,27512,7.006492321624085e-45,8.407790785948902e-45,1.401298464324817e-45,1.401298464324817e-45,1.0,0.0,0.0,0.0,0.0,0.0,0.0,1.0,0.0,0.0,0.0,0.0,0.0,0.0,0.0,0.0,0.0,0.0,0.0,0.0,1.0,0.0,1.0,0.0,0.0,0.0,0.0,0.0,0.0,0.0,0.0,0.0,1.0,0.0,0.0,0.0,0.0,0.0,0.0,0.0,0.0,0.0,0.0,0.0,0.0,0.0,0.0,0.0,0f1f8400,c1018d48,8bc1eb0c,000f1f80,00000000,8b5df48b,c8c1f905,f085148e,008b450c,008bca81,01a90000,088b04b9,f8000000,098bc1c1,e817a801,0f85e300,0facc214,f0010000,20040000,a810751b,0d83ff06,45f88b73,1f83ff06,00000006,1af6c101,07c745f0,02000000,8b45f889,45f8660f,8b45108b,058bcb8b,0000d3e0,75108078,8b4dfcc6,81582000,348b5514,108b088b,017599eb,5dc21400,cccccccc
1788306646.292947,27512,7.006492321624085e-45,8.407790785948902e-45,1.401298464324817e-45,1.401298464324817e-45,1.0,0.0,0.0,0.0,0.0,0.0,0.0,1.0,0.0,0.0,0.0,0.0,0.0,0.0,0.0,0.0,0.0,0.0,0.0,0.0,1.0,0.0,1.0,0.0,0.0,0.0,0.0,0.0,0.0,0.0,0.0,0.0,1.0,0.0,0.0,0.0,0.0,0.0,0.0,0.0,0.0,0.0,0.0,0.0,0.0,0.0,0.0,0.0,0f1f8400,c1018d48,8bc1eb0c,000f1f80,00000000,8b5df48b,c8c1f905,f085148e,008b450c,008bca81,01a90000,088b04b9,f8000000,098bc1c1,e817a801,0f85e300,0facc214,f0010000,20040000,a810751b,0d83ff06,45f88b73,1f83ff06,00000006,1af6c101,07c745f0,02000000,8b45f889,45f8660f,8b45108b,058bcb8b,0000d3e0,75108078,8b4dfcc6,81582000,348b5514,108b088b,017599eb,5dc21400,cccccccc
1788306646.415221,27512,7.006492321624085e-45,8.407790785948902e-45,1.401298464324817e-45,1.401298464324817e-45,1.0,0.0,0.0,0.0,0.0,0.0,0.0,1.0,0.0,0.0,0.0,0.0,0.0,0.0,0.0,0.0,0.0,0.0,0.0,0.0,1.0,0.0,1.0,0.0,0.0,0.0,0.0,0.0,0.0,0.0,0.0,0.0,1.0,0.0,0.0,0.0,0.0,0.0,0.0,0.0,0.0,0.0,0.0,0.0,0.0,0.0,0.0,0.0,0f1f8400,c1018d48,8bc1eb0c,000f1f80,00000000,8b5df48b,c8c1f905,f085148e,008b450c,008bca81,01a90000,088b04b9,f8000000,098bc1c1,e817a801,0f85e300,0facc214,f0010000,20040000,a810751b,0d83ff06,45f88b73,1f83ff06,00000006,1af6c101,07c745f0,02000000,8b45f889,45f8660f,8b45108b,058bcb8b,0000d3e0,75108078,8b4dfcc6,81582000,348b5514,108b088b,017599eb,5dc21400,cccccccc
1788306646.516953,27512,7.006492321624085e-45,8.407790785948902e-45,1.401298464324817e-45,1.401298464324817e-45,1.0,0.0,0.0,0.0,0.0,0.0,0.0,1.0,0.0,0.0,0.0,0.0,0.0,0.0,0.0,0.0,0.0,0.0,0.0,0.0,1.0,0.0,1.0,0.0,0.0,0.0,0.0,0.0,0.0,0.0,0.0,0.0,1.0,0.0,0.0,0.0,0.0,0.0,0.0,0.0,0.0,0.0,0.0,0.0,0.0,0.0,0.0,0.0,0f1f8400,c1018d48,8bc1eb0c,000f1f80,00000000,8b5df48b,c8c1f905,f085148e,008b450c,008bca81,01a90000,088b04b9,f8000000,098bc1c1,e817a801,0f85e300,0facc214,f0010000,20040000,a810751b,0d83ff06,45f88b73,1f83ff06,00000006,1af6c101,07c745f0,02000000,8b45f889,45f8660f,8b45108b,058bcb8b,0000d3e0,75108078,8b4dfcc6,81582000,348b5514,108b088b,017599eb,5dc21400,cccccccc
1788306646.6244998,27512,7.006492321624085e-45,8.407790785948902e-45,1.401298464324817e-45,1.401298464324817e-45,1.0,0.0,0.0,0.0,0.0,0.0,0.0,1.0,0.0,0.0,0.0,0.0,0.0,0.0,0.0,0.0,0.0,0.0,0.0,0.0,1.0,0.0,1.0,0.0,0.0,0.0,0.0,0.0,0.0,0.0,0.0,0.0,1.0,0.0,0.0,0.0,0.0,0.0,0.0,0.0,0.0,0.0,0.0,0.0,0.0,0.0,0.0,0.0,0f1f8400,c1018d48,8bc1eb0c,000f1f80,00000000,8b5df48b,c8c1f905,f085148e,008b450c,008bca81,01a90000,088b04b9,f8000000,098bc1c1,e817a801,0f85e300,0facc214,f0010000,20040000,a810751b,0d83ff06,45f88b73,1f83ff06,00000006,1af6c101,07c745f0,02000000,8b45f889,45f8660f,8b45108b,058bcb8b,0000d3e0,75108078,8b4dfcc6,81582000,348b5514,108b088b,017599eb,5dc21400,cccccccc
1788306646.7255962,27512,7.006492321624085e-45,8.407790785948902e-45,1.401298464324817e-45,1.401298464324817e-45,1.0,0.0,0.0,0.0,0.0,0.0,0.0,1.0,0.0,0.0,0.0,0.0,0.0,0.0,0.0,0.0,0.0,0.0,0.0,0.0,1.0,0.0,1.0,0.0,0.0,0.0,0.0,0.0,0.0,0.0,0.0,0.0,1.0,0.0,0.0,0.0,0.0,0.0,0.0,0.0,0.0,0.0,0.0,0.0,0.0,0.0,0.0,0.0,0f1f8400,c1018d48,8bc1eb0c,000f1f80,00000000,8b5df48b,c8c1f905,f085148e,008b450c,008bca81,01a90000,088b04b9,f8000000,098bc1c1,e817a801,0f85e300,0facc214,f0010000,20040000,a810751b,0d83ff06,45f88b73,1f83ff06,00000006,1af6c101,07c745f0,02000000,8b45f889,45f8660f,8b45108b,058bcb8b,0000d3e0,75108078,8b4dfcc6,81582000,348b5514,108b088b,017599eb,5dc21400,cccccccc
1788306646.8269603,27512,7.006492321624085e-45,8.407790785948902e-45,1.401298464324817e-45,1.401298464324817e-45,1.0,0.0,0.0,0.0,0.0,0.0,0.0,1.0,0.0,0.0,0.0,0.0,0.0,0.0,0.0,0.0,0.0,0.0,0.0,0.0,1.0,0.0,1.0,0.0,0.0,0.0,0.0,0.0,0.0,0.0,0.0,0.0,1.0,0.0,0.0,0.0,0.0,0.0,0.0,0.0,0.0,0.0,0.0,0.0,0.0,0.0,0.0,0.0,0f1f8400,c1018d48,8bc1eb0c,000f1f80,00000000,8b5df48b,c8c1f905,f085148e,008b450c,008bca81,01a90000,088b04b9,f8000000,098bc1c1,e817a801,0f85e300,0facc214,f0010000,20040000,a810751b,0d83ff06,45f88b73,1f83ff06,00000006,1af6c101,07c745f0,02000000,8b45f889,45f8660f,8b45108b,058bcb8b,0000d3e0,75108078,8b4dfcc6,81582000,348b5514,108b088b,017599eb,5dc21400,cccccccc
1788306646.9276137,27512,7.006492321624085e-45,8.407790785948902e-45,1.401298464324817e-45,1.401298464324817e-45,1.0,0.0,0.0,0.0,0.0,0.0,0.0,1.0,0.0,0.0,0.0,0.0,0.0,0.0,0.0,0.0,0.0,0.0,0.0,0.0,1.0,0.0,1.0,0.0,0.0,0.0,0.0,0.0,0.0,0.0,0.0,0.0,1.0,0.0,0.0,0.0,0.0,0.0,0.0,0.0,0.0,0.0,0.0,0.0,0.0,0.0,0.0,0.0,0f1f8400,c1018d48,8bc1eb0c,000f1f80,00000000,8b5df48b,c8c1f905,f085148e,008b450c,008bca81,01a90000,088b04b9,f8000000,098bc1c1,e817a801,0f85e300,0facc214,f0010000,20040000,a810751b,0d83ff06,45f88b73,1f83ff06,00000006,1af6c101,07c745f0,02000000,8b45f889,45f8660f,8b45108b,058bcb8b,0000d3e0,75108078,8b4dfcc6,81582000,348b5514,108b088b,017599eb,5dc21400,cccccccc
1788306647.028405,27512,7.006492321624085e-45,8.407790785948902e-45,1.401298464324817e-45,1.401298464324817e-45,1.0,0.0,0.0,0.0,0.0,0.0,0.0,1.0,0.0,0.0,0.0,0.0,0.0,0.0,0.0,0.0,0.0,0.0,0.0,0.0,1.0,0.0,1.0,0.0,0.0,0.0,0.0,0.0,0.0,0.0,0.0,0.0,1.0,0.0,0.0,0.0,0.0,0.0,0.0,0.0,0.0,0.0,0.0,0.0,0.0,0.0,0.0,0.0,0f1f8400,c1018d48,8bc1eb0c,000f1f80,00000000,8b5df48b,c8c1f905,f085148e,008b450c,008bca81,01a90000,088b04b9,f8000000,098bc1c1,e817a801,0f85e300,0facc214,f0010000,20040000,a810751b,0d83ff06,45f88b73,1f83ff06,00000006,1af6c101,07c745f0,02000000,8b45f889,45f8660f,8b45108b,058bcb8b,0000d3e0,75108078,8b4dfcc6,81582000,348b5514,108b088b,017599eb,5dc21400,cccccccc
1788306647.1288757,27512,7.006492321624085e-45,8.407790785948902e-45,1.401298464324817e-45,1.401298464324817e-45,1.0,0.0,0.0,0.0,0.0,0.0,0.0,1.0,0.0,0.0,0.0,0.0,0.0,0.0,0.0,0.0,0.0,0.0,0.0,0.0,1.0,0.0,1.0,0.0,0.0,0.0,0.0,0.0,0.0,0.0,0.0,0.0,1.0,0.0,0.0,0.0,0.0,0.0,0.0,0.0,0.0,0.0,0.0,0.0,0.0,0.0,0.0,0.0,0f1f8400,c1018d48,8bc1eb0c,000f1f80,00000000,8b5df48b,c8c1f905,f085148e,008b450c,008bca81,01a90000,088b04b9,f8000000,098bc1c1,e817a801,0f85e300,0facc214,f0010000,20040000,a810751b,0d83ff06,45f88b73,1f83ff06,00000006,1af6c101,07c745f0,02000000,8b45f889,45f8660f,8b45108b,058bcb8b,0000d3e0,75108078,8b4dfcc6,81582000,348b5514,108b088b,017599eb,5dc21400,cccccccc
1788306647.2300303,27512,7.006492321624085e-45,8.407790785948902e-45,1.401298464324817e-45,1.401298464324817e-45,1.0,0.0,0.0,0.0,0.0,0.0,0.0,1.0,0.0,0.0,0.0,0.0,0.0,0.0,0.0,0.0,0.0,0.0,0.0,0.0,1.0,0.0,1.0,0.0,0.0,0.0,0.0,0.0,0.0,0.0,0.0,0.0,1.0,0.0,0.0,0.0,0.0,0.0,0.0,0.0,0.0,0.0,0.0,0.0,0.0,0.0,0.0,0.0,0f1f8400,c1018d48,8bc1eb0c,000f1f80,00000000,8b5df48b,c8c1f905,f085148e,008b450c,008bca81,01a90000,088b04b9,f8000000,098bc1c1,e817a801,0f85e300,0facc214,f0010000,20040000,a810751b,0d83ff06,45f88b73,1f83ff06,00000006,1af6c101,07c745f0,02000000,8b45f889,45f8660f,8b45108b,058bcb8b,0000d3e0,75108078,8b4dfcc6,81582000,348b5514,108b088b,017599eb,5dc21400,cccccccc
1788306647.3386245,27512,7.006492321624085e-45,8.407790785948902e-45,1.401298464324817e-45,1.401298464324817e-45,1.0,0.0,0.0,0.0,0.0,0.0,0.0,1.0,0.0,0.0,0.0,0.0,0.0,0.0,0.0,0.0,0.0,0.0,0.0,0.0,1.0,0.0,1.0,0.0,0.0,0.0,0.0,0.0,0.0,0.0,0.0,0.0,1.0,0.0,0.0,0.0,0.0,0.0,0.0,0.0,0.0,0.0,0.0,0.0,0.0,0.0,0.0,0.0,0f1f8400,c1018d48,8bc1eb0c,000f1f80,00000000,8b5df48b,c8c1f905,f085148e,008b450c,008bca81,01a90000,088b04b9,f8000000,098bc1c1,e817a801,0f85e300,0facc214,f0010000,20040000,a810751b,0d83ff06,45f88b73,1f83ff06,00000006,1af6c101,07c745f0,02000000,8b45f889,45f8660f,8b45108b,058bcb8b,0000d3e0,75108078,8b4dfcc6,81582000,348b5514,108b088b,017599eb,5dc21400,cccccccc
1788306647.439677,27512,7.006492321624085e-45,8.407790785948902e-45,1.401298464324817e-45,1.401298464324817e-45,1.0,0.0,0.0,0.0,0.0,0.0,0.0,1.0,0.0,0.0,0.0,0.0,0.0,0.0,0.0,0.0,0.0,0.0,0.0,0.0,1.0,0.0,1.0,0.0,0.0,0.0,0.0,0.0,0.0,0.0,0.0,0.0,1.0,0.0,0.0,0.0,0.0,0.0,0.0,0.0,0.0,0.0,0.0,0.0,0.0,0.0,0.0,0.0,0f1f8400,c1018d48,8bc1eb0c,000f1f80,00000000,8b5df48b,c8c1f905,f085148e,008b450c,008bca81,01a90000,088b04b9,f8000000,098bc1c1,e817a801,0f85e300,0facc214,f0010000,20040000,a810751b,0d83ff06,45f88b73,1f83ff06,00000006,1af6c101,07c745f0,02000000,8b45f889,45f8660f,8b45108b,058bcb8b,0000d3e0,75108078,8b4dfcc6,81582000,348b5514,108b088b,017599eb,5dc21400,cccccccc
1788306647.5400357,27512,7.006492321624085e-45,8.407790785948902e-45,1.401298464324817e-45,1.401298464324817e-45,1.0,0.0,0.0,0.0,0.0,0.0,0.0,1.0,0.0,0.0,0.0,0.0,0.0,0.0,0.0,0.0,0.0,0.0,0.0,0.0,1.0,0.0,1.0,0.0,0.0,0.0,0.0,0.0,0.0,0.0,0.0,0.0,1.0,0.0,0.0,0.0,0.0,0.0,0.0,0.0,0.0,0.0,0.0,0.0,0.0,0.0,0.0,0.0,0f1f8400,c1018d48,8bc1eb0c,000f1f80,00000000,8b5df48b,c8c1f905,f085148e,008b450c,008bca81,01a90000,088b04b9,f8000000,098bc1c1,e817a801,0f85e300,0facc214,f0010000,20040000,a810751b,0d83ff06,45f88b73,1f83ff06,00000006,1af6c101,07c745f0,02000000,8b45f889,45f8660f,8b45108b,058bcb8b,0000d3e0,75108078,8b4dfcc6,81582000,348b5514,108b088b,017599eb,5dc21400,cccccccc
1788306647.6404815,27512,7.006492321624085e-45,8.407790785948902e-45,1.401298464324817e-45,1.401298464324817e-45,1.0,0.0,0.0,0.0,0.0,0.0,0.0,1.0,0.0,0.0,0.0,0.0,0.0,0.0,0.0,0.0,0.0,0.0,0.0,0.0,1.0,0.0,1.0,0.0,0.0,0.0,0.0,0.0,0.0,0.0,0.0,0.0,1.0,0.0,0.0,0.0,0.0,0.0,0.0,0.0,0.0,0.0,0.0,0.0,0.0,0.0,0.0,0.0,0f1f8400,c1018d48,8bc1eb0c,000f1f80,00000000,8b5df48b,c8c1f905,f085148e,008b450c,008bca81,01a90000,088b04b9,f8000000,098bc1c1,e817a801,0f85e300,0facc214,f0010000,20040000,a810751b,0d83ff06,45f88b73,1f83ff06,00000006,1af6c101,07c745f0,02000000,8b45f889,45f8660f,8b45108b,058bcb8b,0000d3e0,75108078,8b4dfcc6,81582000,348b5514,108b088b,017599eb,5dc21400,cccccccc
1788306647.7739387,27512,7.006492321624085e-45,8.407790785948902e-45,1.401298464324817e-45,1.401298464324817e-45,1.0,0.0,0.0,0.0,0.0,0.0,0.0,1.0,0.0,0.0,0.0,0.0,0.0,0.0,0.0,0.0,0.0,0.0,0.0,0.0,1.0,0.0,1.0,0.0,0.0,0.0,0.0,0.0,0.0,0.0,0.0,0.0,1.0,0.0,0.0,0.0,0.0,0.0,0.0,0.0,0.0,0.0,0.0,0.0,0.0,0.0,0.0,0.0,0f1f8400,c1018d48,8bc1eb0c,000f1f80,00000000,8b5df48b,c8c1f905,f085148e,008b450c,008bca81,01a90000,088b04b9,f8000000,098bc1c1,e817a801,0f85e300,0facc214,f0010000,20040000,a810751b,0d83ff06,45f88b73,1f83ff06,00000006,1af6c101,07c745f0,02000000,8b45f889,45f8660f,8b45108b,058bcb8b,0000d3e0,75108078,8b4dfcc6,81582000,348b5514,108b088b,017599eb,5dc21400,cccccccc
1788306647.8990376,27512,7.006492321624085e-45,8.407790785948902e-45,1.401298464324817e-45,1.401298464324817e-45,1.0,0.0,0.0,0.0,0.0,0.0,0.0,1.0,0.0,0.0,0.0,0.0,0.0,0.0,0.0,0.0,0.0,0.0,0.0,0.0,1.0,0.0,1.0,0.0,0.0,0.0,0.0,0.0,0.0,0.0,0.0,0.0,1.0,0.0,0.0,0.0,0.0,0.0,0.0,0.0,0.0,0.0,0.0,0.0,0.0,0.0,0.0,0.0,0f1f8400,c1018d48,8bc1eb0c,000f1f80,00000000,8b5df48b,c8c1f905,f085148e,008b450c,008bca81,01a90000,088b04b9,f8000000,098bc1c1,e817a801,0f85e300,0facc214,f0010000,20040000,a810751b,0d83ff06,45f88b73,1f83ff06,00000006,1af6c101,07c745f0,02000000,8b45f889,45f8660f,8b45108b,058bcb8b,0000d3e0,75108078,8b4dfcc6,81582000,348b5514,108b088b,017599eb,5dc21400,cccccccc
1788306647.999569,27512,7.006492321624085e-45,8.407790785948902e-45,1.401298464324817e-45,1.401298464324817e-45,1.0,0.0,0.0,0.0,0.0,0.0,0.0,1.0,0.0,0.0,0.0,0.0,0.0,0.0,0.0,0.0,0.0,0.0,0.0,0.0,1.0,0.0,1.0,0.0,0.0,0.0,0.0,0.0,0.0,0.0,0.0,0.0,1.0,0.0,0.0,0.0,0.0,0.0,0.0,0.0,0.0,0.0,0.0,0.0,0.0,0.0,0.0,0.0,0f1f8400,c1018d48,8bc1eb0c,000f1f80,00000000,8b5df48b,c8c1f905,f085148e,008b450c,008bca81,01a90000,088b04b9,f8000000,098bc1c1,e817a801,0f85e300,0facc214,f0010000,20040000,a810751b,0d83ff06,45f88b73,1f83ff06,00000006,1af6c101,07c745f0,02000000,8b45f889,45f8660f,8b45108b,058bcb8b,0000d3e0,75108078,8b4dfcc6,81582000,348b5514,108b088b,017599eb,5dc21400,cccccccc
1788306648.101044,27512,7.006492321624085e-45,8.407790785948902e-45,1.401298464324817e-45,1.401298464324817e-45,1.0,0.0,0.0,0.0,0.0,0.0,0.0,1.0,0.0,0.0,0.0,0.0,0.0,0.0,0.0,0.0,0.0,0.0,0.0,0.0,1.0,0.0,1.0,0.0,0.0,0.0,0.0,0.0,0.0,0.0,0.0,0.0,1.0,0.0,0.0,0.0,0.0,0.0,0.0,0.0,0.0,0.0,0.0,0.0,0.0,0.0,0.0,0.0,0f1f8400,c1018d48,8bc1eb0c,000f1f80,00000000,8b5df48b,c8c1f905,f085148e,008b450c,008bca81,01a90000,088b04b9,f8000000,098bc1c1,e817a801,0f85e300,0facc214,f0010000,20040000,a810751b,0d83ff06,45f88b73,1f83ff06,00000006,1af6c101,07c745f0,02000000,8b45f889,45f8660f,8b45108b,058bcb8b,0000d3e0,75108078,8b4dfcc6,81582000,348b5514,108b088b,017599eb,5dc21400,cccccccc
1788306648.201886,27512,7.006492321624085e-45,8.407790785948902e-45,1.401298464324817e-45,1.401298464324817e-45,1.0,0.0,0.0,0.0,0.0,0.0,0.0,1.0,0.0,0.0,0.0,0.0,0.0,0.0,0.0,0.0,0.0,0.0,0.0,0.0,1.0,0.0,1.0,0.0,0.0,0.0,0.0,0.0,0.0,0.0,0.0,0.0,1.0,0.0,0.0,0.0,0.0,0.0,0.0,0.0,0.0,0.0,0.0,0.0,0.0,0.0,0.0,0.0,0f1f8400,c1018d48,8bc1eb0c,000f1f80,00000000,8b5df48b,c8c1f905,f085148e,008b450c,008bca81,01a90000,088b04b9,f8000000,098bc1c1,e817a801,0f85e300,0facc214,f0010000,20040000,a810751b,0d83ff06,45f88b73,1f83ff06,00000006,1af6c101,07c745f0,02000000,8b45f889,45f8660f,8b45108b,058bcb8b,0000d3e0,75108078,8b4dfcc6,81582000,348b5514,108b088b,017599eb,5dc21400,cccccccc
1788306648.3022878,27512,7.006492321624085e-45,8.407790785948902e-45,1.401298464324817e-45,1.401298464324817e-45,1.0,0.0,0.0,0.0,0.0,0.0,0.0,1.0,0.0,0.0,0.0,0.0,0.0,0.0,0.0,0.0,0.0,0.0,0.0,0.0,1.0,0.0,1.0,0.0,0.0,0.0,0.0,0.0,0.0,0.0,0.0,0.0,1.0,0.0,0.0,0.0,0.0,0.0,0.0,0.0,0.0,0.0,0.0,0.0,0.0,0.0,0.0,0.0,0f1f8400,c1018d48,8bc1eb0c,000f1f80,00000000,8b5df48b,c8c1f905,f085148e,008b450c,008bca81,01a90000,088b04b9,f8000000,098bc1c1,e817a801,0f85e300,0facc214,f0010000,20040000,a810751b,0d83ff06,45f88b73,1f83ff06,00000006,1af6c101,07c745f0,02000000,8b45f889,45f8660f,8b45108b,058bcb8b,0000d3e0,75108078,8b4dfcc6,81582000,348b5514,108b088b,017599eb,5dc21400,cccccccc
1788306648.4026718,27512,7.006492321624085e-45,8.407790785948902e-45,1.401298464324817e-45,1.401298464324817e-45,1.0,0.0,0.0,0.0,0.0,0.0,0.0,1.0,0.0,0.0,0.0,0.0,0.0,0.0,0.0,0.0,0.0,0.0,0.0,0.0,1.0,0.0,1.0,0.0,0.0,0.0,0.0,0.0,0.0,0.0,0.0,0.0,1.0,0.0,0.0,0.0,0.0,0.0,0.0,0.0,0.0,0.0,0.0,0.0,0.0,0.0,0.0,0.0,0f1f8400,c1018d48,8bc1eb0c,000f1f80,00000000,8b5df48b,c8c1f905,f085148e,008b450c,008bca81,01a90000,088b04b9,f8000000,098bc1c1,e817a801,0f85e300,0facc214,f0010000,20040000,a810751b,0d83ff06,45f88b73,1f83ff06,00000006,1af6c101,07c745f0,02000000,8b45f889,45f8660f,8b45108b,058bcb8b,0000d3e0,75108078,8b4dfcc6,81582000,348b5514,108b088b,017599eb,5dc21400,cccccccc
1788306648.5031564,27512,7.006492321624085e-45,8.407790785948902e-45,1.401298464324817e-45,1.401298464324817e-45,1.0,0.0,0.0,0.0,0.0,0.0,0.0,1.0,0.0,0.0,0.0,0.0,0.0,0.0,0.0,0.0,0.0,0.0,0.0,0.0,1.0,0.0,1.0,0.0,0.0,0.0,0.0,0.0,0.0,0.0,0.0,0.0,1.0,0.0,0.0,0.0,0.0,0.0,0.0,0.0,0.0,0.0,0.0,0.0,0.0,0.0,0.0,0.0,0f1f8400,c1018d48,8bc1eb0c,000f1f80,00000000,8b5df48b,c8c1f905,f085148e,008b450c,008bca81,01a90000,088b04b9,f8000000,098bc1c1,e817a801,0f85e300,0facc214,f0010000,20040000,a810751b,0d83ff06,45f88b73,1f83ff06,00000006,1af6c101,07c745f0,02000000,8b45f889,45f8660f,8b45108b,058bcb8b,0000d3e0,75108078,8b4dfcc6,81582000,348b5514,108b088b,017599eb,5dc21400,cccccccc
1788306648.6038766,27512,7.006492321624085e-45,8.407790785948902e-45,1.401298464324817e-45,1.401298464324817e-45,1.0,0.0,0.0,0.0,0.0,0.0,0.0,1.0,0.0,0.0,0.0,0.0,0.0,0.0,0.0,0.0,0.0,0.0,0.0,0.0,1.0,0.0,1.0,0.0,0.0,0.0,0.0,0.0,0.0,0.0,0.0,0.0,1.0,0.0,0.0,0.0,0.0,0.0,0.0,0.0,0.0,0.0,0.0,0.0,0.0,0.0,0.0,0.0,0f1f8400,c1018d48,8bc1eb0c,000f1f80,00000000,8b5df48b,c8c1f905,f085148e,008b450c,008bca81,01a90000,088b04b9,f8000000,098bc1c1,e817a801,0f85e300,0facc214,f0010000,20040000,a810751b,0d83ff06,45f88b73,1f83ff06,00000006,1af6c101,07c745f0,02000000,8b45f889,45f8660f,8b45108b,058bcb8b,0000d3e0,75108078,8b4dfcc6,81582000,348b5514,108b088b,017599eb,5dc21400,cccccccc
1788306648.7041585,27512,7.006492321624085e-45,8.407790785948902e-45,1.401298464324817e-45,1.401298464324817e-45,1.0,0.0,0.0,0.0,0.0,0.0,0.0,1.0,0.0,0.0,0.0,0.0,0.0,0.0,0.0,0.0,0.0,0.0,0.0,0.0,1.0,0.0,1.0,0.0,0.0,0.0,0.0,0.0,0.0,0.0,0.0,0.0,1.0,0.0,0.0,0.0,0.0,0.0,0.0,0.0,0.0,0.0,0.0,0.0,0.0,0.0,0.0,0.0,0f1f8400,c1018d48,8bc1eb0c,000f1f80,00000000,8b5df48b,c8c1f905,f085148e,008b450c,008bca81,01a90000,088b04b9,f8000000,098bc1c1,e817a801,0f85e300,0facc214,f0010000,20040000,a810751b,0d83ff06,45f88b73,1f83ff06,00000006,1af6c101,07c745f0,02000000,8b45f889,45f8660f,8b45108b,058bcb8b,0000d3e0,75108078,8b4dfcc6,81582000,348b5514,108b088b,017599eb,5dc21400,cccccccc
1788306648.804794,27512,7.006492321624085e-45,8.407790785948902e-45,1.401298464324817e-45,1.401298464324817e-45,1.0,0.0,0.0,0.0,0.0,0.0,0.0,1.0,0.0,0.0,0.0,0.0,0.0,0.0,0.0,0.0,0.0,0.0,0.0,0.0,1.0,0.0,1.0,0.0,0.0,0.0,0.0,0.0,0.0,0.0,0.0,0.0,1.0,0.0,0.0,0.0,0.0,0.0,0.0,0.0,0.0,0.0,0.0,0.0,0.0,0.0,0.0,0.0,0f1f8400,c1018d48,8bc1eb0c,000f1f80,00000000,8b5df48b,c8c1f905,f085148e,008b450c,008bca81,01a90000,088b04b9,f8000000,098bc1c1,e817a801,0f85e300,0facc214,f0010000,20040000,a810751b,0d83ff06,45f88b73,1f83ff06,00000006,1af6c101,07c745f0,02000000,8b45f889,45f8660f,8b45108b,058bcb8b,0000d3e0,75108078,8b4dfcc6,81582000,348b5514,108b088b,017599eb,5dc21400,cccccccc
1788306648.905781,27512,7.006492321624085e-45,8.407790785948902e-45,1.401298464324817e-45,1.401298464324817e-45,1.0,0.0,0.0,0.0,0.0,0.0,0.0,1.0,0.0,0.0,0.0,0.0,0.0,0.0,0.0,0.0,0.0,0.0,0.0,0.0,1.0,0.0,1.0,0.0,0.0,0.0,0.0,0.0,0.0,0.0,0.0,0.0,1.0,0.0,0.0,0.0,0.0,0.0,0.0,0.0,0.0,0.0,0.0,0.0,0.0,0.0,0.0,0.0,0f1f8400,c1018d48,8bc1eb0c,000f1f80,00000000,8b5df48b,c8c1f905,f085148e,008b450c,008bca81,01a90000,088b04b9,f8000000,098bc1c1,e817a801,0f85e300,0facc214,f0010000,20040000,a810751b,0d83ff06,45f88b73,1f83ff06,00000006,1af6c101,07c745f0,02000000,8b45f889,45f8660f,8b45108b,058bcb8b,0000d3e0,75108078,8b4dfcc6,81582000,348b5514,108b088b,017599eb,5dc21400,cccccccc
1788306649.0063934,27512,7.006492321624085e-45,8.407790785948902e-45,1.401298464324817e-45,1.401298464324817e-45,1.0,0.0,0.0,0.0,0.0,0.0,0.0,1.0,0.0,0.0,0.0,0.0,0.0,0.0,0.0,0.0,0.0,0.0,0.0,0.0,1.0,0.0,1.0,0.0,0.0,0.0,0.0,0.0,0.0,0.0,0.0,0.0,1.0,0.0,0.0,0.0,0.0,0.0,0.0,0.0,0.0,0.0,0.0,0.0,0.0,0.0,0.0,0.0,0f1f8400,c1018d48,8bc1eb0c,000f1f80,00000000,8b5df48b,c8c1f905,f085148e,008b450c,008bca81,01a90000,088b04b9,f8000000,098bc1c1,e817a801,0f85e300,0facc214,f0010000,20040000,a810751b,0d83ff06,45f88b73,1f83ff06,00000006,1af6c101,07c745f0,02000000,8b45f889,45f8660f,8b45108b,058bcb8b,0000d3e0,75108078,8b4dfcc6,81582000,348b5514,108b088b,017599eb,5dc21400,cccccccc
1788306649.1079462,27512,7.006492321624085e-45,8.407790785948902e-45,1.401298464324817e-45,1.401298464324817e-45,1.0,0.0,0.0,0.0,0.0,0.0,0.0,1.0,0.0,0.0,0.0,0.0,0.0,0.0,0.0,0.0,0.0,0.0,0.0,0.0,1.0,0.0,1.0,0.0,0.0,0.0,0.0,0.0,0.0,0.0,0.0,0.0,1.0,0.0,0.0,0.0,0.0,0.0,0.0,0.0,0.0,0.0,0.0,0.0,0.0,0.0,0.0,0.0,0f1f8400,c1018d48,8bc1eb0c,000f1f80,00000000,8b5df48b,c8c1f905,f085148e,008b450c,008bca81,01a90000,088b04b9,f8000000,098bc1c1,e817a801,0f85e300,0facc214,f0010000,20040000,a810751b,0d83ff06,45f88b73,1f83ff06,00000006,1af6c101,07c745f0,02000000,8b45f889,45f8660f,8b45108b,058bcb8b,0000d3e0,75108078,8b4dfcc6,81582000,348b5514,108b088b,017599eb,5dc21400,cccccccc
1788306649.2089612,27512,7.006492321624085e-45,8.407790785948902e-45,1.401298464324817e-45,1.401298464324817e-45,1.0,0.0,0.0,0.0,0.0,0.0,0.0,1.0,0.0,0.0,0.0,0.0,0.0,0.0,0.0,0.0,0.0,0.0,0.0,0.0,1.0,0.0,1.0,0.0,0.0,0.0,0.0,0.0,0.0,0.0,0.0,0.0,1.0,0.0,0.0,0.0,0.0,0.0,0.0,0.0,0.0,0.0,0.0,0.0,0.0,0.0,0.0,0.0,0f1f8400,c1018d48,8bc1eb0c,000f1f80,00000000,8b5df48b,c8c1f905,f085148e,008b450c,008bca81,01a90000,088b04b9,f8000000,098bc1c1,e817a801,0f85e300,0facc214,f0010000,20040000,a810751b,0d83ff06,45f88b73,1f83ff06,00000006,1af6c101,07c745f0,02000000,8b45f889,45f8660f,8b45108b,058bcb8b,0000d3e0,75108078,8b4dfcc6,81582000,348b5514,108b088b,017599eb,5dc21400,cccccccc
1788306649.3100445,27512,7.006492321624085e-45,8.407790785948902e-45,1.401298464324817e-45,1.401298464324817e-45,1.0,0.0,0.0,0.0,0.0,0.0,0.0,1.0,0.0,0.0,0.0,0.0,0.0,0.0,0.0,0.0,0.0,0.0,0.0,0.0,1.0,0.0,1.0,0.0,0.0,0.0,0.0,0.0,0.0,0.0,0.0,0.0,1.0,0.0,0.0,0.0,0.0,0.0,0.0,0.0,0.0,0.0,0.0,0.0,0.0,0.0,0.0,0.0,0f1f8400,c1018d48,8bc1eb0c,000f1f80,00000000,8b5df48b,c8c1f905,f085148e,008b450c,008bca81,01a90000,088b04b9,f8000000,098bc1c1,e817a801,0f85e300,0facc214,f0010000,20040000,a810751b,0d83ff06,45f88b73,1f83ff06,00000006,1af6c101,07c745f0,02000000,8b45f889,45f8660f,8b45108b,058bcb8b,0000d3e0,75108078,8b4dfcc6,81582000,348b5514,108b088b,017599eb,5dc21400,cccccccc
1788306649.410918,27512,7.006492321624085e-45,8.407790785948902e-45,1.401298464324817e-45,1.401298464324817e-45,1.0,0.0,0.0,0.0,0.0,0.0,0.0,1.0,0.0,0.0,0.0,0.0,0.0,0.0,0.0,0.0,0.0,0.0,0.0,0.0,1.0,0.0,1.0,0.0,0.0,0.0,0.0,0.0,0.0,0.0,0.0,0.0,1.0,0.0,0.0,0.0,0.0,0.0,0.0,0.0,0.0,0.0,0.0,0.0,0.0,0.0,0.0,0.0,0f1f8400,c1018d48,8bc1eb0c,000f1f80,00000000,8b5df48b,c8c1f905,f085148e,008b450c,008bca81,01a90000,088b04b9,f8000000,098bc1c1,e817a801,0f85e300,0facc214,f0010000,20040000,a810751b,0d83ff06,45f88b73,1f83ff06,00000006,1af6c101,07c745f0,02000000,8b45f889,45f8660f,8b45108b,058bcb8b,0000d3e0,75108078,8b4dfcc6,81582000,348b5514,108b088b,017599eb,5dc21400,cccccccc
1788306649.5116858,27512,7.006492321624085e-45,8.407790785948902e-45,1.401298464324817e-45,1.401298464324817e-45,1.0,0.0,0.0,0.0,0.0,0.0,0.0,1.0,0.0,0.0,0.0,0.0,0.0,0.0,0.0,0.0,0.0,0.0,0.0,0.0,1.0,0.0,1.0,0.0,0.0,0.0,0.0,0.0,0.0,0.0,0.0,0.0,1.0,0.0,0.0,0.0,0.0,0.0,0.0,0.0,0.0,0.0,0.0,0.0,0.0,0.0,0.0,0.0,0f1f8400,c1018d48,8bc1eb0c,000f1f80,00000000,8b5df48b,c8c1f905,f085148e,008b450c,008bca81,01a90000,088b04b9,f8000000,098bc1c1,e817a801,0f85e300,0facc214,f0010000,20040000,a810751b,0d83ff06,45f88b73,1f83ff06,00000006,1af6c101,07c745f0,02000000,8b45f889,45f8660f,8b45108b,058bcb8b,0000d3e0,75108078,8b4dfcc6,81582000,348b5514,108b088b,017599eb,5dc21400,cccccccc
1788306649.6123517,27512,7.006492321624085e-45,8.407790785948902e-45,1.401298464324817e-45,1.401298464324817e-45,1.0,0.0,0.0,0.0,0.0,0.0,0.0,1.0,0.0,0.0,0.0,0.0,0.0,0.0,0.0,0.0,0.0,0.0,0.0,0.0,1.0,0.0,1.0,0.0,0.0,0.0,0.0,0.0,0.0,0.0,0.0,0.0,1.0,0.0,0.0,0.0,0.0,0.0,0.0,0.0,0.0,0.0,0.0,0.0,0.0,0.0,0.0,0.0,0f1f8400,c1018d48,8bc1eb0c,000f1f80,00000000,8b5df48b,c8c1f905,f085148e,008b450c,008bca81,01a90000,088b04b9,f8000000,098bc1c1,e817a801,0f85e300,0facc214,f0010000,20040000,a810751b,0d83ff06,45f88b73,1f83ff06,00000006,1af6c101,07c745f0,02000000,8b45f889,45f8660f,8b45108b,058bcb8b,0000d3e0,75108078,8b4dfcc6,81582000,348b5514,108b088b,017599eb,5dc21400,cccccccc
1788306649.7132635,27512,7.006492321624085e-45,8.407790785948902e-45,1.401298464324817e-45,1.401298464324817e-45,1.0,0.0,0.0,0.0,0.0,0.0,0.0,1.0,0.0,0.0,0.0,0.0,0.0,0.0,0.0,0.0,0.0,0.0,0.0,0.0,1.0,0.0,1.0,0.0,0.0,0.0,0.0,0.0,0.0,0.0,0.0,0.0,1.0,0.0,0.0,0.0,0.0,0.0,0.0,0.0,0.0,0.0,0.0,0.0,0.0,0.0,0.0,0.0,0f1f8400,c1018d48,8bc1eb0c,000f1f80,00000000,8b5df48b,c8c1f905,f085148e,008b450c,008bca81,01a90000,088b04b9,f8000000,098bc1c1,e817a801,0f85e300,0facc214,f0010000,20040000,a810751b,0d83ff06,45f88b73,1f83ff06,00000006,1af6c101,07c745f0,02000000,8b45f889,45f8660f,8b45108b,058bcb8b,0000d3e0,75108078,8b4dfcc6,81582000,348b5514,108b088b,017599eb,5dc21400,cccccccc
1788306649.8140442,27512,7.006492321624085e-45,8.407790785948902e-45,1.401298464324817e-45,1.401298464324817e-45,1.0,0.0,0.0,0.0,0.0,0.0,0.0,1.0,0.0,0.0,0.0,0.0,0.0,0.0,0.0,0.0,0.0,0.0,0.0,0.0,1.0,0.0,1.0,0.0,0.0,0.0,0.0,0.0,0.0,0.0,0.0,0.0,1.0,0.0,0.0,0.0,0.0,0.0,0.0,0.0,0.0,0.0,0.0,0.0,0.0,0.0,0.0,0.0,0f1f8400,c1018d48,8bc1eb0c,000f1f80,00000000,8b5df48b,c8c1f905,f085148e,008b450c,008bca81,01a90000,088b04b9,f8000000,098bc1c1,e817a801,0f85e300,0facc214,f0010000,20040000,a810751b,0d83ff06,45f88b73,1f83ff06,00000006,1af6c101,07c745f0,02000000,8b45f889,45f8660f,8b45108b,058bcb8b,0000d3e0,75108078,8b4dfcc6,81582000,348b5514,108b088b,017599eb,5dc21400,cccccccc
1788306649.9144685,27512,7.006492321624085e-45,8.407790785948902e-45,1.401298464324817e-45,1.401298464324817e-45,1.0,0.0,0.0,0.0,0.0,0.0,0.0,1.0,0.0,0.0,0.0,0.0,0.0,0.0,0.0,0.0,0.0,0.0,0.0,0.0,1.0,0.0,1.0,0.0,0.0,0.0,0.0,0.0,0.0,0.0,0.0,0.0,1.0,0.0,0.0,0.0,0.0,0.0,0.0,0.0,0.0,0.0,0.0,0.0,0.0,0.0,0.0,0.0,0f1f8400,c1018d48,8bc1eb0c,000f1f80,00000000,8b5df48b,c8c1f905,f085148e,008b450c,008bca81,01a90000,088b04b9,f8000000,098bc1c1,e817a801,0f85e300,0facc214,f0010000,20040000,a810751b,0d83ff06,45f88b73,1f83ff06,00000006,1af6c101,07c745f0,02000000,8b45f889,45f8660f,8b45108b,058bcb8b,0000d3e0,75108078,8b4dfcc6,81582000,348b5514,108b088b,017599eb,5dc21400,cccccccc
1788306650.0149684,27512,7.006492321624085e-45,8.407790785948902e-45,1.401298464324817e-45,1.401298464324817e-45,1.0,0.0,0.0,0.0,0.0,0.0,0.0,1.0,0.0,0.0,0.0,0.0,0.0,0.0,0.0,0.0,0.0,0.0,0.0,0.0,1.0,0.0,1.0,0.0,0.0,0.0,0.0,0.0,0.0,0.0,0.0,0.0,1.0,0.0,0.0,0.0,0.0,0.0,0.0,0.0,0.0,0.0,0.0,0.0,0.0,0.0,0.0,0.0,0f1f8400,c1018d48,8bc1eb0c,000f1f80,00000000,8b5df48b,c8c1f905,f085148e,008b450c,008bca81,01a90000,088b04b9,f8000000,098bc1c1,e817a801,0f85e300,0facc214,f0010000,20040000,a810751b,0d83ff06,45f88b73,1f83ff06,00000006,1af6c101,07c745f0,02000000,8b45f889,45f8660f,8b45108b,058bcb8b,0000d3e0,75108078,8b4dfcc6,81582000,348b5514,108b088b,017599eb,5dc21400,cccccccc
1788306650.1152675,27512,7.006492321624085e-45,8.407790785948902e-45,1.401298464324817e-45,1.401298464324817e-45,1.0,0.0,0.0,0.0,0.0,0.0,0.0,1.0,0.0,0.0,0.0,0.0,0.0,0.0,0.0,0.0,0.0,0.0,0.0,0.0,1.0,0.0,1.0,0.0,0.0,0.0,0.0,0.0,0.0,0.0,0.0,0.0,1.0,0.0,0.0,0.0,0.0,0.0,0.0,0.0,0.0,0.0,0.0,0.0,0.0,0.0,0.0,0.0,0f1f8400,c1018d48,8bc1eb0c,000f1f80,00000000,8b5df48b,c8c1f905,f085148e,008b450c,008bca81,01a90000,088b04b9,f8000000,098bc1c1,e817a801,0f85e300,0facc214,f0010000,20040000,a810751b,0d83ff06,45f88b73,1f83ff06,00000006,1af6c101,07c745f0,02000000,8b45f889,45f8660f,8b45108b,058bcb8b,0000d3e0,75108078,8b4dfcc6,81582000,348b5514,108b088b,017599eb,5dc21400,cccccccc
1788306650.2161527,27512,7.006492321624085e-45,8.407790785948902e-45,1.401298464324817e-45,1.401298464324817e-45,1.0,0.0,0.0,0.0,0.0,0.0,0.0,1.0,0.0,0.0,0.0,0.0,0.0,0.0,0.0,0.0,0.0,0.0,0.0,0.0,1.0,0.0,1.0,0.0,0.0,0.0,0.0,0.0,0.0,0.0,0.0,0.0,1.0,0.0,0.0,0.0,0.0,0.0,0.0,0.0,0.0,0.0,0.0,0.0,0.0,0.0,0.0,0.0,0f1f8400,c1018d48,8bc1eb0c,000f1f80,00000000,8b5df48b,c8c1f905,f085148e,008b450c,008bca81,01a90000,088b04b9,f8000000,098bc1c1,e817a801,0f85e300,0facc214,f0010000,20040000,a810751b,0d83ff06,45f88b73,1f83ff06,00000006,1af6c101,07c745f0,02000000,8b45f889,45f8660f,8b45108b,058bcb8b,0000d3e0,75108078,8b4dfcc6,81582000,348b5514,108b088b,017599eb,5dc21400,cccccccc
1788306650.3166273,27512,7.006492321624085e-45,8.407790785948902e-45,1.401298464324817e-45,1.401298464324817e-45,1.0,0.0,0.0,0.0,0.0,0.0,0.0,1.0,0.0,0.0,0.0,0.0,0.0,0.0,0.0,0.0,0.0,0.0,0.0,0.0,1.0,0.0,1.0,0.0,0.0,0.0,0.0,0.0,0.0,0.0,0.0,0.0,1.0,0.0,0.0,0.0,0.0,0.0,0.0,0.0,0.0,0.0,0.0,0.0,0.0,0.0,0.0,0.0,0f1f8400,c1018d48,8bc1eb0c,000f1f80,00000000,8b5df48b,c8c1f905,f085148e,008b450c,008bca81,01a90000,088b04b9,f8000000,098bc1c1,e817a801,0f85e300,0facc214,f0010000,20040000,a810751b,0d83ff06,45f88b73,1f83ff06,00000006,1af6c101,07c745f0,02000000,8b45f889,45f8660f,8b45108b,058bcb8b,0000d3e0,75108078,8b4dfcc6,81582000,348b5514,108b088b,017599eb,5dc21400,cccccccc
1788306650.4170325,27512,7.006492321624085e-45,8.407790785948902e-45,1.401298464324817e-45,1.401298464324817e-45,1.0,0.0,0.0,0.0,0.0,0.0,0.0,1.0,0.0,0.0,0.0,0.0,0.0,0.0,0.0,0.0,0.0,0.0,0.0,0.0,1.0,0.0,1.0,0.0,0.0,0.0,0.0,0.0,0.0,0.0,0.0,0.0,1.0,0.0,0.0,0.0,0.0,0.0,0.0,0.0,0.0,0.0,0.0,0.0,0.0,0.0,0.0,0.0,0f1f8400,c1018d48,8bc1eb0c,000f1f80,00000000,8b5df48b,c8c1f905,f085148e,008b450c,008bca81,01a90000,088b04b9,f8000000,098bc1c1,e817a801,0f85e300,0facc214,f0010000,20040000,a810751b,0d83ff06,45f88b73,1f83ff06,00000006,1af6c101,07c745f0,02000000,8b45f889,45f8660f,8b45108b,058bcb8b,0000d3e0,75108078,8b4dfcc6,81582000,348b5514,108b088b,017599eb,5dc21400,cccccccc
1788306650.518275,27512,7.006492321624085e-45,8.407790785948902e-45,1.401298464324817e-45,1.401298464324817e-45,1.0,0.0,0.0,0.0,0.0,0.0,0.0,1.0,0.0,0.0,0.0,0.0,0.0,0.0,0.0,0.0,0.0,0.0,0.0,0.0,1.0,0.0,1.0,0.0,0.0,0.0,0.0,0.0,0.0,0.0,0.0,0.0,1.0,0.0,0.0,0.0,0.0,0.0,0.0,0.0,0.0,0.0,0.0,0.0,0.0,0.0,0.0,0.0,0f1f8400,c1018d48,8bc1eb0c,000f1f80,00000000,8b5df48b,c8c1f905,f085148e,008b450c,008bca81,01a90000,088b04b9,f8000000,098bc1c1,e817a801,0f85e300,0facc214,f0010000,20040000,a810751b,0d83ff06,45f88b73,1f83ff06,00000006,1af6c101,07c745f0,02000000,8b45f889,45f8660f,8b45108b,058bcb8b,0000d3e0,75108078,8b4dfcc6,81582000,348b5514,108b088b,017599eb,5dc21400,cccccccc
1788306650.6191683,27512,7.006492321624085e-45,8.407790785948902e-45,1.401298464324817e-45,1.401298464324817e-45,1.0,0.0,0.0,0.0,0.0,0.0,0.0,1.0,0.0,0.0,0.0,0.0,0.0,0.0,0.0,0.0,0.0,0.0,0.0,0.0,1.0,0.0,1.0,0.0,0.0,0.0,0.0,0.0,0.0,0.0,0.0,0.0,1.0,0.0,0.0,0.0,0.0,0.0,0.0,0.0,0.0,0.0,0.0,0.0,0.0,0.0,0.0,0.0,0f1f8400,c1018d48,8bc1eb0c,000f1f80,00000000,8b5df48b,c8c1f905,f085148e,008b450c,008bca81,01a90000,088b04b9,f8000000,098bc1c1,e817a801,0f85e300,0facc214,f0010000,20040000,a810751b,0d83ff06,45f88b73,1f83ff06,00000006,1af6c101,07c745f0,02000000,8b45f889,45f8660f,8b45108b,058bcb8b,0000d3e0,75108078,8b4dfcc6,81582000,348b5514,108b088b,017599eb,5dc21400,cccccccc
1788306650.7195363,27512,7.006492321624085e-45,8.407790785948902e-45,1.401298464324817e-45,1.401298464324817e-45,1.0,0.0,0.0,0.0,0.0,0.0,0.0,1.0,0.0,0.0,0.0,0.0,0.0,0.0,0.0,0.0,0.0,0.0,0.0,0.0,1.0,0.0,1.0,0.0,0.0,0.0,0.0,0.0,0.0,0.0,0.0,0.0,1.0,0.0,0.0,0.0,0.0,0.0,0.0,0.0,0.0,0.0,0.0,0.0,0.0,0.0,0.0,0.0,0f1f8400,c1018d48,8bc1eb0c,000f1f80,00000000,8b5df48b,c8c1f905,f085148e,008b450c,008bca81,01a90000,088b04b9,f8000000,098bc1c1,e817a801,0f85e300,0facc214,f0010000,20040000,a810751b,0d83ff06,45f88b73,1f83ff06,00000006,1af6c101,07c745f0,02000000,8b45f889,45f8660f,8b45108b,058bcb8b,0000d3e0,75108078,8b4dfcc6,81582000,348b5514,108b088b,017599eb,5dc21400,cccccccc
1788306650.8202245,27512,7.006492321624085e-45,8.407790785948902e-45,1.401298464324817e-45,1.401298464324817e-45,1.0,0.0,0.0,0.0,0.0,0.0,0.0,1.0,0.0,0.0,0.0,0.0,0.0,0.0,0.0,0.0,0.0,0.0,0.0,0.0,1.0,0.0,1.0,0.0,0.0,0.0,0.0,0.0,0.0,0.0,0.0,0.0,1.0,0.0,0.0,0.0,0.0,0.0,0.0,0.0,0.0,0.0,0.0,0.0,0.0,0.0,0.0,0.0,0f1f8400,c1018d48,8bc1eb0c,000f1f80,00000000,8b5df48b,c8c1f905,f085148e,008b450c,008bca81,01a90000,088b04b9,f8000000,098bc1c1,e817a801,0f85e300,0facc214,f0010000,20040000,a810751b,0d83ff06,45f88b73,1f83ff06,00000006,1af6c101,07c745f0,02000000,8b45f889,45f8660f,8b45108b,058bcb8b,0000d3e0,75108078,8b4dfcc6,81582000,348b5514,108b088b,017599eb,5dc21400,cccccccc
1788306650.920609,27512,7.006492321624085e-45,8.407790785948902e-45,1.401298464324817e-45,1.401298464324817e-45,1.0,0.0,0.0,0.0,0.0,0.0,0.0,1.0,0.0,0.0,0.0,0.0,0.0,0.0,0.0,0.0,0.0,0.0,0.0,0.0,1.0,0.0,1.0,0.0,0.0,0.0,0.0,0.0,0.0,0.0,0.0,0.0,1.0,0.0,0.0,0.0,0.0,0.0,0.0,0.0,0.0,0.0,0.0,0.0,0.0,0.0,0.0,0.0,0f1f8400,c1018d48,8bc1eb0c,000f1f80,00000000,8b5df48b,c8c1f905,f085148e,008b450c,008bca81,01a90000,088b04b9,f8000000,098bc1c1,e817a801,0f85e300,0facc214,f0010000,20040000,a810751b,0d83ff06,45f88b73,1f83ff06,00000006,1af6c101,07c745f0,02000000,8b45f889,45f8660f,8b45108b,058bcb8b,0000d3e0,75108078,8b4dfcc6,81582000,348b5514,108b088b,017599eb,5dc21400,cccccccc
1788306651.0212417,27512,7.006492321624085e-45,8.407790785948902e-45,1.401298464324817e-45,1.401298464324817e-45,1.0,0.0,0.0,0.0,0.0,0.0,0.0,1.0,0.0,0.0,0.0,0.0,0.0,0.0,0.0,0.0,0.0,0.0,0.0,0.0,1.0,0.0,1.0,0.0,0.0,0.0,0.0,0.0,0.0,0.0,0.0,0.0,1.0,0.0,0.0,0.0,0.0,0.0,0.0,0.0,0.0,0.0,0.0,0.0,0.0,0.0,0.0,0.0,0f1f8400,c1018d48,8bc1eb0c,000f1f80,00000000,8b5df48b,c8c1f905,f085148e,008b450c,008bca81,01a90000,088b04b9,f8000000,098bc1c1,e817a801,0f85e300,0facc214,f0010000,20040000,a810751b,0d83ff06,45f88b73,1f83ff06,00000006,1af6c101,07c745f0,02000000,8b45f889,45f8660f,8b45108b,058bcb8b,0000d3e0,75108078,8b4dfcc6,81582000,348b5514,108b088b,017599eb,5dc21400,cccccccc
1788306651.1220157,27512,7.006492321624085e-45,8.407790785948902e-45,1.401298464324817e-45,1.401298464324817e-45,1.0,0.0,0.0,0.0,0.0,0.0,0.0,1.0,0.0,0.0,0.0,0.0,0.0,0.0,0.0,0.0,0.0,0.0,0.0,0.0,1.0,0.0,1.0,0.0,0.0,0.0,0.0,0.0,0.0,0.0,0.0,0.0,1.0,0.0,0.0,0.0,0.0,0.0,0.0,0.0,0.0,0.0,0.0,0.0,0.0,0.0,0.0,0.0,0f1f8400,c1018d48,8bc1eb0c,000f1f80,00000000,8b5df48b,c8c1f905,f085148e,008b450c,008bca81,01a90000,088b04b9,f8000000,098bc1c1,e817a801,0f85e300,0facc214,f0010000,20040000,a810751b,0d83ff06,45f88b73,1f83ff06,00000006,1af6c101,07c745f0,02000000,8b45f889,45f8660f,8b45108b,058bcb8b,0000d3e0,75108078,8b4dfcc6,81582000,348b5514,108b088b,017599eb,5dc21400,cccccccc
1788306651.2226768,27512,7.006492321624085e-45,8.407790785948902e-45,1.401298464324817e-45,1.401298464324817e-45,1.0,0.0,0.0,0.0,0.0,0.0,0.0,1.0,0.0,0.0,0.0,0.0,0.0,0.0,0.0,0.0,0.0,0.0,0.0,0.0,1.0,0.0,1.0,0.0,0.0,0.0,0.0,0.0,0.0,0.0,0.0,0.0,1.0,0.0,0.0,0.0,0.0,0.0,0.0,0.0,0.0,0.0,0.0,0.0,0.0,0.0,0.0,0.0,0f1f8400,c1018d48,8bc1eb0c,000f1f80,00000000,8b5df48b,c8c1f905,f085148e,008b450c,008bca81,01a90000,088b04b9,f8000000,098bc1c1,e817a801,0f85e300,0facc214,f0010000,20040000,a810751b,0d83ff06,45f88b73,1f83ff06,00000006,1af6c101,07c745f0,02000000,8b45f889,45f8660f,8b45108b,058bcb8b,0000d3e0,75108078,8b4dfcc6,81582000,348b5514,108b088b,017599eb,5dc21400,cccccccc
1788306651.3437164,27512,7.006492321624085e-45,8.407790785948902e-45,1.401298464324817e-45,1.401298464324817e-45,1.0,0.0,0.0,0.0,0.0,0.0,0.0,1.0,0.0,0.0,0.0,0.0,0.0,0.0,0.0,0.0,0.0,0.0,0.0,0.0,1.0,0.0,1.0,0.0,0.0,0.0,0.0,0.0,0.0,0.0,0.0,0.0,1.0,0.0,0.0,0.0,0.0,0.0,0.0,0.0,0.0,0.0,0.0,0.0,0.0,0.0,0.0,0.0,0f1f8400,c1018d48,8bc1eb0c,000f1f80,00000000,8b5df48b,c8c1f905,f085148e,008b450c,008bca81,01a90000,088b04b9,f8000000,098bc1c1,e817a801,0f85e300,0facc214,f0010000,20040000,a810751b,0d83ff06,45f88b73,1f83ff06,00000006,1af6c101,07c745f0,02000000,8b45f889,45f8660f,8b45108b,058bcb8b,0000d3e0,75108078,8b4dfcc6,81582000,348b5514,108b088b,017599eb,5dc21400,cccccccc
1788306651.4446607,27512,7.006492321624085e-45,8.407790785948902e-45,1.401298464324817e-45,1.401298464324817e-45,1.0,0.0,0.0,0.0,0.0,0.0,0.0,1.0,0.0,0.0,0.0,0.0,0.0,0.0,0.0,0.0,0.0,0.0,0.0,0.0,1.0,0.0,1.0,0.0,0.0,0.0,0.0,0.0,0.0,0.0,0.0,0.0,1.0,0.0,0.0,0.0,0.0,0.0,0.0,0.0,0.0,0.0,0.0,0.0,0.0,0.0,0.0,0.0,0f1f8400,c1018d48,8bc1eb0c,000f1f80,00000000,8b5df48b,c8c1f905,f085148e,008b450c,008bca81,01a90000,088b04b9,f8000000,098bc1c1,e817a801,0f85e300,0facc214,f0010000,20040000,a810751b,0d83ff06,45f88b73,1f83ff06,00000006,1af6c101,07c745f0,02000000,8b45f889,45f8660f,8b45108b,058bcb8b,0000d3e0,75108078,8b4dfcc6,81582000,348b5514,108b088b,017599eb,5dc21400,cccccccc
1788306651.545526,27512,7.006492321624085e-45,8.407790785948902e-45,1.401298464324817e-45,1.401298464324817e-45,1.0,0.0,0.0,0.0,0.0,0.0,0.0,1.0,0.0,0.0,0.0,0.0,0.0,0.0,0.0,0.0,0.0,0.0,0.0,0.0,1.0,0.0,1.0,0.0,0.0,0.0,0.0,0.0,0.0,0.0,0.0,0.0,1.0,0.0,0.0,0.0,0.0,0.0,0.0,0.0,0.0,0.0,0.0,0.0,0.0,0.0,0.0,0.0,0f1f8400,c1018d48,8bc1eb0c,000f1f80,00000000,8b5df48b,c8c1f905,f085148e,008b450c,008bca81,01a90000,088b04b9,f8000000,098bc1c1,e817a801,0f85e300,0facc214,f0010000,20040000,a810751b,0d83ff06,45f88b73,1f83ff06,00000006,1af6c101,07c745f0,02000000,8b45f889,45f8660f,8b45108b,058bcb8b,0000d3e0,75108078,8b4dfcc6,81582000,348b5514,108b088b,017599eb,5dc21400,cccccccc
1788306651.6463416,27512,7.006492321624085e-45,8.407790785948902e-45,1.401298464324817e-45,1.401298464324817e-45,1.0,0.0,0.0,0.0,0.0,0.0,0.0,1.0,0.0,0.0,0.0,0.0,0.0,0.0,0.0,0.0,0.0,0.0,0.0,0.0,1.0,0.0,1.0,0.0,0.0,0.0,0.0,0.0,0.0,0.0,0.0,0.0,1.0,0.0,0.0,0.0,0.0,0.0,0.0,0.0,0.0,0.0,0.0,0.0,0.0,0.0,0.0,0.0,0f1f8400,c1018d48,8bc1eb0c,000f1f80,00000000,8b5df48b,c8c1f905,f085148e,008b450c,008bca81,01a90000,088b04b9,f8000000,098bc1c1,e817a801,0f85e300,0facc214,f0010000,20040000,a810751b,0d83ff06,45f88b73,1f83ff06,00000006,1af6c101,07c745f0,02000000,8b45f889,45f8660f,8b45108b,058bcb8b,0000d3e0,75108078,8b4dfcc6,81582000,348b5514,108b088b,017599eb,5dc21400,cccccccc
1788306651.7469041,27512,7.006492321624085e-45,8.407790785948902e-45,1.401298464324817e-45,1.401298464324817e-45,1.0,0.0,0.0,0.0,0.0,0.0,0.0,1.0,0.0,0.0,0.0,0.0,0.0,0.0,0.0,0.0,0.0,0.0,0.0,0.0,1.0,0.0,1.0,0.0,0.0,0.0,0.0,0.0,0.0,0.0,0.0,0.0,1.0,0.0,0.0,0.0,0.0,0.0,0.0,0.0,0.0,0.0,0.0,0.0,0.0,0.0,0.0,0.0,0f1f8400,c1018d48,8bc1eb0c,000f1f80,00000000,8b5df48b,c8c1f905,f085148e,008b450c,008bca81,01a90000,088b04b9,f8000000,098bc1c1,e817a801,0f85e300,0facc214,f0010000,20040000,a810751b,0d83ff06,45f88b73,1f83ff06,00000006,1af6c101,07c745f0,02000000,8b45f889,45f8660f,8b45108b,058bcb8b,0000d3e0,75108078,8b4dfcc6,81582000,348b5514,108b088b,017599eb,5dc21400,cccccccc
1788306651.847805,27512,7.006492321624085e-45,8.407790785948902e-45,1.401298464324817e-45,1.401298464324817e-45,1.0,0.0,0.0,0.0,0.0,0.0,0.0,1.0,0.0,0.0,0.0,0.0,0.0,0.0,0.0,0.0,0.0,0.0,0.0,0.0,1.0,0.0,1.0,0.0,0.0,0.0,0.0,0.0,0.0,0.0,0.0,0.0,1.0,0.0,0.0,0.0,0.0,0.0,0.0,0.0,0.0,0.0,0.0,0.0,0.0,0.0,0.0,0.0,0f1f8400,c1018d48,8bc1eb0c,000f1f80,00000000,8b5df48b,c8c1f905,f085148e,008b450c,008bca81,01a90000,088b04b9,f8000000,098bc1c1,e817a801,0f85e300,0facc214,f0010000,20040000,a810751b,0d83ff06,45f88b73,1f83ff06,00000006,1af6c101,07c745f0,02000000,8b45f889,45f8660f,8b45108b,058bcb8b,0000d3e0,75108078,8b4dfcc6,81582000,348b5514,108b088b,017599eb,5dc21400,cccccccc
1788306651.94872,27512,7.006492321624085e-45,8.407790785948902e-45,1.401298464324817e-45,1.401298464324817e-45,1.0,0.0,0.0,0.0,0.0,0.0,0.0,1.0,0.0,0.0,0.0,0.0,0.0,0.0,0.0,0.0,0.0,0.0,0.0,0.0,1.0,0.0,1.0,0.0,0.0,0.0,0.0,0.0,0.0,0.0,0.0,0.0,1.0,0.0,0.0,0.0,0.0,0.0,0.0,0.0,0.0,0.0,0.0,0.0,0.0,0.0,0.0,0.0,0f1f8400,c1018d48,8bc1eb0c,000f1f80,00000000,8b5df48b,c8c1f905,f085148e,008b450c,008bca81,01a90000,088b04b9,f8000000,098bc1c1,e817a801,0f85e300,0facc214,f0010000,20040000,a810751b,0d83ff06,45f88b73,1f83ff06,00000006,1af6c101,07c745f0,02000000,8b45f889,45f8660f,8b45108b,058bcb8b,0000d3e0,75108078,8b4dfcc6,81582000,348b5514,108b088b,017599eb,5dc21400,cccccccc
1788306652.0492275,27512,7.006492321624085e-45,8.407790785948902e-45,1.401298464324817e-45,1.401298464324817e-45,1.0,0.0,0.0,0.0,0.0,0.0,0.0,1.0,0.0,0.0,0.0,0.0,0.0,0.0,0.0,0.0,0.0,0.0,0.0,0.0,1.0,0.0,1.0,0.0,0.0,0.0,0.0,0.0,0.0,0.0,0.0,0.0,1.0,0.0,0.0,0.0,0.0,0.0,0.0,0.0,0.0,0.0,0.0,0.0,0.0,0.0,0.0,0.0,0f1f8400,c1018d48,8bc1eb0c,000f1f80,00000000,8b5df48b,c8c1f905,f085148e,008b450c,008bca81,01a90000,088b04b9,f8000000,098bc1c1,e817a801,0f85e300,0facc214,f0010000,20040000,a810751b,0d83ff06,45f88b73,1f83ff06,00000006,1af6c101,07c745f0,02000000,8b45f889,45f8660f,8b45108b,058bcb8b,0000d3e0,75108078,8b4dfcc6,81582000,348b5514,108b088b,017599eb,5dc21400,cccccccc
1788306652.149746,27512,7.006492321624085e-45,8.407790785948902e-45,1.401298464324817e-45,1.401298464324817e-45,1.0,0.0,0.0,0.0,0.0,0.0,0.0,1.0,0.0,0.0,0.0,0.0,0.0,0.0,0.0,0.0,0.0,0.0,0.0,0.0,1.0,0.0,1.0,0.0,0.0,0.0,0.0,0.0,0.0,0.0,0.0,0.0,1.0,0.0,0.0,0.0,0.0,0.0,0.0,0.0,0.0,0.0,0.0,0.0,0.0,0.0,0.0,0.0,0f1f8400,c1018d48,8bc1eb0c,000f1f80,00000000,8b5df48b,c8c1f905,f085148e,008b450c,008bca81,01a90000,088b04b9,f8000000,098bc1c1,e817a801,0f85e300,0facc214,f0010000,20040000,a810751b,0d83ff06,45f88b73,1f83ff06,00000006,1af6c101,07c745f0,02000000,8b45f889,45f8660f,8b45108b,058bcb8b,0000d3e0,75108078,8b4dfcc6,81582000,348b5514,108b088b,017599eb,5dc21400,cccccccc
1788306652.2506416,27512,7.006492321624085e-45,8.407790785948902e-45,1.401298464324817e-45,1.401298464324817e-45,1.0,0.0,0.0,0.0,0.0,0.0,0.0,1.0,0.0,0.0,0.0,0.0,0.0,0.0,0.0,0.0,0.0,0.0,0.0,0.0,1.0,0.0,1.0,0.0,0.0,0.0,0.0,0.0,0.0,0.0,0.0,0.0,1.0,0.0,0.0,0.0,0.0,0.0,0.0,0.0,0.0,0.0,0.0,0.0,0.0,0.0,0.0,0.0,0f1f8400,c1018d48,8bc1eb0c,000f1f80,00000000,8b5df48b,c8c1f905,f085148e,008b450c,008bca81,01a90000,088b04b9,f8000000,098bc1c1,e817a801,0f85e300,0facc214,f0010000,20040000,a810751b,0d83ff06,45f88b73,1f83ff06,00000006,1af6c101,07c745f0,02000000,8b45f889,45f8660f,8b45108b,058bcb8b,0000d3e0,75108078,8b4dfcc6,81582000,348b5514,108b088b,017599eb,5dc21400,cccccccc
1788306652.3521268,27512,7.006492321624085e-45,8.407790785948902e-45,1.401298464324817e-45,1.401298464324817e-45,1.0,0.0,0.0,0.0,0.0,0.0,0.0,1.0,0.0,0.0,0.0,0.0,0.0,0.0,0.0,0.0,0.0,0.0,0.0,0.0,1.0,0.0,1.0,0.0,0.0,0.0,0.0,0.0,0.0,0.0,0.0,0.0,1.0,0.0,0.0,0.0,0.0,0.0,0.0,0.0,0.0,0.0,0.0,0.0,0.0,0.0,0.0,0.0,0f1f8400,c1018d48,8bc1eb0c,000f1f80,00000000,8b5df48b,c8c1f905,f085148e,008b450c,008bca81,01a90000,088b04b9,f8000000,098bc1c1,e817a801,0f85e300,0facc214,f0010000,20040000,a810751b,0d83ff06,45f88b73,1f83ff06,00000006,1af6c101,07c745f0,02000000,8b45f889,45f8660f,8b45108b,058bcb8b,0000d3e0,75108078,8b4dfcc6,81582000,348b5514,108b088b,017599eb,5dc21400,cccccccc
1788306652.4528782,27512,7.006492321624085e-45,8.407790785948902e-45,1.401298464324817e-45,1.401298464324817e-45,1.0,0.0,0.0,0.0,0.0,0.0,0.0,1.0,0.0,0.0,0.0,0.0,0.0,0.0,0.0,0.0,0.0,0.0,0.0,0.0,1.0,0.0,1.0,0.0,0.0,0.0,0.0,0.0,0.0,0.0,0.0,0.0,1.0,0.0,0.0,0.0,0.0,0.0,0.0,0.0,0.0,0.0,0.0,0.0,0.0,0.0,0.0,0.0,0f1f8400,c1018d48,8bc1eb0c,000f1f80,00000000,8b5df48b,c8c1f905,f085148e,008b450c,008bca81,01a90000,088b04b9,f8000000,098bc1c1,e817a801,0f85e300,0facc214,f0010000,20040000,a810751b,0d83ff06,45f88b73,1f83ff06,00000006,1af6c101,07c745f0,02000000,8b45f889,45f8660f,8b45108b,058bcb8b,0000d3e0,75108078,8b4dfcc6,81582000,348b5514,108b088b,017599eb,5dc21400,cccccccc
1788306652.5537589,27512,7.006492321624085e-45,8.407790785948902e-45,1.401298464324817e-45,1.401298464324817e-45,1.0,0.0,0.0,0.0,0.0,0.0,0.0,1.0,0.0,0.0,0.0,0.0,0.0,0.0,0.0,0.0,0.0,0.0,0.0,0.0,1.0,0.0,1.0,0.0,0.0,0.0,0.0,0.0,0.0,0.0,0.0,0.0,1.0,0.0,0.0,0.0,0.0,0.0,0.0,0.0,0.0,0.0,0.0,0.0,0.0,0.0,0.0,0.0,0f1f8400,c1018d48,8bc1eb0c,000f1f80,00000000,8b5df48b,c8c1f905,f085148e,008b450c,008bca81,01a90000,088b04b9,f8000000,098bc1c1,e817a801,0f85e300,0facc214,f0010000,20040000,a810751b,0d83ff06,45f88b73,1f83ff06,00000006,1af6c101,07c745f0,02000000,8b45f889,45f8660f,8b45108b,058bcb8b,0000d3e0,75108078,8b4dfcc6,81582000,348b5514,108b088b,017599eb,5dc21400,cccccccc
1788306652.6544628,27512,7.006492321624085e-45,8.407790785948902e-45,1.401298464324817e-45,1.401298464324817e-45,1.0,0.0,0.0,0.0,0.0,0.0,0.0,1.0,0.0,0.0,0.0,0.0,0.0,0.0,0.0,0.0,0.0,0.0,0.0,0.0,1.0,0.0,1.0,0.0,0.0,0.0,0.0,0.0,0.0,0.0,0.0,0.0,1.0,0.0,0.0,0.0,0.0,0.0,0.0,0.0,0.0,0.0,0.0,0.0,0.0,0.0,0.0,0.0,0f1f8400,c1018d48,8bc1eb0c,000f1f80,00000000,8b5df48b,c8c1f905,f085148e,008b450c,008bca81,01a90000,088b04b9,f8000000,098bc1c1,e817a801,0f85e300,0facc214,f0010000,20040000,a810751b,0d83ff06,45f88b73,1f83ff06,00000006,1af6c101,07c745f0,02000000,8b45f889,45f8660f,8b45108b,058bcb8b,0000d3e0,75108078,8b4dfcc6,81582000,348b5514,108b088b,017599eb,5dc21400,cccccccc
1788306652.7549105,27512,7.006492321624085e-45,8.407790785948902e-45,1.401298464324817e-45,1.401298464324817e-45,1.0,0.0,0.0,0.0,0.0,0.0,0.0,1.0,0.0,0.0,0.0,0.0,0.0,0.0,0.0,0.0,0.0,0.0,0.0,0.0,1.0,0.0,1.0,0.0,0.0,0.0,0.0,0.0,0.0,0.0,0.0,0.0,1.0,0.0,0.0,0.0,0.0,0.0,0.0,0.0,0.0,0.0,0.0,0.0,0.0,0.0,0.0,0.0,0f1f8400,c1018d48,8bc1eb0c,000f1f80,00000000,8b5df48b,c8c1f905,f085148e,008b450c,008bca81,01a90000,088b04b9,f8000000,098bc1c1,e817a801,0f85e300,0facc214,f0010000,20040000,a810751b,0d83ff06,45f88b73,1f83ff06,00000006,1af6c101,07c745f0,02000000,8b45f889,45f8660f,8b45108b,058bcb8b,0000d3e0,75108078,8b4dfcc6,81582000,348b5514,108b088b,017599eb,5dc21400,cccccccc
1788306652.8814662,27512,7.006492321624085e-45,8.407790785948902e-45,1.401298464324817e-45,1.401298464324817e-45,1.0,0.0,0.0,0.0,0.0,0.0,0.0,1.0,0.0,0.0,0.0,0.0,0.0,0.0,0.0,0.0,0.0,0.0,0.0,0.0,1.0,0.0,1.0,0.0,0.0,0.0,0.0,0.0,0.0,0.0,0.0,0.0,1.0,0.0,0.0,0.0,0.0,0.0,0.0,0.0,0.0,0.0,0.0,0.0,0.0,0.0,0.0,0.0,0f1f8400,c1018d48,8bc1eb0c,000f1f80,00000000,8b5df48b,c8c1f905,f085148e,008b450c,008bca81,01a90000,088b04b9,f8000000,098bc1c1,e817a801,0f85e300,0facc214,f0010000,20040000,a810751b,0d83ff06,45f88b73,1f83ff06,00000006,1af6c101,07c745f0,02000000,8b45f889,45f8660f,8b45108b,058bcb8b,0000d3e0,75108078,8b4dfcc6,81582000,348b5514,108b088b,017599eb,5dc21400,cccccccc
1788306652.9823356,27512,7.006492321624085e-45,8.407790785948902e-45,1.401298464324817e-45,1.401298464324817e-45,1.0,0.0,0.0,0.0,0.0,0.0,0.0,1.0,0.0,0.0,0.0,0.0,0.0,0.0,0.0,0.0,0.0,0.0,0.0,0.0,1.0,0.0,1.0,0.0,0.0,0.0,0.0,0.0,0.0,0.0,0.0,0.0,1.0,0.0,0.0,0.0,0.0,0.0,0.0,0.0,0.0,0.0,0.0,0.0,0.0,0.0,0.0,0.0,0f1f8400,c1018d48,8bc1eb0c,000f1f80,00000000,8b5df48b,c8c1f905,f085148e,008b450c,008bca81,01a90000,088b04b9,f8000000,098bc1c1,e817a801,0f85e300,0facc214,f0010000,20040000,a810751b,0d83ff06,45f88b73,1f83ff06,00000006,1af6c101,07c745f0,02000000,8b45f889,45f8660f,8b45108b,058bcb8b,0000d3e0,75108078,8b4dfcc6,81582000,348b5514,108b088b,017599eb,5dc21400,cccccccc
1788306653.0831795,27512,7.006492321624085e-45,8.407790785948902e-45,1.401298464324817e-45,1.401298464324817e-45,1.0,0.0,0.0,0.0,0.0,0.0,0.0,1.0,0.0,0.0,0.0,0.0,0.0,0.0,0.0,0.0,0.0,0.0,0.0,0.0,1.0,0.0,1.0,0.0,0.0,0.0,0.0,0.0,0.0,0.0,0.0,0.0,1.0,0.0,0.0,0.0,0.0,0.0,0.0,0.0,0.0,0.0,0.0,0.0,0.0,0.0,0.0,0.0,0f1f8400,c1018d48,8bc1eb0c,000f1f80,00000000,8b5df48b,c8c1f905,f085148e,008b450c,008bca81,01a90000,088b04b9,f8000000,098bc1c1,e817a801,0f85e300,0facc214,f0010000,20040000,a810751b,0d83ff06,45f88b73,1f83ff06,00000006,1af6c101,07c745f0,02000000,8b45f889,45f8660f,8b45108b,058bcb8b,0000d3e0,75108078,8b4dfcc6,81582000,348b5514,108b088b,017599eb,5dc21400,cccccccc
1788306653.1835756,27512,7.006492321624085e-45,8.407790785948902e-45,1.401298464324817e-45,1.401298464324817e-45,1.0,0.0,0.0,0.0,0.0,0.0,0.0,1.0,0.0,0.0,0.0,0.0,0.0,0.0,0.0,0.0,0.0,0.0,0.0,0.0,1.0,0.0,1.0,0.0,0.0,0.0,0.0,0.0,0.0,0.0,0.0,0.0,1.0,0.0,0.0,0.0,0.0,0.0,0.0,0.0,0.0,0.0,0.0,0.0,0.0,0.0,0.0,0.0,0f1f8400,c1018d48,8bc1eb0c,000f1f80,00000000,8b5df48b,c8c1f905,f085148e,008b450c,008bca81,01a90000,088b04b9,f8000000,098bc1c1,e817a801,0f85e300,0facc214,f0010000,20040000,a810751b,0d83ff06,45f88b73,1f83ff06,00000006,1af6c101,07c745f0,02000000,8b45f889,45f8660f,8b45108b,058bcb8b,0000d3e0,75108078,8b4dfcc6,81582000,348b5514,108b088b,017599eb,5dc21400,cccccccc
1788306653.284494,27512,7.006492321624085e-45,8.407790785948902e-45,1.401298464324817e-45,1.401298464324817e-45,1.0,0.0,0.0,0.0,0.0,0.0,0.0,1.0,0.0,0.0,0.0,0.0,0.0,0.0,0.0,0.0,0.0,0.0,0.0,0.0,1.0,0.0,1.0,0.0,0.0,0.0,0.0,0.0,0.0,0.0,0.0,0.0,1.0,0.0,0.0,0.0,0.0,0.0,0.0,0.0,0.0,0.0,0.0,0.0,0.0,0.0,0.0,0.0,0f1f8400,c1018d48,8bc1eb0c,000f1f80,00000000,8b5df48b,c8c1f905,f085148e,008b450c,008bca81,01a90000,088b04b9,f8000000,098bc1c1,e817a801,0f85e300,0facc214,f0010000,20040000,a810751b,0d83ff06,45f88b73,1f83ff06,00000006,1af6c101,07c745f0,02000000,8b45f889,45f8660f,8b45108b,058bcb8b,0000d3e0,75108078,8b4dfcc6,81582000,348b5514,108b088b,017599eb,5dc21400,cccccccc
1788306653.3850722,27512,7.006492321624085e-45,8.407790785948902e-45,1.401298464324817e-45,1.401298464324817e-45,1.0,0.0,0.0,0.0,0.0,0.0,0.0,1.0,0.0,0.0,0.0,0.0,0.0,0.0,0.0,0.0,0.0,0.0,0.0,0.0,1.0,0.0,1.0,0.0,0.0,0.0,0.0,0.0,0.0,0.0,0.0,0.0,1.0,0.0,0.0,0.0,0.0,0.0,0.0,0.0,0.0,0.0,0.0,0.0,0.0,0.0,0.0,0.0,0f1f8400,c1018d48,8bc1eb0c,000f1f80,00000000,8b5df48b,c8c1f905,f085148e,008b450c,008bca81,01a90000,088b04b9,f8000000,098bc1c1,e817a801,0f85e300,0facc214,f0010000,20040000,a810751b,0d83ff06,45f88b73,1f83ff06,00000006,1af6c101,07c745f0,02000000,8b45f889,45f8660f,8b45108b,058bcb8b,0000d3e0,75108078,8b4dfcc6,81582000,348b5514,108b088b,017599eb,5dc21400,cccccccc
1788306653.486056,27512,7.006492321624085e-45,8.407790785948902e-45,1.401298464324817e-45,1.401298464324817e-45,1.0,0.0,0.0,0.0,0.0,0.0,0.0,1.0,0.0,0.0,0.0,0.0,0.0,0.0,0.0,0.0,0.0,0.0,0.0,0.0,1.0,0.0,1.0,0.0,0.0,0.0,0.0,0.0,0.0,0.0,0.0,0.0,1.0,0.0,0.0,0.0,0.0,0.0,0.0,0.0,0.0,0.0,0.0,0.0,0.0,0.0,0.0,0.0,0f1f8400,c1018d48,8bc1eb0c,000f1f80,00000000,8b5df48b,c8c1f905,f085148e,008b450c,008bca81,01a90000,088b04b9,f8000000,098bc1c1,e817a801,0f85e300,0facc214,f0010000,20040000,a810751b,0d83ff06,45f88b73,1f83ff06,00000006,1af6c101,07c745f0,02000000,8b45f889,45f8660f,8b45108b,058bcb8b,0000d3e0,75108078,8b4dfcc6,81582000,348b5514,108b088b,017599eb,5dc21400,cccccccc
1788306653.5867624,27512,7.006492321624085e-45,8.407790785948902e-45,1.401298464324817e-45,1.401298464324817e-45,1.0,0.0,0.0,0.0,0.0,0.0,0.0,1.0,0.0,0.0,0.0,0.0,0.0,0.0,0.0,0.0,0.0,0.0,0.0,0.0,1.0,0.0,1.0,0.0,0.0,0.0,0.0,0.0,0.0,0.0,0.0,0.0,1.0,0.0,0.0,0.0,0.0,0.0,0.0,0.0,0.0,0.0,0.0,0.0,0.0,0.0,0.0,0.0,0f1f8400,c1018d48,8bc1eb0c,000f1f80,00000000,8b5df48b,c8c1f905,f085148e,008b450c,008bca81,01a90000,088b04b9,f8000000,098bc1c1,e817a801,0f85e300,0facc214,f0010000,20040000,a810751b,0d83ff06,45f88b73,1f83ff06,00000006,1af6c101,07c745f0,02000000,8b45f889,45f8660f,8b45108b,058bcb8b,0000d3e0,75108078,8b4dfcc6,81582000,348b5514,108b088b,017599eb,5dc21400,cccccccc
1788306653.6873016,27512,7.006492321624085e-45,8.407790785948902e-45,1.401298464324817e-45,1.401298464324817e-45,1.0,0.0,0.0,0.0,0.0,0.0,0.0,1.0,0.0,0.0,0.0,0.0,0.0,0.0,0.0,0.0,0.0,0.0,0.0,0.0,1.0,0.0,1.0,0.0,0.0,0.0,0.0,0.0,0.0,0.0,0.0,0.0,1.0,0.0,0.0,0.0,0.0,0.0,0.0,0.0,0.0,0.0,0.0,0.0,0.0,0.0,0.0,0.0,0f1f8400,c1018d48,8bc1eb0c,000f1f80,00000000,8b5df48b,c8c1f905,f085148e,008b450c,008bca81,01a90000,088b04b9,f8000000,098bc1c1,e817a801,0f85e300,0facc214,f0010000,20040000,a810751b,0d83ff06,45f88b73,1f83ff06,00000006,1af6c101,07c745f0,02000000,8b45f889,45f8660f,8b45108b,058bcb8b,0000d3e0,75108078,8b4dfcc6,81582000,348b5514,108b088b,017599eb,5dc21400,cccccccc
1788306653.7877617,27512,7.006492321624085e-45,8.407790785948902e-45,1.401298464324817e-45,1.401298464324817e-45,1.0,0.0,0.0,0.0,0.0,0.0,0.0,1.0,0.0,0.0,0.0,0.0,0.0,0.0,0.0,0.0,0.0,0.0,0.0,0.0,1.0,0.0,1.0,0.0,0.0,0.0,0.0,0.0,0.0,0.0,0.0,0.0,1.0,0.0,0.0,0.0,0.0,0.0,0.0,0.0,0.0,0.0,0.0,0.0,0.0,0.0,0.0,0.0,0f1f8400,c1018d48,8bc1eb0c,000f1f80,00000000,8b5df48b,c8c1f905,f085148e,008b450c,008bca81,01a90000,088b04b9,f8000000,098bc1c1,e817a801,0f85e300,0facc214,f0010000,20040000,a810751b,0d83ff06,45f88b73,1f83ff06,00000006,1af6c101,07c745f0,02000000,8b45f889,45f8660f,8b45108b,058bcb8b,0000d3e0,75108078,8b4dfcc6,81582000,348b5514,108b088b,017599eb,5dc21400,cccccccc
1788306653.888471,27512,7.006492321624085e-45,8.407790785948902e-45,1.401298464324817e-45,1.401298464324817e-45,1.0,0.0,0.0,0.0,0.0,0.0,0.0,1.0,0.0,0.0,0.0,0.0,0.0,0.0,0.0,0.0,0.0,0.0,0.0,0.0,1.0,0.0,1.0,0.0,0.0,0.0,0.0,0.0,0.0,0.0,0.0,0.0,1.0,0.0,0.0,0.0,0.0,0.0,0.0,0.0,0.0,0.0,0.0,0.0,0.0,0.0,0.0,0.0,0f1f8400,c1018d48,8bc1eb0c,000f1f80,00000000,8b5df48b,c8c1f905,f085148e,008b450c,008bca81,01a90000,088b04b9,f8000000,098bc1c1,e817a801,0f85e300,0facc214,f0010000,20040000,a810751b,0d83ff06,45f88b73,1f83ff06,00000006,1af6c101,07c745f0,02000000,8b45f889,45f8660f,8b45108b,058bcb8b,0000d3e0,75108078,8b4dfcc6,81582000,348b5514,108b088b,017599eb,5dc21400,cccccccc
1788306653.9902666,27512,7.006492321624085e-45,8.407790785948902e-45,1.401298464324817e-45,1.401298464324817e-45,1.0,0.0,0.0,0.0,0.0,0.0,0.0,1.0,0.0,0.0,0.0,0.0,0.0,0.0,0.0,0.0,0.0,0.0,0.0,0.0,1.0,0.0,1.0,0.0,0.0,0.0,0.0,0.0,0.0,0.0,0.0,0.0,1.0,0.0,0.0,0.0,0.0,0.0,0.0,0.0,0.0,0.0,0.0,0.0,0.0,0.0,0.0,0.0,0f1f8400,c1018d48,8bc1eb0c,000f1f80,00000000,8b5df48b,c8c1f905,f085148e,008b450c,008bca81,01a90000,088b04b9,f8000000,098bc1c1,e817a801,0f85e300,0facc214,f0010000,20040000,a810751b,0d83ff06,45f88b73,1f83ff06,00000006,1af6c101,07c745f0,02000000,8b45f889,45f8660f,8b45108b,058bcb8b,0000d3e0,75108078,8b4dfcc6,81582000,348b5514,108b088b,017599eb,5dc21400,cccccccc
1788306654.0908265,27512,7.006492321624085e-45,8.407790785948902e-45,1.401298464324817e-45,1.401298464324817e-45,1.0,0.0,0.0,0.0,0.0,0.0,0.0,1.0,0.0,0.0,0.0,0.0,0.0,0.0,0.0,0.0,0.0,0.0,0.0,0.0,1.0,0.0,1.0,0.0,0.0,0.0,0.0,0.0,0.0,0.0,0.0,0.0,1.0,0.0,0.0,0.0,0.0,0.0,0.0,0.0,0.0,0.0,0.0,0.0,0.0,0.0,0.0,0.0,0f1f8400,c1018d48,8bc1eb0c,000f1f80,00000000,8b5df48b,c8c1f905,f085148e,008b450c,008bca81,01a90000,088b04b9,f8000000,098bc1c1,e817a801,0f85e300,0facc214,f0010000,20040000,a810751b,0d83ff06,45f88b73,1f83ff06,00000006,1af6c101,07c745f0,02000000,8b45f889,45f8660f,8b45108b,058bcb8b,0000d3e0,75108078,8b4dfcc6,81582000,348b5514,108b088b,017599eb,5dc21400,cccccccc
1788306654.1913567,27512,7.006492321624085e-45,8.407790785948902e-45,1.401298464324817e-45,1.401298464324817e-45,1.0,0.0,0.0,0.0,0.0,0.0,0.0,1.0,0.0,0.0,0.0,0.0,0.0,0.0,0.0,0.0,0.0,0.0,0.0,0.0,1.0,0.0,1.0,0.0,0.0,0.0,0.0,0.0,0.0,0.0,0.0,0.0,1.0,0.0,0.0,0.0,0.0,0.0,0.0,0.0,0.0,0.0,0.0,0.0,0.0,0.0,0.0,0.0,0f1f8400,c1018d48,8bc1eb0c,000f1f80,00000000,8b5df48b,c8c1f905,f085148e,008b450c,008bca81,01a90000,088b04b9,f8000000,098bc1c1,e817a801,0f85e300,0facc214,f0010000,20040000,a810751b,0d83ff06,45f88b73,1f83ff06,00000006,1af6c101,07c745f0,02000000,8b45f889,45f8660f,8b45108b,058bcb8b,0000d3e0,75108078,8b4dfcc6,81582000,348b5514,108b088b,017599eb,5dc21400,cccccccc
1788306654.291792,27512,7.006492321624085e-45,8.407790785948902e-45,1.401298464324817e-45,1.401298464324817e-45,1.0,0.0,0.0,0.0,0.0,0.0,0.0,1.0,0.0,0.0,0.0,0.0,0.0,0.0,0.0,0.0,0.0,0.0,0.0,0.0,1.0,0.0,1.0,0.0,0.0,0.0,0.0,0.0,0.0,0.0,0.0,0.0,1.0,0.0,0.0,0.0,0.0,0.0,0.0,0.0,0.0,0.0,0.0,0.0,0.0,0.0,0.0,0.0,0f1f8400,c1018d48,8bc1eb0c,000f1f80,00000000,8b5df48b,c8c1f905,f085148e,008b450c,008bca81,01a90000,088b04b9,f8000000,098bc1c1,e817a801,0f85e300,0facc214,f0010000,20040000,a810751b,0d83ff06,45f88b73,1f83ff06,00000006,1af6c101,07c745f0,02000000,8b45f889,45f8660f,8b45108b,058bcb8b,0000d3e0,75108078,8b4dfcc6,81582000,348b5514,108b088b,017599eb,5dc21400,cccccccc
1788306654.392289,27512,7.006492321624085e-45,8.407790785948902e-45,1.401298464324817e-45,1.401298464324817e-45,1.0,0.0,0.0,0.0,0.0,0.0,0.0,1.0,0.0,0.0,0.0,0.0,0.0,0.0,0.0,0.0,0.0,0.0,0.0,0.0,1.0,0.0,1.0,0.0,0.0,0.0,0.0,0.0,0.0,0.0,0.0,0.0,1.0,0.0,0.0,0.0,0.0,0.0,0.0,0.0,0.0,0.0,0.0,0.0,0.0,0.0,0.0,0.0,0f1f8400,c1018d48,8bc1eb0c,000f1f80,00000000,8b5df48b,c8c1f905,f085148e,008b450c,008bca81,01a90000,088b04b9,f8000000,098bc1c1,e817a801,0f85e300,0facc214,f0010000,20040000,a810751b,0d83ff06,45f88b73,1f83ff06,00000006,1af6c101,07c745f0,02000000,8b45f889,45f8660f,8b45108b,058bcb8b,0000d3e0,75108078,8b4dfcc6,81582000,348b5514,108b088b,017599eb,5dc21400,cccccccc
1788306654.493311,27512,7.006492321624085e-45,8.407790785948902e-45,1.401298464324817e-45,1.401298464324817e-45,1.0,0.0,0.0,0.0,0.0,0.0,0.0,1.0,0.0,0.0,0.0,0.0,0.0,0.0,0.0,0.0,0.0,0.0,0.0,0.0,1.0,0.0,1.0,0.0,0.0,0.0,0.0,0.0,0.0,0.0,0.0,0.0,1.0,0.0,0.0,0.0,0.0,0.0,0.0,0.0,0.0,0.0,0.0,0.0,0.0,0.0,0.0,0.0,0f1f8400,c1018d48,8bc1eb0c,000f1f80,00000000,8b5df48b,c8c1f905,f085148e,008b450c,008bca81,01a90000,088b04b9,f8000000,098bc1c1,e817a801,0f85e300,0facc214,f0010000,20040000,a810751b,0d83ff06,45f88b73,1f83ff06,00000006,1af6c101,07c745f0,02000000,8b45f889,45f8660f,8b45108b,058bcb8b,0000d3e0,75108078,8b4dfcc6,81582000,348b5514,108b088b,017599eb,5dc21400,cccccccc
1788306654.5937536,27512,7.006492321624085e-45,8.407790785948902e-45,1.401298464324817e-45,1.401298464324817e-45,1.0,0.0,0.0,0.0,0.0,0.0,0.0,1.0,0.0,0.0,0.0,0.0,0.0,0.0,0.0,0.0,0.0,0.0,0.0,0.0,1.0,0.0,1.0,0.0,0.0,0.0,0.0,0.0,0.0,0.0,0.0,0.0,1.0,0.0,0.0,0.0,0.0,0.0,0.0,0.0,0.0,0.0,0.0,0.0,0.0,0.0,0.0,0.0,0f1f8400,c1018d48,8bc1eb0c,000f1f80,00000000,8b5df48b,c8c1f905,f085148e,008b450c,008bca81,01a90000,088b04b9,f8000000,098bc1c1,e817a801,0f85e300,0facc214,f0010000,20040000,a810751b,0d83ff06,45f88b73,1f83ff06,00000006,1af6c101,07c745f0,02000000,8b45f889,45f8660f,8b45108b,058bcb8b,0000d3e0,75108078,8b4dfcc6,81582000,348b5514,108b088b,017599eb,5dc21400,cccccccc
1788306654.694518,27512,7.006492321624085e-45,8.407790785948902e-45,1.401298464324817e-45,1.401298464324817e-45,1.0,0.0,0.0,0.0,0.0,0.0,0.0,1.0,0.0,0.0,0.0,0.0,0.0,0.0,0.0,0.0,0.0,0.0,0.0,0.0,1.0,0.0,1.0,0.0,0.0,0.0,0.0,0.0,0.0,0.0,0.0,0.0,1.0,0.0,0.0,0.0,0.0,0.0,0.0,0.0,0.0,0.0,0.0,0.0,0.0,0.0,0.0,0.0,0f1f8400,c1018d48,8bc1eb0c,000f1f80,00000000,8b5df48b,c8c1f905,f085148e,008b450c,008bca81,01a90000,088b04b9,f8000000,098bc1c1,e817a801,0f85e300,0facc214,f0010000,20040000,a810751b,0d83ff06,45f88b73,1f83ff06,00000006,1af6c101,07c745f0,02000000,8b45f889,45f8660f,8b45108b,058bcb8b,0000d3e0,75108078,8b4dfcc6,81582000,348b5514,108b088b,017599eb,5dc21400,cccccccc
1788306654.7949858,27512,7.006492321624085e-45,8.407790785948902e-45,1.401298464324817e-45,1.401298464324817e-45,1.0,0.0,0.0,0.0,0.0,0.0,0.0,1.0,0.0,0.0,0.0,0.0,0.0,0.0,0.0,0.0,0.0,0.0,0.0,0.0,1.0,0.0,1.0,0.0,0.0,0.0,0.0,0.0,0.0,0.0,0.0,0.0,1.0,0.0,0.0,0.0,0.0,0.0,0.0,0.0,0.0,0.0,0.0,0.0,0.0,0.0,0.0,0.0,0f1f8400,c1018d48,8bc1eb0c,000f1f80,00000000,8b5df48b,c8c1f905,f085148e,008b450c,008bca81,01a90000,088b04b9,f8000000,098bc1c1,e817a801,0f85e300,0facc214,f0010000,20040000,a810751b,0d83ff06,45f88b73,1f83ff06,00000006,1af6c101,07c745f0,02000000,8b45f889,45f8660f,8b45108b,058bcb8b,0000d3e0,75108078,8b4dfcc6,81582000,348b5514,108b088b,017599eb,5dc21400,cccccccc
1788306654.8956459,27512,7.006492321624085e-45,8.407790785948902e-45,1.401298464324817e-45,1.401298464324817e-45,1.0,0.0,0.0,0.0,0.0,0.0,0.0,1.0,0.0,0.0,0.0,0.0,0.0,0.0,0.0,0.0,0.0,0.0,0.0,0.0,1.0,0.0,1.0,0.0,0.0,0.0,0.0,0.0,0.0,0.0,0.0,0.0,1.0,0.0,0.0,0.0,0.0,0.0,0.0,0.0,0.0,0.0,0.0,0.0,0.0,0.0,0.0,0.0,0f1f8400,c1018d48,8bc1eb0c,000f1f80,00000000,8b5df48b,c8c1f905,f085148e,008b450c,008bca81,01a90000,088b04b9,f8000000,098bc1c1,e817a801,0f85e300,0facc214,f0010000,20040000,a810751b,0d83ff06,45f88b73,1f83ff06,00000006,1af6c101,07c745f0,02000000,8b45f889,45f8660f,8b45108b,058bcb8b,0000d3e0,75108078,8b4dfcc6,81582000,348b5514,108b088b,017599eb,5dc21400,cccccccc
1788306654.996413,27512,7.006492321624085e-45,8.407790785948902e-45,1.401298464324817e-45,1.401298464324817e-45,1.0,0.0,0.0,0.0,0.0,0.0,0.0,1.0,0.0,0.0,0.0,0.0,0.0,0.0,0.0,0.0,0.0,0.0,0.0,0.0,1.0,0.0,1.0,0.0,0.0,0.0,0.0,0.0,0.0,0.0,0.0,0.0,1.0,0.0,0.0,0.0,0.0,0.0,0.0,0.0,0.0,0.0,0.0,0.0,0.0,0.0,0.0,0.0,0f1f8400,c1018d48,8bc1eb0c,000f1f80,00000000,8b5df48b,c8c1f905,f085148e,008b450c,008bca81,01a90000,088b04b9,f8000000,098bc1c1,e817a801,0f85e300,0facc214,f0010000,20040000,a810751b,0d83ff06,45f88b73,1f83ff06,00000006,1af6c101,07c745f0,02000000,8b45f889,45f8660f,8b45108b,058bcb8b,0000d3e0,75108078,8b4dfcc6,81582000,348b5514,108b088b,017599eb,5dc21400,cccccccc
1788306655.0971966,27512,7.006492321624085e-45,8.407790785948902e-45,1.401298464324817e-45,1.401298464324817e-45,1.0,0.0,0.0,0.0,0.0,0.0,0.0,1.0,0.0,0.0,0.0,0.0,0.0,0.0,0.0,0.0,0.0,0.0,0.0,0.0,1.0,0.0,1.0,0.0,0.0,0.0,0.0,0.0,0.0,0.0,0.0,0.0,1.0,0.0,0.0,0.0,0.0,0.0,0.0,0.0,0.0,0.0,0.0,0.0,0.0,0.0,0.0,0.0,0f1f8400,c1018d48,8bc1eb0c,000f1f80,00000000,8b5df48b,c8c1f905,f085148e,008b450c,008bca81,01a90000,088b04b9,f8000000,098bc1c1,e817a801,0f85e300,0facc214,f0010000,20040000,a810751b,0d83ff06,45f88b73,1f83ff06,00000006,1af6c101,07c745f0,02000000,8b45f889,45f8660f,8b45108b,058bcb8b,0000d3e0,75108078,8b4dfcc6,81582000,348b5514,108b088b,017599eb,5dc21400,cccccccc
1788306655.1977167,27512,7.006492321624085e-45,8.407790785948902e-45,1.401298464324817e-45,1.401298464324817e-45,1.0,0.0,0.0,0.0,0.0,0.0,0.0,1.0,0.0,0.0,0.0,0.0,0.0,0.0,0.0,0.0,0.0,0.0,0.0,0.0,1.0,0.0,1.0,0.0,0.0,0.0,0.0,0.0,0.0,0.0,0.0,0.0,1.0,0.0,0.0,0.0,0.0,0.0,0.0,0.0,0.0,0.0,0.0,0.0,0.0,0.0,0.0,0.0,0f1f8400,c1018d48,8bc1eb0c,000f1f80,00000000,8b5df48b,c8c1f905,f085148e,008b450c,008bca81,01a90000,088b04b9,f8000000,098bc1c1,e817a801,0f85e300,0facc214,f0010000,20040000,a810751b,0d83ff06,45f88b73,1f83ff06,00000006,1af6c101,07c745f0,02000000,8b45f889,45f8660f,8b45108b,058bcb8b,0000d3e0,75108078,8b4dfcc6,81582000,348b5514,108b088b,017599eb,5dc21400,cccccccc
1788306655.2984629,27512,7.006492321624085e-45,8.407790785948902e-45,1.401298464324817e-45,1.401298464324817e-45,1.0,0.0,0.0,0.0,0.0,0.0,0.0,1.0,0.0,0.0,0.0,0.0,0.0,0.0,0.0,0.0,0.0,0.0,0.0,0.0,1.0,0.0,1.0,0.0,0.0,0.0,0.0,0.0,0.0,0.0,0.0,0.0,1.0,0.0,0.0,0.0,0.0,0.0,0.0,0.0,0.0,0.0,0.0,0.0,0.0,0.0,0.0,0.0,0f1f8400,c1018d48,8bc1eb0c,000f1f80,00000000,8b5df48b,c8c1f905,f085148e,008b450c,008bca81,01a90000,088b04b9,f8000000,098bc1c1,e817a801,0f85e300,0facc214,f0010000,20040000,a810751b,0d83ff06,45f88b73,1f83ff06,00000006,1af6c101,07c745f0,02000000,8b45f889,45f8660f,8b45108b,058bcb8b,0000d3e0,75108078,8b4dfcc6,81582000,348b5514,108b088b,017599eb,5dc21400,cccccccc
1788306655.3992333,27512,7.006492321624085e-45,8.407790785948902e-45,1.401298464324817e-45,1.401298464324817e-45,1.0,0.0,0.0,0.0,0.0,0.0,0.0,1.0,0.0,0.0,0.0,0.0,0.0,0.0,0.0,0.0,0.0,0.0,0.0,0.0,1.0,0.0,1.0,0.0,0.0,0.0,0.0,0.0,0.0,0.0,0.0,0.0,1.0,0.0,0.0,0.0,0.0,0.0,0.0,0.0,0.0,0.0,0.0,0.0,0.0,0.0,0.0,0.0,0f1f8400,c1018d48,8bc1eb0c,000f1f80,00000000,8b5df48b,c8c1f905,f085148e,008b450c,008bca81,01a90000,088b04b9,f8000000,098bc1c1,e817a801,0f85e300,0facc214,f0010000,20040000,a810751b,0d83ff06,45f88b73,1f83ff06,00000006,1af6c101,07c745f0,02000000,8b45f889,45f8660f,8b45108b,058bcb8b,0000d3e0,75108078,8b4dfcc6,81582000,348b5514,108b088b,017599eb,5dc21400,cccccccc
1788306655.5000813,27512,7.006492321624085e-45,8.407790785948902e-45,1.401298464324817e-45,1.401298464324817e-45,1.0,0.0,0.0,0.0,0.0,0.0,0.0,1.0,0.0,0.0,0.0,0.0,0.0,0.0,0.0,0.0,0.0,0.0,0.0,0.0,1.0,0.0,1.0,0.0,0.0,0.0,0.0,0.0,0.0,0.0,0.0,0.0,1.0,0.0,0.0,0.0,0.0,0.0,0.0,0.0,0.0,0.0,0.0,0.0,0.0,0.0,0.0,0.0,0f1f8400,c1018d48,8bc1eb0c,000f1f80,00000000,8b5df48b,c8c1f905,f085148e,008b450c,008bca81,01a90000,088b04b9,f8000000,098bc1c1,e817a801,0f85e300,0facc214,f0010000,20040000,a810751b,0d83ff06,45f88b73,1f83ff06,00000006,1af6c101,07c745f0,02000000,8b45f889,45f8660f,8b45108b,058bcb8b,0000d3e0,75108078,8b4dfcc6,81582000,348b5514,108b088b,017599eb,5dc21400,cccccccc
1788306655.600582,27512,7.006492321624085e-45,8.407790785948902e-45,1.401298464324817e-45,1.401298464324817e-45,1.0,0.0,0.0,0.0,0.0,0.0,0.0,1.0,0.0,0.0,0.0,0.0,0.0,0.0,0.0,0.0,0.0,0.0,0.0,0.0,1.0,0.0,1.0,0.0,0.0,0.0,0.0,0.0,0.0,0.0,0.0,0.0,1.0,0.0,0.0,0.0,0.0,0.0,0.0,0.0,0.0,0.0,0.0,0.0,0.0,0.0,0.0,0.0,0f1f8400,c1018d48,8bc1eb0c,000f1f80,00000000,8b5df48b,c8c1f905,f085148e,008b450c,008bca81,01a90000,088b04b9,f8000000,098bc1c1,e817a801,0f85e300,0facc214,f0010000,20040000,a810751b,0d83ff06,45f88b73,1f83ff06,00000006,1af6c101,07c745f0,02000000,8b45f889,45f8660f,8b45108b,058bcb8b,0000d3e0,75108078,8b4dfcc6,81582000,348b5514,108b088b,017599eb,5dc21400,cccccccc
1788306655.7009692,27512,7.006492321624085e-45,8.407790785948902e-45,1.401298464324817e-45,1.401298464324817e-45,1.0,0.0,0.0,0.0,0.0,0.0,0.0,1.0,0.0,0.0,0.0,0.0,0.0,0.0,0.0,0.0,0.0,0.0,0.0,0.0,1.0,0.0,1.0,0.0,0.0,0.0,0.0,0.0,0.0,0.0,0.0,0.0,1.0,0.0,0.0,0.0,0.0,0.0,0.0,0.0,0.0,0.0,0.0,0.0,0.0,0.0,0.0,0.0,0f1f8400,c1018d48,8bc1eb0c,000f1f80,00000000,8b5df48b,c8c1f905,f085148e,008b450c,008bca81,01a90000,088b04b9,f8000000,098bc1c1,e817a801,0f85e300,0facc214,f0010000,20040000,a810751b,0d83ff06,45f88b73,1f83ff06,00000006,1af6c101,07c745f0,02000000,8b45f889,45f8660f,8b45108b,058bcb8b,0000d3e0,75108078,8b4dfcc6,81582000,348b5514,108b088b,017599eb,5dc21400,cccccccc
1788306655.8020253,27512,7.006492321624085e-45,8.407790785948902e-45,1.401298464324817e-45,1.401298464324817e-45,1.0,0.0,0.0,0.0,0.0,0.0,0.0,1.0,0.0,0.0,0.0,0.0,0.0,0.0,0.0,0.0,0.0,0.0,0.0,0.0,1.0,0.0,1.0,0.0,0.0,0.0,0.0,0.0,0.0,0.0,0.0,0.0,1.0,0.0,0.0,0.0,0.0,0.0,0.0,0.0,0.0,0.0,0.0,0.0,0.0,0.0,0.0,0.0,0f1f8400,c1018d48,8bc1eb0c,000f1f80,00000000,8b5df48b,c8c1f905,f085148e,008b450c,008bca81,01a90000,088b04b9,f8000000,098bc1c1,e817a801,0f85e300,0facc214,f0010000,20040000,a810751b,0d83ff06,45f88b73,1f83ff06,00000006,1af6c101,07c745f0,02000000,8b45f889,45f8660f,8b45108b,058bcb8b,0000d3e0,75108078,8b4dfcc6,81582000,348b5514,108b088b,017599eb,5dc21400,cccccccc
1788306655.9024916,27512,7.006492321624085e-45,8.407790785948902e-45,1.401298464324817e-45,1.401298464324817e-45,1.0,0.0,0.0,0.0,0.0,0.0,0.0,1.0,0.0,0.0,0.0,0.0,0.0,0.0,0.0,0.0,0.0,0.0,0.0,0.0,1.0,0.0,1.0,0.0,0.0,0.0,0.0,0.0,0.0,0.0,0.0,0.0,1.0,0.0,0.0,0.0,0.0,0.0,0.0,0.0,0.0,0.0,0.0,0.0,0.0,0.0,0.0,0.0,0f1f8400,c1018d48,8bc1eb0c,000f1f80,00000000,8b5df48b,c8c1f905,f085148e,008b450c,008bca81,01a90000,088b04b9,f8000000,098bc1c1,e817a801,0f85e300,0facc214,f0010000,20040000,a810751b,0d83ff06,45f88b73,1f83ff06,00000006,1af6c101,07c745f0,02000000,8b45f889,45f8660f,8b45108b,058bcb8b,0000d3e0,75108078,8b4dfcc6,81582000,348b5514,108b088b,017599eb,5dc21400,cccccccc
1788306656.0028758,27512,7.006492321624085e-45,8.407790785948902e-45,1.401298464324817e-45,1.401298464324817e-45,1.0,0.0,0.0,0.0,0.0,0.0,0.0,1.0,0.0,0.0,0.0,0.0,0.0,0.0,0.0,0.0,0.0,0.0,0.0,0.0,1.0,0.0,1.0,0.0,0.0,0.0,0.0,0.0,0.0,0.0,0.0,0.0,1.0,0.0,0.0,0.0,0.0,0.0,0.0,0.0,0.0,0.0,0.0,0.0,0.0,0.0,0.0,0.0,0f1f8400,c1018d48,8bc1eb0c,000f1f80,00000000,8b5df48b,c8c1f905,f085148e,008b450c,008bca81,01a90000,088b04b9,f8000000,098bc1c1,e817a801,0f85e300,0facc214,f0010000,20040000,a810751b,0d83ff06,45f88b73,1f83ff06,00000006,1af6c101,07c745f0,02000000,8b45f889,45f8660f,8b45108b,058bcb8b,0000d3e0,75108078,8b4dfcc6,81582000,348b5514,108b088b,017599eb,5dc21400,cccccccc
1788306656.10342,27512,7.006492321624085e-45,8.407790785948902e-45,1.401298464324817e-45,1.401298464324817e-45,1.0,0.0,0.0,0.0,0.0,0.0,0.0,1.0,0.0,0.0,0.0,0.0,0.0,0.0,0.0,0.0,0.0,0.0,0.0,0.0,1.0,0.0,1.0,0.0,0.0,0.0,0.0,0.0,0.0,0.0,0.0,0.0,1.0,0.0,0.0,0.0,0.0,0.0,0.0,0.0,0.0,0.0,0.0,0.0,0.0,0.0,0.0,0.0,0f1f8400,c1018d48,8bc1eb0c,000f1f80,00000000,8b5df48b,c8c1f905,f085148e,008b450c,008bca81,01a90000,088b04b9,f8000000,098bc1c1,e817a801,0f85e300,0facc214,f0010000,20040000,a810751b,0d83ff06,45f88b73,1f83ff06,00000006,1af6c101,07c745f0,02000000,8b45f889,45f8660f,8b45108b,058bcb8b,0000d3e0,75108078,8b4dfcc6,81582000,348b5514,108b088b,017599eb,5dc21400,cccccccc
1788306656.2267609,27512,7.006492321624085e-45,8.407790785948902e-45,1.401298464324817e-45,1.401298464324817e-45,1.0,0.0,0.0,0.0,0.0,0.0,0.0,1.0,0.0,0.0,0.0,0.0,0.0,0.0,0.0,0.0,0.0,0.0,0.0,0.0,1.0,0.0,1.0,0.0,0.0,0.0,0.0,0.0,0.0,0.0,0.0,0.0,1.0,0.0,0.0,0.0,0.0,0.0,0.0,0.0,0.0,0.0,0.0,0.0,0.0,0.0,0.0,0.0,0f1f8400,c1018d48,8bc1eb0c,000f1f80,00000000,8b5df48b,c8c1f905,f085148e,008b450c,008bca81,01a90000,088b04b9,f8000000,098bc1c1,e817a801,0f85e300,0facc214,f0010000,20040000,a810751b,0d83ff06,45f88b73,1f83ff06,00000006,1af6c101,07c745f0,02000000,8b45f889,45f8660f,8b45108b,058bcb8b,0000d3e0,75108078,8b4dfcc6,81582000,348b5514,108b088b,017599eb,5dc21400,cccccccc
1788306656.3275673,27512,7.006492321624085e-45,8.407790785948902e-45,1.401298464324817e-45,1.401298464324817e-45,1.0,0.0,0.0,0.0,0.0,0.0,0.0,1.0,0.0,0.0,0.0,0.0,0.0,0.0,0.0,0.0,0.0,0.0,0.0,0.0,1.0,0.0,1.0,0.0,0.0,0.0,0.0,0.0,0.0,0.0,0.0,0.0,1.0,0.0,0.0,0.0,0.0,0.0,0.0,0.0,0.0,0.0,0.0,0.0,0.0,0.0,0.0,0.0,0f1f8400,c1018d48,8bc1eb0c,000f1f80,00000000,8b5df48b,c8c1f905,f085148e,008b450c,008bca81,01a90000,088b04b9,f8000000,098bc1c1,e817a801,0f85e300,0facc214,f0010000,20040000,a810751b,0d83ff06,45f88b73,1f83ff06,00000006,1af6c101,07c745f0,02000000,8b45f889,45f8660f,8b45108b,058bcb8b,0000d3e0,75108078,8b4dfcc6,81582000,348b5514,108b088b,017599eb,5dc21400,cccccccc
1788306656.428162,27512,7.006492321624085e-45,8.407790785948902e-45,1.401298464324817e-45,1.401298464324817e-45,1.0,0.0,0.0,0.0,0.0,0.0,0.0,1.0,0.0,0.0,0.0,0.0,0.0,0.0,0.0,0.0,0.0,0.0,0.0,0.0,1.0,0.0,1.0,0.0,0.0,0.0,0.0,0.0,0.0,0.0,0.0,0.0,1.0,0.0,0.0,0.0,0.0,0.0,0.0,0.0,0.0,0.0,0.0,0.0,0.0,0.0,0.0,0.0,0f1f8400,c1018d48,8bc1eb0c,000f1f80,00000000,8b5df48b,c8c1f905,f085148e,008b450c,008bca81,01a90000,088b04b9,f8000000,098bc1c1,e817a801,0f85e300,0facc214,f0010000,20040000,a810751b,0d83ff06,45f88b73,1f83ff06,00000006,1af6c101,07c745f0,02000000,8b45f889,45f8660f,8b45108b,058bcb8b,0000d3e0,75108078,8b4dfcc6,81582000,348b5514,108b088b,017599eb,5dc21400,cccccccc
1788306656.5287716,27512,7.006492321624085e-45,8.407790785948902e-45,1.401298464324817e-45,1.401298464324817e-45,1.0,0.0,0.0,0.0,0.0,0.0,0.0,1.0,0.0,0.0,0.0,0.0,0.0,0.0,0.0,0.0,0.0,0.0,0.0,0.0,1.0,0.0,1.0,0.0,0.0,0.0,0.0,0.0,0.0,0.0,0.0,0.0,1.0,0.0,0.0,0.0,0.0,0.0,0.0,0.0,0.0,0.0,0.0,0.0,0.0,0.0,0.0,0.0,0f1f8400,c1018d48,8bc1eb0c,000f1f80,00000000,8b5df48b,c8c1f905,f085148e,008b450c,008bca81,01a90000,088b04b9,f8000000,098bc1c1,e817a801,0f85e300,0facc214,f0010000,20040000,a810751b,0d83ff06,45f88b73,1f83ff06,00000006,1af6c101,07c745f0,02000000,8b45f889,45f8660f,8b45108b,058bcb8b,0000d3e0,75108078,8b4dfcc6,81582000,348b5514,108b088b,017599eb,5dc21400,cccccccc
1788306656.6291537,27512,7.006492321624085e-45,8.407790785948902e-45,1.401298464324817e-45,1.401298464324817e-45,1.0,0.0,0.0,0.0,0.0,0.0,0.0,1.0,0.0,0.0,0.0,0.0,0.0,0.0,0.0,0.0,0.0,0.0,0.0,0.0,1.0,0.0,1.0,0.0,0.0,0.0,0.0,0.0,0.0,0.0,0.0,0.0,1.0,0.0,0.0,0.0,0.0,0.0,0.0,0.0,0.0,0.0,0.0,0.0,0.0,0.0,0.0,0.0,0f1f8400,c1018d48,8bc1eb0c,000f1f80,00000000,8b5df48b,c8c1f905,f085148e,008b450c,008bca81,01a90000,088b04b9,f8000000,098bc1c1,e817a801,0f85e300,0facc214,f0010000,20040000,a810751b,0d83ff06,45f88b73,1f83ff06,00000006,1af6c101,07c745f0,02000000,8b45f889,45f8660f,8b45108b,058bcb8b,0000d3e0,75108078,8b4dfcc6,81582000,348b5514,108b088b,017599eb,5dc21400,cccccccc
1788306656.7299645,27512,7.006492321624085e-45,8.407790785948902e-45,1.401298464324817e-45,1.401298464324817e-45,1.0,0.0,0.0,0.0,0.0,0.0,0.0,1.0,0.0,0.0,0.0,0.0,0.0,0.0,0.0,0.0,0.0,0.0,0.0,0.0,1.0,0.0,1.0,0.0,0.0,0.0,0.0,0.0,0.0,0.0,0.0,0.0,1.0,0.0,0.0,0.0,0.0,0.0,0.0,0.0,0.0,0.0,0.0,0.0,0.0,0.0,0.0,0.0,0f1f8400,c1018d48,8bc1eb0c,000f1f80,00000000,8b5df48b,c8c1f905,f085148e,008b450c,008bca81,01a90000,088b04b9,f8000000,098bc1c1,e817a801,0f85e300,0facc214,f0010000,20040000,a810751b,0d83ff06,45f88b73,1f83ff06,00000006,1af6c101,07c745f0,02000000,8b45f889,45f8660f,8b45108b,058bcb8b,0000d3e0,75108078,8b4dfcc6,81582000,348b5514,108b088b,017599eb,5dc21400,cccccccc
1788306656.8304286,27512,7.006492321624085e-45,8.407790785948902e-45,1.401298464324817e-45,1.401298464324817e-45,1.0,0.0,0.0,0.0,0.0,0.0,0.0,1.0,0.0,0.0,0.0,0.0,0.0,0.0,0.0,0.0,0.0,0.0,0.0,0.0,1.0,0.0,1.0,0.0,0.0,0.0,0.0,0.0,0.0,0.0,0.0,0.0,1.0,0.0,0.0,0.0,0.0,0.0,0.0,0.0,0.0,0.0,0.0,0.0,0.0,0.0,0.0,0.0,0f1f8400,c1018d48,8bc1eb0c,000f1f80,00000000,8b5df48b,c8c1f905,f085148e,008b450c,008bca81,01a90000,088b04b9,f8000000,098bc1c1,e817a801,0f85e300,0facc214,f0010000,20040000,a810751b,0d83ff06,45f88b73,1f83ff06,00000006,1af6c101,07c745f0,02000000,8b45f889,45f8660f,8b45108b,058bcb8b,0000d3e0,75108078,8b4dfcc6,81582000,348b5514,108b088b,017599eb,5dc21400,cccccccc
1788306656.930901,27512,7.006492321624085e-45,8.407790785948902e-45,1.401298464324817e-45,1.401298464324817e-45,1.0,0.0,0.0,0.0,0.0,0.0,0.0,1.0,0.0,0.0,0.0,0.0,0.0,0.0,0.0,0.0,0.0,0.0,0.0,0.0,1.0,0.0,1.0,0.0,0.0,0.0,0.0,0.0,0.0,0.0,0.0,0.0,1.0,0.0,0.0,0.0,0.0,0.0,0.0,0.0,0.0,0.0,0.0,0.0,0.0,0.0,0.0,0.0,0f1f8400,c1018d48,8bc1eb0c,000f1f80,00000000,8b5df48b,c8c1f905,f085148e,008b450c,008bca81,01a90000,088b04b9,f8000000,098bc1c1,e817a801,0f85e300,0facc214,f0010000,20040000,a810751b,0d83ff06,45f88b73,1f83ff06,00000006,1af6c101,07c745f0,02000000,8b45f889,45f8660f,8b45108b,058bcb8b,0000d3e0,75108078,8b4dfcc6,81582000,348b5514,108b088b,017599eb,5dc21400,cccccccc
1788306657.0316672,27512,7.006492321624085e-45,8.407790785948902e-45,1.401298464324817e-45,1.401298464324817e-45,1.0,0.0,0.0,0.0,0.0,0.0,0.0,1.0,0.0,0.0,0.0,0.0,0.0,0.0,0.0,0.0,0.0,0.0,0.0,0.0,1.0,0.0,1.0,0.0,0.0,0.0,0.0,0.0,0.0,0.0,0.0,0.0,1.0,0.0,0.0,0.0,0.0,0.0,0.0,0.0,0.0,0.0,0.0,0.0,0.0,0.0,0.0,0.0,0f1f8400,c1018d48,8bc1eb0c,000f1f80,00000000,8b5df48b,c8c1f905,f085148e,008b450c,008bca81,01a90000,088b04b9,f8000000,098bc1c1,e817a801,0f85e300,0facc214,f0010000,20040000,a810751b,0d83ff06,45f88b73,1f83ff06,00000006,1af6c101,07c745f0,02000000,8b45f889,45f8660f,8b45108b,058bcb8b,0000d3e0,75108078,8b4dfcc6,81582000,348b5514,108b088b,017599eb,5dc21400,cccccccc
1788306657.1325114,27512,7.006492321624085e-45,8.407790785948902e-45,1.401298464324817e-45,1.401298464324817e-45,1.0,0.0,0.0,0.0,0.0,0.0,0.0,1.0,0.0,0.0,0.0,0.0,0.0,0.0,0.0,0.0,0.0,0.0,0.0,0.0,1.0,0.0,1.0,0.0,0.0,0.0,0.0,0.0,0.0,0.0,0.0,0.0,1.0,0.0,0.0,0.0,0.0,0.0,0.0,0.0,0.0,0.0,0.0,0.0,0.0,0.0,0.0,0.0,0f1f8400,c1018d48,8bc1eb0c,000f1f80,00000000,8b5df48b,c8c1f905,f085148e,008b450c,008bca81,01a90000,088b04b9,f8000000,098bc1c1,e817a801,0f85e300,0facc214,f0010000,20040000,a810751b,0d83ff06,45f88b73,1f83ff06,00000006,1af6c101,07c745f0,02000000,8b45f889,45f8660f,8b45108b,058bcb8b,0000d3e0,75108078,8b4dfcc6,81582000,348b5514,108b088b,017599eb,5dc21400,cccccccc
1788306657.2519228,27512,7.006492321624085e-45,8.407790785948902e-45,1.401298464324817e-45,1.401298464324817e-45,1.0,0.0,0.0,0.0,0.0,0.0,0.0,1.0,0.0,0.0,0.0,0.0,0.0,0.0,0.0,0.0,0.0,0.0,0.0,0.0,1.0,0.0,1.0,0.0,0.0,0.0,0.0,0.0,0.0,0.0,0.0,0.0,1.0,0.0,0.0,0.0,0.0,0.0,0.0,0.0,0.0,0.0,0.0,0.0,0.0,0.0,0.0,0.0,0f1f8400,c1018d48,8bc1eb0c,000f1f80,00000000,8b5df48b,c8c1f905,f085148e,008b450c,008bca81,01a90000,088b04b9,f8000000,098bc1c1,e817a801,0f85e300,0facc214,f0010000,20040000,a810751b,0d83ff06,45f88b73,1f83ff06,00000006,1af6c101,07c745f0,02000000,8b45f889,45f8660f,8b45108b,058bcb8b,0000d3e0,75108078,8b4dfcc6,81582000,348b5514,108b088b,017599eb,5dc21400,cccccccc
1788306657.3551254,27512,7.006492321624085e-45,8.407790785948902e-45,1.401298464324817e-45,1.401298464324817e-45,1.0,0.0,0.0,0.0,0.0,0.0,0.0,1.0,0.0,0.0,0.0,0.0,0.0,0.0,0.0,0.0,0.0,0.0,0.0,0.0,1.0,0.0,1.0,0.0,0.0,0.0,0.0,0.0,0.0,0.0,0.0,0.0,1.0,0.0,0.0,0.0,0.0,0.0,0.0,0.0,0.0,0.0,0.0,0.0,0.0,0.0,0.0,0.0,0f1f8400,c1018d48,8bc1eb0c,000f1f80,00000000,8b5df48b,c8c1f905,f085148e,008b450c,008bca81,01a90000,088b04b9,f8000000,098bc1c1,e817a801,0f85e300,0facc214,f0010000,20040000,a810751b,0d83ff06,45f88b73,1f83ff06,00000006,1af6c101,07c745f0,02000000,8b45f889,45f8660f,8b45108b,058bcb8b,0000d3e0,75108078,8b4dfcc6,81582000,348b5514,108b088b,017599eb,5dc21400,cccccccc
1788306657.455807,27512,7.006492321624085e-45,8.407790785948902e-45,1.401298464324817e-45,1.401298464324817e-45,1.0,0.0,0.0,0.0,0.0,0.0,0.0,1.0,0.0,0.0,0.0,0.0,0.0,0.0,0.0,0.0,0.0,0.0,0.0,0.0,1.0,0.0,1.0,0.0,0.0,0.0,0.0,0.0,0.0,0.0,0.0,0.0,1.0,0.0,0.0,0.0,0.0,0.0,0.0,0.0,0.0,0.0,0.0,0.0,0.0,0.0,0.0,0.0,0f1f8400,c1018d48,8bc1eb0c,000f1f80,00000000,8b5df48b,c8c1f905,f085148e,008b450c,008bca81,01a90000,088b04b9,f8000000,098bc1c1,e817a801,0f85e300,0facc214,f0010000,20040000,a810751b,0d83ff06,45f88b73,1f83ff06,00000006,1af6c101,07c745f0,02000000,8b45f889,45f8660f,8b45108b,058bcb8b,0000d3e0,75108078,8b4dfcc6,81582000,348b5514,108b088b,017599eb,5dc21400,cccccccc
1788306657.5562022,27512,7.006492321624085e-45,8.407790785948902e-45,1.401298464324817e-45,1.401298464324817e-45,1.0,0.0,0.0,0.0,0.0,0.0,0.0,1.0,0.0,0.0,0.0,0.0,0.0,0.0,0.0,0.0,0.0,0.0,0.0,0.0,1.0,0.0,1.0,0.0,0.0,0.0,0.0,0.0,0.0,0.0,0.0,0.0,1.0,0.0,0.0,0.0,0.0,0.0,0.0,0.0,0.0,0.0,0.0,0.0,0.0,0.0,0.0,0.0,0f1f8400,c1018d48,8bc1eb0c,000f1f80,00000000,8b5df48b,c8c1f905,f085148e,008b450c,008bca81,01a90000,088b04b9,f8000000,098bc1c1,e817a801,0f85e300,0facc214,f0010000,20040000,a810751b,0d83ff06,45f88b73,1f83ff06,00000006,1af6c101,07c745f0,02000000,8b45f889,45f8660f,8b45108b,058bcb8b,0000d3e0,75108078,8b4dfcc6,81582000,348b5514,108b088b,017599eb,5dc21400,cccccccc
1788306657.656791,27512,7.006492321624085e-45,8.407790785948902e-45,1.401298464324817e-45,1.401298464324817e-45,1.0,0.0,0.0,0.0,0.0,0.0,0.0,1.0,0.0,0.0,0.0,0.0,0.0,0.0,0.0,0.0,0.0,0.0,0.0,0.0,1.0,0.0,1.0,0.0,0.0,0.0,0.0,0.0,0.0,0.0,0.0,0.0,1.0,0.0,0.0,0.0,0.0,0.0,0.0,0.0,0.0,0.0,0.0,0.0,0.0,0.0,0.0,0.0,0f1f8400,c1018d48,8bc1eb0c,000f1f80,00000000,8b5df48b,c8c1f905,f085148e,008b450c,008bca81,01a90000,088b04b9,f8000000,098bc1c1,e817a801,0f85e300,0facc214,f0010000,20040000,a810751b,0d83ff06,45f88b73,1f83ff06,00000006,1af6c101,07c745f0,02000000,8b45f889,45f8660f,8b45108b,058bcb8b,0000d3e0,75108078,8b4dfcc6,81582000,348b5514,108b088b,017599eb,5dc21400,cccccccc
1788306657.7576215,27512,7.006492321624085e-45,8.407790785948902e-45,1.401298464324817e-45,1.401298464324817e-45,1.0,0.0,0.0,0.0,0.0,0.0,0.0,1.0,0.0,0.0,0.0,0.0,0.0,0.0,0.0,0.0,0.0,0.0,0.0,0.0,1.0,0.0,1.0,0.0,0.0,0.0,0.0,0.0,0.0,0.0,0.0,0.0,1.0,0.0,0.0,0.0,0.0,0.0,0.0,0.0,0.0,0.0,0.0,0.0,0.0,0.0,0.0,0.0,0f1f8400,c1018d48,8bc1eb0c,000f1f80,00000000,8b5df48b,c8c1f905,f085148e,008b450c,008bca81,01a90000,088b04b9,f8000000,098bc1c1,e817a801,0f85e300,0facc214,f0010000,20040000,a810751b,0d83ff06,45f88b73,1f83ff06,00000006,1af6c101,07c745f0,02000000,8b45f889,45f8660f,8b45108b,058bcb8b,0000d3e0,75108078,8b4dfcc6,81582000,348b5514,108b088b,017599eb,5dc21400,cccccccc
1788306657.8586483,27512,7.006492321624085e-45,8.407790785948902e-45,1.401298464324817e-45,1.401298464324817e-45,1.0,0.0,0.0,0.0,0.0,0.0,0.0,1.0,0.0,0.0,0.0,0.0,0.0,0.0,0.0,0.0,0.0,0.0,0.0,0.0,1.0,0.0,1.0,0.0,0.0,0.0,0.0,0.0,0.0,0.0,0.0,0.0,1.0,0.0,0.0,0.0,0.0,0.0,0.0,0.0,0.0,0.0,0.0,0.0,0.0,0.0,0.0,0.0,0f1f8400,c1018d48,8bc1eb0c,000f1f80,00000000,8b5df48b,c8c1f905,f085148e,008b450c,008bca81,01a90000,088b04b9,f8000000,098bc1c1,e817a801,0f85e300,0facc214,f0010000,20040000,a810751b,0d83ff06,45f88b73,1f83ff06,00000006,1af6c101,07c745f0,02000000,8b45f889,45f8660f,8b45108b,058bcb8b,0000d3e0,75108078,8b4dfcc6,81582000,348b5514,108b088b,017599eb,5dc21400,cccccccc
1788306657.959584,27512,7.006492321624085e-45,8.407790785948902e-45,1.401298464324817e-45,1.401298464324817e-45,1.0,0.0,0.0,0.0,0.0,0.0,0.0,1.0,0.0,0.0,0.0,0.0,0.0,0.0,0.0,0.0,0.0,0.0,0.0,0.0,1.0,0.0,1.0,0.0,0.0,0.0,0.0,0.0,0.0,0.0,0.0,0.0,1.0,0.0,0.0,0.0,0.0,0.0,0.0,0.0,0.0,0.0,0.0,0.0,0.0,0.0,0.0,0.0,0f1f8400,c1018d48,8bc1eb0c,000f1f80,00000000,8b5df48b,c8c1f905,f085148e,008b450c,008bca81,01a90000,088b04b9,f8000000,098bc1c1,e817a801,0f85e300,0facc214,f0010000,20040000,a810751b,0d83ff06,45f88b73,1f83ff06,00000006,1af6c101,07c745f0,02000000,8b45f889,45f8660f,8b45108b,058bcb8b,0000d3e0,75108078,8b4dfcc6,81582000,348b5514,108b088b,017599eb,5dc21400,cccccccc
1788306658.0602822,27512,7.006492321624085e-45,8.407790785948902e-45,1.401298464324817e-45,1.401298464324817e-45,1.0,0.0,0.0,0.0,0.0,0.0,0.0,1.0,0.0,0.0,0.0,0.0,0.0,0.0,0.0,0.0,0.0,0.0,0.0,0.0,1.0,0.0,1.0,0.0,0.0,0.0,0.0,0.0,0.0,0.0,0.0,0.0,1.0,0.0,0.0,0.0,0.0,0.0,0.0,0.0,0.0,0.0,0.0,0.0,0.0,0.0,0.0,0.0,0f1f8400,c1018d48,8bc1eb0c,000f1f80,00000000,8b5df48b,c8c1f905,f085148e,008b450c,008bca81,01a90000,088b04b9,f8000000,098bc1c1,e817a801,0f85e300,0facc214,f0010000,20040000,a810751b,0d83ff06,45f88b73,1f83ff06,00000006,1af6c101,07c745f0,02000000,8b45f889,45f8660f,8b45108b,058bcb8b,0000d3e0,75108078,8b4dfcc6,81582000,348b5514,108b088b,017599eb,5dc21400,cccccccc
1788306658.1607764,27512,7.006492321624085e-45,8.407790785948902e-45,1.401298464324817e-45,1.401298464324817e-45,1.0,0.0,0.0,0.0,0.0,0.0,0.0,1.0,0.0,0.0,0.0,0.0,0.0,0.0,0.0,0.0,0.0,0.0,0.0,0.0,1.0,0.0,1.0,0.0,0.0,0.0,0.0,0.0,0.0,0.0,0.0,0.0,1.0,0.0,0.0,0.0,0.0,0.0,0.0,0.0,0.0,0.0,0.0,0.0,0.0,0.0,0.0,0.0,0f1f8400,c1018d48,8bc1eb0c,000f1f80,00000000,8b5df48b,c8c1f905,f085148e,008b450c,008bca81,01a90000,088b04b9,f8000000,098bc1c1,e817a801,0f85e300,0facc214,f0010000,20040000,a810751b,0d83ff06,45f88b73,1f83ff06,00000006,1af6c101,07c745f0,02000000,8b45f889,45f8660f,8b45108b,058bcb8b,0000d3e0,75108078,8b4dfcc6,81582000,348b5514,108b088b,017599eb,5dc21400,cccccccc
1788306658.261051,27512,7.006492321624085e-45,8.407790785948902e-45,1.401298464324817e-45,1.401298464324817e-45,1.0,0.0,0.0,0.0,0.0,0.0,0.0,1.0,0.0,0.0,0.0,0.0,0.0,0.0,0.0,0.0,0.0,0.0,0.0,0.0,1.0,0.0,1.0,0.0,0.0,0.0,0.0,0.0,0.0,0.0,0.0,0.0,1.0,0.0,0.0,0.0,0.0,0.0,0.0,0.0,0.0,0.0,0.0,0.0,0.0,0.0,0.0,0.0,0f1f8400,c1018d48,8bc1eb0c,000f1f80,00000000,8b5df48b,c8c1f905,f085148e,008b450c,008bca81,01a90000,088b04b9,f8000000,098bc1c1,e817a801,0f85e300,0facc214,f0010000,20040000,a810751b,0d83ff06,45f88b73,1f83ff06,00000006,1af6c101,07c745f0,02000000,8b45f889,45f8660f,8b45108b,058bcb8b,0000d3e0,75108078,8b4dfcc6,81582000,348b5514,108b088b,017599eb,5dc21400,cccccccc
1788306658.361432,27512,7.006492321624085e-45,8.407790785948902e-45,1.401298464324817e-45,1.401298464324817e-45,1.0,0.0,0.0,0.0,0.0,0.0,0.0,1.0,0.0,0.0,0.0,0.0,0.0,0.0,0.0,0.0,0.0,0.0,0.0,0.0,1.0,0.0,1.0,0.0,0.0,0.0,0.0,0.0,0.0,0.0,0.0,0.0,1.0,0.0,0.0,0.0,0.0,0.0,0.0,0.0,0.0,0.0,0.0,0.0,0.0,0.0,0.0,0.0,0f1f8400,c1018d48,8bc1eb0c,000f1f80,00000000,8b5df48b,c8c1f905,f085148e,008b450c,008bca81,01a90000,088b04b9,f8000000,098bc1c1,e817a801,0f85e300,0facc214,f0010000,20040000,a810751b,0d83ff06,45f88b73,1f83ff06,00000006,1af6c101,07c745f0,02000000,8b45f889,45f8660f,8b45108b,058bcb8b,0000d3e0,75108078,8b4dfcc6,81582000,348b5514,108b088b,017599eb,5dc21400,cccccccc
1788306658.4623356,27512,7.006492321624085e-45,8.407790785948902e-45,1.401298464324817e-45,1.401298464324817e-45,1.0,0.0,0.0,0.0,0.0,0.0,0.0,1.0,0.0,0.0,0.0,0.0,0.0,0.0,0.0,0.0,0.0,0.0,0.0,0.0,1.0,0.0,1.0,0.0,0.0,0.0,0.0,0.0,0.0,0.0,0.0,0.0,1.0,0.0,0.0,0.0,0.0,0.0,0.0,0.0,0.0,0.0,0.0,0.0,0.0,0.0,0.0,0.0,0f1f8400,c1018d48,8bc1eb0c,000f1f80,00000000,8b5df48b,c8c1f905,f085148e,008b450c,008bca81,01a90000,088b04b9,f8000000,098bc1c1,e817a801,0f85e300,0facc214,f0010000,20040000,a810751b,0d83ff06,45f88b73,1f83ff06,00000006,1af6c101,07c745f0,02000000,8b45f889,45f8660f,8b45108b,058bcb8b,0000d3e0,75108078,8b4dfcc6,81582000,348b5514,108b088b,017599eb,5dc21400,cccccccc
1788306658.56317,27512,7.006492321624085e-45,8.407790785948902e-45,1.401298464324817e-45,1.401298464324817e-45,1.0,0.0,0.0,0.0,0.0,0.0,0.0,1.0,0.0,0.0,0.0,0.0,0.0,0.0,0.0,0.0,0.0,0.0,0.0,0.0,1.0,0.0,1.0,0.0,0.0,0.0,0.0,0.0,0.0,0.0,0.0,0.0,1.0,0.0,0.0,0.0,0.0,0.0,0.0,0.0,0.0,0.0,0.0,0.0,0.0,0.0,0.0,0.0,0f1f8400,c1018d48,8bc1eb0c,000f1f80,00000000,8b5df48b,c8c1f905,f085148e,008b450c,008bca81,01a90000,088b04b9,f8000000,098bc1c1,e817a801,0f85e300,0facc214,f0010000,20040000,a810751b,0d83ff06,45f88b73,1f83ff06,00000006,1af6c101,07c745f0,02000000,8b45f889,45f8660f,8b45108b,058bcb8b,0000d3e0,75108078,8b4dfcc6,81582000,348b5514,108b088b,017599eb,5dc21400,cccccccc
1788306658.6636941,27512,7.006492321624085e-45,8.407790785948902e-45,1.401298464324817e-45,1.401298464324817e-45,1.0,0.0,0.0,0.0,0.0,0.0,0.0,1.0,0.0,0.0,0.0,0.0,0.0,0.0,0.0,0.0,0.0,0.0,0.0,0.0,1.0,0.0,1.0,0.0,0.0,0.0,0.0,0.0,0.0,0.0,0.0,0.0,1.0,0.0,0.0,0.0,0.0,0.0,0.0,0.0,0.0,0.0,0.0,0.0,0.0,0.0,0.0,0.0,0f1f8400,c1018d48,8bc1eb0c,000f1f80,00000000,8b5df48b,c8c1f905,f085148e,008b450c,008bca81,01a90000,088b04b9,f8000000,098bc1c1,e817a801,0f85e300,0facc214,f0010000,20040000,a810751b,0d83ff06,45f88b73,1f83ff06,00000006,1af6c101,07c745f0,02000000,8b45f889,45f8660f,8b45108b,058bcb8b,0000d3e0,75108078,8b4dfcc6,81582000,348b5514,108b088b,017599eb,5dc21400,cccccccc
1788306658.764264,27512,7.006492321624085e-45,8.407790785948902e-45,1.401298464324817e-45,1.401298464324817e-45,1.0,0.0,0.0,0.0,0.0,0.0,0.0,1.0,0.0,0.0,0.0,0.0,0.0,0.0,0.0,0.0,0.0,0.0,0.0,0.0,1.0,0.0,1.0,0.0,0.0,0.0,0.0,0.0,0.0,0.0,0.0,0.0,1.0,0.0,0.0,0.0,0.0,0.0,0.0,0.0,0.0,0.0,0.0,0.0,0.0,0.0,0.0,0.0,0f1f8400,c1018d48,8bc1eb0c,000f1f80,00000000,8b5df48b,c8c1f905,f085148e,008b450c,008bca81,01a90000,088b04b9,f8000000,098bc1c1,e817a801,0f85e300,0facc214,f0010000,20040000,a810751b,0d83ff06,45f88b73,1f83ff06,00000006,1af6c101,07c745f0,02000000,8b45f889,45f8660f,8b45108b,058bcb8b,0000d3e0,75108078,8b4dfcc6,81582000,348b5514,108b088b,017599eb,5dc21400,cccccccc
1788306658.8646107,27512,7.006492321624085e-45,8.407790785948902e-45,1.401298464324817e-45,1.401298464324817e-45,1.0,0.0,0.0,0.0,0.0,0.0,0.0,1.0,0.0,0.0,0.0,0.0,0.0,0.0,0.0,0.0,0.0,0.0,0.0,0.0,1.0,0.0,1.0,0.0,0.0,0.0,0.0,0.0,0.0,0.0,0.0,0.0,1.0,0.0,0.0,0.0,0.0,0.0,0.0,0.0,0.0,0.0,0.0,0.0,0.0,0.0,0.0,0.0,0f1f8400,c1018d48,8bc1eb0c,000f1f80,00000000,8b5df48b,c8c1f905,f085148e,008b450c,008bca81,01a90000,088b04b9,f8000000,098bc1c1,e817a801,0f85e300,0facc214,f0010000,20040000,a810751b,0d83ff06,45f88b73,1f83ff06,00000006,1af6c101,07c745f0,02000000,8b45f889,45f8660f,8b45108b,058bcb8b,0000d3e0,75108078,8b4dfcc6,81582000,348b5514,108b088b,017599eb,5dc21400,cccccccc
1788306658.965128,27512,7.006492321624085e-45,8.407790785948902e-45,1.401298464324817e-45,1.401298464324817e-45,1.0,0.0,0.0,0.0,0.0,0.0,0.0,1.0,0.0,0.0,0.0,0.0,0.0,0.0,0.0,0.0,0.0,0.0,0.0,0.0,1.0,0.0,1.0,0.0,0.0,0.0,0.0,0.0,0.0,0.0,0.0,0.0,1.0,0.0,0.0,0.0,0.0,0.0,0.0,0.0,0.0,0.0,0.0,0.0,0.0,0.0,0.0,0.0,0f1f8400,c1018d48,8bc1eb0c,000f1f80,00000000,8b5df48b,c8c1f905,f085148e,008b450c,008bca81,01a90000,088b04b9,f8000000,098bc1c1,e817a801,0f85e300,0facc214,f0010000,20040000,a810751b,0d83ff06,45f88b73,1f83ff06,00000006,1af6c101,07c745f0,02000000,8b45f889,45f8660f,8b45108b,058bcb8b,0000d3e0,75108078,8b4dfcc6,81582000,348b5514,108b088b,017599eb,5dc21400,cccccccc
1788306659.1289265,27512,7.006492321624085e-45,8.407790785948902e-45,1.401298464324817e-45,1.401298464324817e-45,1.0,0.0,0.0,0.0,0.0,0.0,0.0,1.0,0.0,0.0,0.0,0.0,0.0,0.0,0.0,0.0,0.0,0.0,0.0,0.0,1.0,0.0,1.0,0.0,0.0,0.0,0.0,0.0,0.0,0.0,0.0,0.0,1.0,0.0,0.0,0.0,0.0,0.0,0.0,0.0,0.0,0.0,0.0,0.0,0.0,0.0,0.0,0.0,0f1f8400,c1018d48,8bc1eb0c,000f1f80,00000000,8b5df48b,c8c1f905,f085148e,008b450c,008bca81,01a90000,088b04b9,f8000000,098bc1c1,e817a801,0f85e300,0facc214,f0010000,20040000,a810751b,0d83ff06,45f88b73,1f83ff06,00000006,1af6c101,07c745f0,02000000,8b45f889,45f8660f,8b45108b,058bcb8b,0000d3e0,75108078,8b4dfcc6,81582000,348b5514,108b088b,017599eb,5dc21400,cccccccc
1788306659.2299201,27512,7.006492321624085e-45,8.407790785948902e-45,1.401298464324817e-45,1.401298464324817e-45,1.0,0.0,0.0,0.0,0.0,0.0,0.0,1.0,0.0,0.0,0.0,0.0,0.0,0.0,0.0,0.0,0.0,0.0,0.0,0.0,1.0,0.0,1.0,0.0,0.0,0.0,0.0,0.0,0.0,0.0,0.0,0.0,1.0,0.0,0.0,0.0,0.0,0.0,0.0,0.0,0.0,0.0,0.0,0.0,0.0,0.0,0.0,0.0,0f1f8400,c1018d48,8bc1eb0c,000f1f80,00000000,8b5df48b,c8c1f905,f085148e,008b450c,008bca81,01a90000,088b04b9,f8000000,098bc1c1,e817a801,0f85e300,0facc214,f0010000,20040000,a810751b,0d83ff06,45f88b73,1f83ff06,00000006,1af6c101,07c745f0,02000000,8b45f889,45f8660f,8b45108b,058bcb8b,0000d3e0,75108078,8b4dfcc6,81582000,348b5514,108b088b,017599eb,5dc21400,cccccccc
1788306659.3307405,27512,7.006492321624085e-45,8.407790785948902e-45,1.401298464324817e-45,1.401298464324817e-45,1.0,0.0,0.0,0.0,0.0,0.0,0.0,1.0,0.0,0.0,0.0,0.0,0.0,0.0,0.0,0.0,0.0,0.0,0.0,0.0,1.0,0.0,1.0,0.0,0.0,0.0,0.0,0.0,0.0,0.0,0.0,0.0,1.0,0.0,0.0,0.0,0.0,0.0,0.0,0.0,0.0,0.0,0.0,0.0,0.0,0.0,0.0,0.0,0f1f8400,c1018d48,8bc1eb0c,000f1f80,00000000,8b5df48b,c8c1f905,f085148e,008b450c,008bca81,01a90000,088b04b9,f8000000,098bc1c1,e817a801,0f85e300,0facc214,f0010000,20040000,a810751b,0d83ff06,45f88b73,1f83ff06,00000006,1af6c101,07c745f0,02000000,8b45f889,45f8660f,8b45108b,058bcb8b,0000d3e0,75108078,8b4dfcc6,81582000,348b5514,108b088b,017599eb,5dc21400,cccccccc
1788306659.4311924,27512,7.006492321624085e-45,8.407790785948902e-45,1.401298464324817e-45,1.401298464324817e-45,1.0,0.0,0.0,0.0,0.0,0.0,0.0,1.0,0.0,0.0,0.0,0.0,0.0,0.0,0.0,0.0,0.0,0.0,0.0,0.0,1.0,0.0,1.0,0.0,0.0,0.0,0.0,0.0,0.0,0.0,0.0,0.0,1.0,0.0,0.0,0.0,0.0,0.0,0.0,0.0,0.0,0.0,0.0,0.0,0.0,0.0,0.0,0.0,0f1f8400,c1018d48,8bc1eb0c,000f1f80,00000000,8b5df48b,c8c1f905,f085148e,008b450c,008bca81,01a90000,088b04b9,f8000000,098bc1c1,e817a801,0f85e300,0facc214,f0010000,20040000,a810751b,0d83ff06,45f88b73,1f83ff06,00000006,1af6c101,07c745f0,02000000,8b45f889,45f8660f,8b45108b,058bcb8b,0000d3e0,75108078,8b4dfcc6,81582000,348b5514,108b088b,017599eb,5dc21400,cccccccc
1788306659.531893,27512,7.006492321624085e-45,8.407790785948902e-45,1.401298464324817e-45,1.401298464324817e-45,1.0,0.0,0.0,0.0,0.0,0.0,0.0,1.0,0.0,0.0,0.0,0.0,0.0,0.0,0.0,0.0,0.0,0.0,0.0,0.0,1.0,0.0,1.0,0.0,0.0,0.0,0.0,0.0,0.0,0.0,0.0,0.0,1.0,0.0,0.0,0.0,0.0,0.0,0.0,0.0,0.0,0.0,0.0,0.0,0.0,0.0,0.0,0.0,0f1f8400,c1018d48,8bc1eb0c,000f1f80,00000000,8b5df48b,c8c1f905,f085148e,008b450c,008bca81,01a90000,088b04b9,f8000000,098bc1c1,e817a801,0f85e300,0facc214,f0010000,20040000,a810751b,0d83ff06,45f88b73,1f83ff06,00000006,1af6c101,07c745f0,02000000,8b45f889,45f8660f,8b45108b,058bcb8b,0000d3e0,75108078,8b4dfcc6,81582000,348b5514,108b088b,017599eb,5dc21400,cccccccc
1788306659.632731,27512,7.006492321624085e-45,8.407790785948902e-45,1.401298464324817e-45,1.401298464324817e-45,1.0,0.0,0.0,0.0,0.0,0.0,0.0,1.0,0.0,0.0,0.0,0.0,0.0,0.0,0.0,0.0,0.0,0.0,0.0,0.0,1.0,0.0,1.0,0.0,0.0,0.0,0.0,0.0,0.0,0.0,0.0,0.0,1.0,0.0,0.0,0.0,0.0,0.0,0.0,0.0,0.0,0.0,0.0,0.0,0.0,0.0,0.0,0.0,0f1f8400,c1018d48,8bc1eb0c,000f1f80,00000000,8b5df48b,c8c1f905,f085148e,008b450c,008bca81,01a90000,088b04b9,f8000000,098bc1c1,e817a801,0f85e300,0facc214,f0010000,20040000,a810751b,0d83ff06,45f88b73,1f83ff06,00000006,1af6c101,07c745f0,02000000,8b45f889,45f8660f,8b45108b,058bcb8b,0000d3e0,75108078,8b4dfcc6,81582000,348b5514,108b088b,017599eb,5dc21400,cccccccc
1788306659.7335963,27512,7.006492321624085e-45,8.407790785948902e-45,1.401298464324817e-45,1.401298464324817e-45,1.0,0.0,0.0,0.0,0.0,0.0,0.0,1.0,0.0,0.0,0.0,0.0,0.0,0.0,0.0,0.0,0.0,0.0,0.0,0.0,1.0,0.0,1.0,0.0,0.0,0.0,0.0,0.0,0.0,0.0,0.0,0.0,1.0,0.0,0.0,0.0,0.0,0.0,0.0,0.0,0.0,0.0,0.0,0.0,0.0,0.0,0.0,0.0,0f1f8400,c1018d48,8bc1eb0c,000f1f80,00000000,8b5df48b,c8c1f905,f085148e,008b450c,008bca81,01a90000,088b04b9,f8000000,098bc1c1,e817a801,0f85e300,0facc214,f0010000,20040000,a810751b,0d83ff06,45f88b73,1f83ff06,00000006,1af6c101,07c745f0,02000000,8b45f889,45f8660f,8b45108b,058bcb8b,0000d3e0,75108078,8b4dfcc6,81582000,348b5514,108b088b,017599eb,5dc21400,cccccccc
1788306659.8344038,27512,7.006492321624085e-45,8.407790785948902e-45,1.401298464324817e-45,1.401298464324817e-45,1.0,0.0,0.0,0.0,0.0,0.0,0.0,1.0,0.0,0.0,0.0,0.0,0.0,0.0,0.0,0.0,0.0,0.0,0.0,0.0,1.0,0.0,1.0,0.0,0.0,0.0,0.0,0.0,0.0,0.0,0.0,0.0,1.0,0.0,0.0,0.0,0.0,0.0,0.0,0.0,0.0,0.0,0.0,0.0,0.0,0.0,0.0,0.0,0f1f8400,c1018d48,8bc1eb0c,000f1f80,00000000,8b5df48b,c8c1f905,f085148e,008b450c,008bca81,01a90000,088b04b9,f8000000,098bc1c1,e817a801,0f85e300,0facc214,f0010000,20040000,a810751b,0d83ff06,45f88b73,1f83ff06,00000006,1af6c101,07c745f0,02000000,8b45f889,45f8660f,8b45108b,058bcb8b,0000d3e0,75108078,8b4dfcc6,81582000,348b5514,108b088b,017599eb,5dc21400,cccccccc
1788306659.9347048,27512,7.006492321624085e-45,8.407790785948902e-45,1.401298464324817e-45,1.401298464324817e-45,1.0,0.0,0.0,0.0,0.0,0.0,0.0,1.0,0.0,0.0,0.0,0.0,0.0,0.0,0.0,0.0,0.0,0.0,0.0,0.0,1.0,0.0,1.0,0.0,0.0,0.0,0.0,0.0,0.0,0.0,0.0,0.0,1.0,0.0,0.0,0.0,0.0,0.0,0.0,0.0,0.0,0.0,0.0,0.0,0.0,0.0,0.0,0.0,0f1f8400,c1018d48,8bc1eb0c,000f1f80,00000000,8b5df48b,c8c1f905,f085148e,008b450c,008bca81,01a90000,088b04b9,f8000000,098bc1c1,e817a801,0f85e300,0facc214,f0010000,20040000,a810751b,0d83ff06,45f88b73,1f83ff06,00000006,1af6c101,07c745f0,02000000,8b45f889,45f8660f,8b45108b,058bcb8b,0000d3e0,75108078,8b4dfcc6,81582000,348b5514,108b088b,017599eb,5dc21400,cccccccc
1788306660.0352445,27512,7.006492321624085e-45,8.407790785948902e-45,1.401298464324817e-45,1.401298464324817e-45,1.0,0.0,0.0,0.0,0.0,0.0,0.0,1.0,0.0,0.0,0.0,0.0,0.0,0.0,0.0,0.0,0.0,0.0,0.0,0.0,1.0,0.0,1.0,0.0,0.0,0.0,0.0,0.0,0.0,0.0,0.0,0.0,1.0,0.0,0.0,0.0,0.0,0.0,0.0,0.0,0.0,0.0,0.0,0.0,0.0,0.0,0.0,0.0,0f1f8400,c1018d48,8bc1eb0c,000f1f80,00000000,8b5df48b,c8c1f905,f085148e,008b450c,008bca81,01a90000,088b04b9,f8000000,098bc1c1,e817a801,0f85e300,0facc214,f0010000,20040000,a810751b,0d83ff06,45f88b73,1f83ff06,00000006,1af6c101,07c745f0,02000000,8b45f889,45f8660f,8b45108b,058bcb8b,0000d3e0,75108078,8b4dfcc6,81582000,348b5514,108b088b,017599eb,5dc21400,cccccccc
1788306660.1356788,27512,7.006492321624085e-45,8.407790785948902e-45,1.401298464324817e-45,1.401298464324817e-45,1.0,0.0,0.0,0.0,0.0,0.0,0.0,1.0,0.0,0.0,0.0,0.0,0.0,0.0,0.0,0.0,0.0,0.0,0.0,0.0,1.0,0.0,1.0,0.0,0.0,0.0,0.0,0.0,0.0,0.0,0.0,0.0,1.0,0.0,0.0,0.0,0.0,0.0,0.0,0.0,0.0,0.0,0.0,0.0,0.0,0.0,0.0,0.0,0f1f8400,c1018d48,8bc1eb0c,000f1f80,00000000,8b5df48b,c8c1f905,f085148e,008b450c,008bca81,01a90000,088b04b9,f8000000,098bc1c1,e817a801,0f85e300,0facc214,f0010000,20040000,a810751b,0d83ff06,45f88b73,1f83ff06,00000006,1af6c101,07c745f0,02000000,8b45f889,45f8660f,8b45108b,058bcb8b,0000d3e0,75108078,8b4dfcc6,81582000,348b5514,108b088b,017599eb,5dc21400,cccccccc
1788306660.237744,27512,7.006492321624085e-45,8.407790785948902e-45,1.401298464324817e-45,1.401298464324817e-45,1.0,0.0,0.0,0.0,0.0,0.0,0.0,1.0,0.0,0.0,0.0,0.0,0.0,0.0,0.0,0.0,0.0,0.0,0.0,0.0,1.0,0.0,1.0,0.0,0.0,0.0,0.0,0.0,0.0,0.0,0.0,0.0,1.0,0.0,0.0,0.0,0.0,0.0,0.0,0.0,0.0,0.0,0.0,0.0,0.0,0.0,0.0,0.0,0f1f8400,c1018d48,8bc1eb0c,000f1f80,00000000,8b5df48b,c8c1f905,f085148e,008b450c,008bca81,01a90000,088b04b9,f8000000,098bc1c1,e817a801,0f85e300,0facc214,f0010000,20040000,a810751b,0d83ff06,45f88b73,1f83ff06,00000006,1af6c101,07c745f0,02000000,8b45f889,45f8660f,8b45108b,058bcb8b,0000d3e0,75108078,8b4dfcc6,81582000,348b5514,108b088b,017599eb,5dc21400,cccccccc
1788306660.3387706,27512,7.006492321624085e-45,8.407790785948902e-45,1.401298464324817e-45,1.401298464324817e-45,1.0,0.0,0.0,0.0,0.0,0.0,0.0,1.0,0.0,0.0,0.0,0.0,0.0,0.0,0.0,0.0,0.0,0.0,0.0,0.0,1.0,0.0,1.0,0.0,0.0,0.0,0.0,0.0,0.0,0.0,0.0,0.0,1.0,0.0,0.0,0.0,0.0,0.0,0.0,0.0,0.0,0.0,0.0,0.0,0.0,0.0,0.0,0.0,0f1f8400,c1018d48,8bc1eb0c,000f1f80,00000000,8b5df48b,c8c1f905,f085148e,008b450c,008bca81,01a90000,088b04b9,f8000000,098bc1c1,e817a801,0f85e300,0facc214,f0010000,20040000,a810751b,0d83ff06,45f88b73,1f83ff06,00000006,1af6c101,07c745f0,02000000,8b45f889,45f8660f,8b45108b,058bcb8b,0000d3e0,75108078,8b4dfcc6,81582000,348b5514,108b088b,017599eb,5dc21400,cccccccc
1788306660.439715,27512,7.006492321624085e-45,8.407790785948902e-45,1.401298464324817e-45,1.401298464324817e-45,1.0,0.0,0.0,0.0,0.0,0.0,0.0,1.0,0.0,0.0,0.0,0.0,0.0,0.0,0.0,0.0,0.0,0.0,0.0,0.0,1.0,0.0,1.0,0.0,0.0,0.0,0.0,0.0,0.0,0.0,0.0,0.0,1.0,0.0,0.0,0.0,0.0,0.0,0.0,0.0,0.0,0.0,0.0,0.0,0.0,0.0,0.0,0.0,0f1f8400,c1018d48,8bc1eb0c,000f1f80,00000000,8b5df48b,c8c1f905,f085148e,008b450c,008bca81,01a90000,088b04b9,f8000000,098bc1c1,e817a801,0f85e300,0facc214,f0010000,20040000,a810751b,0d83ff06,45f88b73,1f83ff06,00000006,1af6c101,07c745f0,02000000,8b45f889,45f8660f,8b45108b,058bcb8b,0000d3e0,75108078,8b4dfcc6,81582000,348b5514,108b088b,017599eb,5dc21400,cccccccc
1788306660.540293,27512,7.006492321624085e-45,8.407790785948902e-45,1.401298464324817e-45,1.401298464324817e-45,1.0,0.0,0.0,0.0,0.0,0.0,0.0,1.0,0.0,0.0,0.0,0.0,0.0,0.0,0.0,0.0,0.0,0.0,0.0,0.0,1.0,0.0,1.0,0.0,0.0,0.0,0.0,0.0,0.0,0.0,0.0,0.0,1.0,0.0,0.0,0.0,0.0,0.0,0.0,0.0,0.0,0.0,0.0,0.0,0.0,0.0,0.0,0.0,0f1f8400,c1018d48,8bc1eb0c,000f1f80,00000000,8b5df48b,c8c1f905,f085148e,008b450c,008bca81,01a90000,088b04b9,f8000000,098bc1c1,e817a801,0f85e300,0facc214,f0010000,20040000,a810751b,0d83ff06,45f88b73,1f83ff06,00000006,1af6c101,07c745f0,02000000,8b45f889,45f8660f,8b45108b,058bcb8b,0000d3e0,75108078,8b4dfcc6,81582000,348b5514,108b088b,017599eb,5dc21400,cccccccc
1788306660.6410613,27512,7.006492321624085e-45,8.407790785948902e-45,1.401298464324817e-45,1.401298464324817e-45,1.0,0.0,0.0,0.0,0.0,0.0,0.0,1.0,0.0,0.0,0.0,0.0,0.0,0.0,0.0,0.0,0.0,0.0,0.0,0.0,1.0,0.0,1.0,0.0,0.0,0.0,0.0,0.0,0.0,0.0,0.0,0.0,1.0,0.0,0.0,0.0,0.0,0.0,0.0,0.0,0.0,0.0,0.0,0.0,0.0,0.0,0.0,0.0,0f1f8400,c1018d48,8bc1eb0c,000f1f80,00000000,8b5df48b,c8c1f905,f085148e,008b450c,008bca81,01a90000,088b04b9,f8000000,098bc1c1,e817a801,0f85e300,0facc214,f0010000,20040000,a810751b,0d83ff06,45f88b73,1f83ff06,00000006,1af6c101,07c745f0,02000000,8b45f889,45f8660f,8b45108b,058bcb8b,0000d3e0,75108078,8b4dfcc6,81582000,348b5514,108b088b,017599eb,5dc21400,cccccccc
1788306660.7418885,27512,7.006492321624085e-45,8.407790785948902e-45,1.401298464324817e-45,1.401298464324817e-45,1.0,0.0,0.0,0.0,0.0,0.0,0.0,1.0,0.0,0.0,0.0,0.0,0.0,0.0,0.0,0.0,0.0,0.0,0.0,0.0,1.0,0.0,1.0,0.0,0.0,0.0,0.0,0.0,0.0,0.0,0.0,0.0,1.0,0.0,0.0,0.0,0.0,0.0,0.0,0.0,0.0,0.0,0.0,0.0,0.0,0.0,0.0,0.0,0f1f8400,c1018d48,8bc1eb0c,000f1f80,00000000,8b5df48b,c8c1f905,f085148e,008b450c,008bca81,01a90000,088b04b9,f8000000,098bc1c1,e817a801,0f85e300,0facc214,f0010000,20040000,a810751b,0d83ff06,45f88b73,1f83ff06,00000006,1af6c101,07c745f0,02000000,8b45f889,45f8660f,8b45108b,058bcb8b,0000d3e0,75108078,8b4dfcc6,81582000,348b5514,108b088b,017599eb,5dc21400,cccccccc
1788306660.8429244,27512,7.006492321624085e-45,8.407790785948902e-45,1.401298464324817e-45,1.401298464324817e-45,1.0,0.0,0.0,0.0,0.0,0.0,0.0,1.0,0.0,0.0,0.0,0.0,0.0,0.0,0.0,0.0,0.0,0.0,0.0,0.0,1.0,0.0,1.0,0.0,0.0,0.0,0.0,0.0,0.0,0.0,0.0,0.0,1.0,0.0,0.0,0.0,0.0,0.0,0.0,0.0,0.0,0.0,0.0,0.0,0.0,0.0,0.0,0.0,0f1f8400,c1018d48,8bc1eb0c,000f1f80,00000000,8b5df48b,c8c1f905,f085148e,008b450c,008bca81,01a90000,088b04b9,f8000000,098bc1c1,e817a801,0f85e300,0facc214,f0010000,20040000,a810751b,0d83ff06,45f88b73,1f83ff06,00000006,1af6c101,07c745f0,02000000,8b45f889,45f8660f,8b45108b,058bcb8b,0000d3e0,75108078,8b4dfcc6,81582000,348b5514,108b088b,017599eb,5dc21400,cccccccc
1788306660.9437978,27512,7.006492321624085e-45,8.407790785948902e-45,1.401298464324817e-45,1.401298464324817e-45,1.0,0.0,0.0,0.0,0.0,0.0,0.0,1.0,0.0,0.0,0.0,0.0,0.0,0.0,0.0,0.0,0.0,0.0,0.0,0.0,1.0,0.0,1.0,0.0,0.0,0.0,0.0,0.0,0.0,0.0,0.0,0.0,1.0,0.0,0.0,0.0,0.0,0.0,0.0,0.0,0.0,0.0,0.0,0.0,0.0,0.0,0.0,0.0,0f1f8400,c1018d48,8bc1eb0c,000f1f80,00000000,8b5df48b,c8c1f905,f085148e,008b450c,008bca81,01a90000,088b04b9,f8000000,098bc1c1,e817a801,0f85e300,0facc214,f0010000,20040000,a810751b,0d83ff06,45f88b73,1f83ff06,00000006,1af6c101,07c745f0,02000000,8b45f889,45f8660f,8b45108b,058bcb8b,0000d3e0,75108078,8b4dfcc6,81582000,348b5514,108b088b,017599eb,5dc21400,cccccccc
1788306661.0447328,27512,7.006492321624085e-45,8.407790785948902e-45,1.401298464324817e-45,1.401298464324817e-45,1.0,0.0,0.0,0.0,0.0,0.0,0.0,1.0,0.0,0.0,0.0,0.0,0.0,0.0,0.0,0.0,0.0,0.0,0.0,0.0,1.0,0.0,1.0,0.0,0.0,0.0,0.0,0.0,0.0,0.0,0.0,0.0,1.0,0.0,0.0,0.0,0.0,0.0,0.0,0.0,0.0,0.0,0.0,0.0,0.0,0.0,0.0,0.0,0f1f8400,c1018d48,8bc1eb0c,000f1f80,00000000,8b5df48b,c8c1f905,f085148e,008b450c,008bca81,01a90000,088b04b9,f8000000,098bc1c1,e817a801,0f85e300,0facc214,f0010000,20040000,a810751b,0d83ff06,45f88b73,1f83ff06,00000006,1af6c101,07c745f0,02000000,8b45f889,45f8660f,8b45108b,058bcb8b,0000d3e0,75108078,8b4dfcc6,81582000,348b5514,108b088b,017599eb,5dc21400,cccccccc
1788306661.1453626,27512,7.006492321624085e-45,8.407790785948902e-45,1.401298464324817e-45,1.401298464324817e-45,1.0,0.0,0.0,0.0,0.0,0.0,0.0,1.0,0.0,0.0,0.0,0.0,0.0,0.0,0.0,0.0,0.0,0.0,0.0,0.0,1.0,0.0,1.0,0.0,0.0,0.0,0.0,0.0,0.0,0.0,0.0,0.0,1.0,0.0,0.0,0.0,0.0,0.0,0.0,0.0,0.0,0.0,0.0,0.0,0.0,0.0,0.0,0.0,0f1f8400,c1018d48,8bc1eb0c,000f1f80,00000000,8b5df48b,c8c1f905,f085148e,008b450c,008bca81,01a90000,088b04b9,f8000000,098bc1c1,e817a801,0f85e300,0facc214,f0010000,20040000,a810751b,0d83ff06,45f88b73,1f83ff06,00000006,1af6c101,07c745f0,02000000,8b45f889,45f8660f,8b45108b,058bcb8b,0000d3e0,75108078,8b4dfcc6,81582000,348b5514,108b088b,017599eb,5dc21400,cccccccc
1788306661.246274,27512,7.006492321624085e-45,8.407790785948902e-45,1.401298464324817e-45,1.401298464324817e-45,1.0,0.0,0.0,0.0,0.0,0.0,0.0,1.0,0.0,0.0,0.0,0.0,0.0,0.0,0.0,0.0,0.0,0.0,0.0,0.0,1.0,0.0,1.0,0.0,0.0,0.0,0.0,0.0,0.0,0.0,0.0,0.0,1.0,0.0,0.0,0.0,0.0,0.0,0.0,0.0,0.0,0.0,0.0,0.0,0.0,0.0,0.0,0.0,0f1f8400,c1018d48,8bc1eb0c,000f1f80,00000000,8b5df48b,c8c1f905,f085148e,008b450c,008bca81,01a90000,088b04b9,f8000000,098bc1c1,e817a801,0f85e300,0facc214,f0010000,20040000,a810751b,0d83ff06,45f88b73,1f83ff06,00000006,1af6c101,07c745f0,02000000,8b45f889,45f8660f,8b45108b,058bcb8b,0000d3e0,75108078,8b4dfcc6,81582000,348b5514,108b088b,017599eb,5dc21400,cccccccc
1788306661.346934,27512,7.006492321624085e-45,8.407790785948902e-45,1.401298464324817e-45,1.401298464324817e-45,1.0,0.0,0.0,0.0,0.0,0.0,0.0,1.0,0.0,0.0,0.0,0.0,0.0,0.0,0.0,0.0,0.0,0.0,0.0,0.0,1.0,0.0,1.0,0.0,0.0,0.0,0.0,0.0,0.0,0.0,0.0,0.0,1.0,0.0,0.0,0.0,0.0,0.0,0.0,0.0,0.0,0.0,0.0,0.0,0.0,0.0,0.0,0.0,0f1f8400,c1018d48,8bc1eb0c,000f1f80,00000000,8b5df48b,c8c1f905,f085148e,008b450c,008bca81,01a90000,088b04b9,f8000000,098bc1c1,e817a801,0f85e300,0facc214,f0010000,20040000,a810751b,0d83ff06,45f88b73,1f83ff06,00000006,1af6c101,07c745f0,02000000,8b45f889,45f8660f,8b45108b,058bcb8b,0000d3e0,75108078,8b4dfcc6,81582000,348b5514,108b088b,017599eb,5dc21400,cccccccc
1788306661.4477549,27512,7.006492321624085e-45,8.407790785948902e-45,1.401298464324817e-45,1.401298464324817e-45,1.0,0.0,0.0,0.0,0.0,0.0,0.0,1.0,0.0,0.0,0.0,0.0,0.0,0.0,0.0,0.0,0.0,0.0,0.0,0.0,1.0,0.0,1.0,0.0,0.0,0.0,0.0,0.0,0.0,0.0,0.0,0.0,1.0,0.0,0.0,0.0,0.0,0.0,0.0,0.0,0.0,0.0,0.0,0.0,0.0,0.0,0.0,0.0,0f1f8400,c1018d48,8bc1eb0c,000f1f80,00000000,8b5df48b,c8c1f905,f085148e,008b450c,008bca81,01a90000,088b04b9,f8000000,098bc1c1,e817a801,0f85e300,0facc214,f0010000,20040000,a810751b,0d83ff06,45f88b73,1f83ff06,00000006,1af6c101,07c745f0,02000000,8b45f889,45f8660f,8b45108b,058bcb8b,0000d3e0,75108078,8b4dfcc6,81582000,348b5514,108b088b,017599eb,5dc21400,cccccccc
1788306661.548602,27512,7.006492321624085e-45,8.407790785948902e-45,1.401298464324817e-45,1.401298464324817e-45,1.0,0.0,0.0,0.0,0.0,0.0,0.0,1.0,0.0,0.0,0.0,0.0,0.0,0.0,0.0,0.0,0.0,0.0,0.0,0.0,1.0,0.0,1.0,0.0,0.0,0.0,0.0,0.0,0.0,0.0,0.0,0.0,1.0,0.0,0.0,0.0,0.0,0.0,0.0,0.0,0.0,0.0,0.0,0.0,0.0,0.0,0.0,0.0,0f1f8400,c1018d48,8bc1eb0c,000f1f80,00000000,8b5df48b,c8c1f905,f085148e,008b450c,008bca81,01a90000,088b04b9,f8000000,098bc1c1,e817a801,0f85e300,0facc214,f0010000,20040000,a810751b,0d83ff06,45f88b73,1f83ff06,00000006,1af6c101,07c745f0,02000000,8b45f889,45f8660f,8b45108b,058bcb8b,0000d3e0,75108078,8b4dfcc6,81582000,348b5514,108b088b,017599eb,5dc21400,cccccccc
1788306661.6494164,27512,7.006492321624085e-45,8.407790785948902e-45,1.401298464324817e-45,1.401298464324817e-45,1.0,0.0,0.0,0.0,0.0,0.0,0.0,1.0,0.0,0.0,0.0,0.0,0.0,0.0,0.0,0.0,0.0,0.0,0.0,0.0,1.0,0.0,1.0,0.0,0.0,0.0,0.0,0.0,0.0,0.0,0.0,0.0,1.0,0.0,0.0,0.0,0.0,0.0,0.0,0.0,0.0,0.0,0.0,0.0,0.0,0.0,0.0,0.0,0f1f8400,c1018d48,8bc1eb0c,000f1f80,00000000,8b5df48b,c8c1f905,f085148e,008b450c,008bca81,01a90000,088b04b9,f8000000,098bc1c1,e817a801,0f85e300,0facc214,f0010000,20040000,a810751b,0d83ff06,45f88b73,1f83ff06,00000006,1af6c101,07c745f0,02000000,8b45f889,45f8660f,8b45108b,058bcb8b,0000d3e0,75108078,8b4dfcc6,81582000,348b5514,108b088b,017599eb,5dc21400,cccccccc
1788306661.7498186,27512,7.006492321624085e-45,8.407790785948902e-45,1.401298464324817e-45,1.401298464324817e-45,1.0,0.0,0.0,0.0,0.0,0.0,0.0,1.0,0.0,0.0,0.0,0.0,0.0,0.0,0.0,0.0,0.0,0.0,0.0,0.0,1.0,0.0,1.0,0.0,0.0,0.0,0.0,0.0,0.0,0.0,0.0,0.0,1.0,0.0,0.0,0.0,0.0,0.0,0.0,0.0,0.0,0.0,0.0,0.0,0.0,0.0,0.0,0.0,0f1f8400,c1018d48,8bc1eb0c,000f1f80,00000000,8b5df48b,c8c1f905,f085148e,008b450c,008bca81,01a90000,088b04b9,f8000000,098bc1c1,e817a801,0f85e300,0facc214,f0010000,20040000,a810751b,0d83ff06,45f88b73,1f83ff06,00000006,1af6c101,07c745f0,02000000,8b45f889,45f8660f,8b45108b,058bcb8b,0000d3e0,75108078,8b4dfcc6,81582000,348b5514,108b088b,017599eb,5dc21400,cccccccc
1788306661.850189,27512,7.006492321624085e-45,8.407790785948902e-45,1.401298464324817e-45,1.401298464324817e-45,1.0,0.0,0.0,0.0,0.0,0.0,0.0,1.0,0.0,0.0,0.0,0.0,0.0,0.0,0.0,0.0,0.0,0.0,0.0,0.0,1.0,0.0,1.0,0.0,0.0,0.0,0.0,0.0,0.0,0.0,0.0,0.0,1.0,0.0,0.0,0.0,0.0,0.0,0.0,0.0,0.0,0.0,0.0,0.0,0.0,0.0,0.0,0.0,0f1f8400,c1018d48,8bc1eb0c,000f1f80,00000000,8b5df48b,c8c1f905,f085148e,008b450c,008bca81,01a90000,088b04b9,f8000000,098bc1c1,e817a801,0f85e300,0facc214,f0010000,20040000,a810751b,0d83ff06,45f88b73,1f83ff06,00000006,1af6c101,07c745f0,02000000,8b45f889,45f8660f,8b45108b,058bcb8b,0000d3e0,75108078,8b4dfcc6,81582000,348b5514,108b088b,017599eb,5dc21400,cccccccc
1788306661.9512115,27512,7.006492321624085e-45,8.407790785948902e-45,1.401298464324817e-45,1.401298464324817e-45,1.0,0.0,0.0,0.0,0.0,0.0,0.0,1.0,0.0,0.0,0.0,0.0,0.0,0.0,0.0,0.0,0.0,0.0,0.0,0.0,1.0,0.0,1.0,0.0,0.0,0.0,0.0,0.0,0.0,0.0,0.0,0.0,1.0,0.0,0.0,0.0,0.0,0.0,0.0,0.0,0.0,0.0,0.0,0.0,0.0,0.0,0.0,0.0,0f1f8400,c1018d48,8bc1eb0c,000f1f80,00000000,8b5df48b,c8c1f905,f085148e,008b450c,008bca81,01a90000,088b04b9,f8000000,098bc1c1,e817a801,0f85e300,0facc214,f0010000,20040000,a810751b,0d83ff06,45f88b73,1f83ff06,00000006,1af6c101,07c745f0,02000000,8b45f889,45f8660f,8b45108b,058bcb8b,0000d3e0,75108078,8b4dfcc6,81582000,348b5514,108b088b,017599eb,5dc21400,cccccccc
1788306662.052092,27512,7.006492321624085e-45,8.407790785948902e-45,1.401298464324817e-45,1.401298464324817e-45,1.0,0.0,0.0,0.0,0.0,0.0,0.0,1.0,0.0,0.0,0.0,0.0,0.0,0.0,0.0,0.0,0.0,0.0,0.0,0.0,1.0,0.0,1.0,0.0,0.0,0.0,0.0,0.0,0.0,0.0,0.0,0.0,1.0,0.0,0.0,0.0,0.0,0.0,0.0,0.0,0.0,0.0,0.0,0.0,0.0,0.0,0.0,0.0,0f1f8400,c1018d48,8bc1eb0c,000f1f80,00000000,8b5df48b,c8c1f905,f085148e,008b450c,008bca81,01a90000,088b04b9,f8000000,098bc1c1,e817a801,0f85e300,0facc214,f0010000,20040000,a810751b,0d83ff06,45f88b73,1f83ff06,00000006,1af6c101,07c745f0,02000000,8b45f889,45f8660f,8b45108b,058bcb8b,0000d3e0,75108078,8b4dfcc6,81582000,348b5514,108b088b,017599eb,5dc21400,cccccccc
1788306662.1536808,27512,7.006492321624085e-45,8.407790785948902e-45,1.401298464324817e-45,1.401298464324817e-45,1.0,0.0,0.0,0.0,0.0,0.0,0.0,1.0,0.0,0.0,0.0,0.0,0.0,0.0,0.0,0.0,0.0,0.0,0.0,0.0,1.0,0.0,1.0,0.0,0.0,0.0,0.0,0.0,0.0,0.0,0.0,0.0,1.0,0.0,0.0,0.0,0.0,0.0,0.0,0.0,0.0,0.0,0.0,0.0,0.0,0.0,0.0,0.0,0f1f8400,c1018d48,8bc1eb0c,000f1f80,00000000,8b5df48b,c8c1f905,f085148e,008b450c,008bca81,01a90000,088b04b9,f8000000,098bc1c1,e817a801,0f85e300,0facc214,f0010000,20040000,a810751b,0d83ff06,45f88b73,1f83ff06,00000006,1af6c101,07c745f0,02000000,8b45f889,45f8660f,8b45108b,058bcb8b,0000d3e0,75108078,8b4dfcc6,81582000,348b5514,108b088b,017599eb,5dc21400,cccccccc
1788306662.2540793,27512,7.006492321624085e-45,8.407790785948902e-45,1.401298464324817e-45,1.401298464324817e-45,1.0,0.0,0.0,0.0,0.0,0.0,0.0,1.0,0.0,0.0,0.0,0.0,0.0,0.0,0.0,0.0,0.0,0.0,0.0,0.0,1.0,0.0,1.0,0.0,0.0,0.0,0.0,0.0,0.0,0.0,0.0,0.0,1.0,0.0,0.0,0.0,0.0,0.0,0.0,0.0,0.0,0.0,0.0,0.0,0.0,0.0,0.0,0.0,0f1f8400,c1018d48,8bc1eb0c,000f1f80,00000000,8b5df48b,c8c1f905,f085148e,008b450c,008bca81,01a90000,088b04b9,f8000000,098bc1c1,e817a801,0f85e300,0facc214,f0010000,20040000,a810751b,0d83ff06,45f88b73,1f83ff06,00000006,1af6c101,07c745f0,02000000,8b45f889,45f8660f,8b45108b,058bcb8b,0000d3e0,75108078,8b4dfcc6,81582000,348b5514,108b088b,017599eb,5dc21400,cccccccc
1788306662.3549297,27512,7.006492321624085e-45,8.407790785948902e-45,1.401298464324817e-45,1.401298464324817e-45,1.0,0.0,0.0,0.0,0.0,0.0,0.0,1.0,0.0,0.0,0.0,0.0,0.0,0.0,0.0,0.0,0.0,0.0,0.0,0.0,1.0,0.0,1.0,0.0,0.0,0.0,0.0,0.0,0.0,0.0,0.0,0.0,1.0,0.0,0.0,0.0,0.0,0.0,0.0,0.0,0.0,0.0,0.0,0.0,0.0,0.0,0.0,0.0,0f1f8400,c1018d48,8bc1eb0c,000f1f80,00000000,8b5df48b,c8c1f905,f085148e,008b450c,008bca81,01a90000,088b04b9,f8000000,098bc1c1,e817a801,0f85e300,0facc214,f0010000,20040000,a810751b,0d83ff06,45f88b73,1f83ff06,00000006,1af6c101,07c745f0,02000000,8b45f889,45f8660f,8b45108b,058bcb8b,0000d3e0,75108078,8b4dfcc6,81582000,348b5514,108b088b,017599eb,5dc21400,cccccccc
1788306662.4557364,27512,7.006492321624085e-45,8.407790785948902e-45,1.401298464324817e-45,1.401298464324817e-45,1.0,0.0,0.0,0.0,0.0,0.0,0.0,1.0,0.0,0.0,0.0,0.0,0.0,0.0,0.0,0.0,0.0,0.0,0.0,0.0,1.0,0.0,1.0,0.0,0.0,0.0,0.0,0.0,0.0,0.0,0.0,0.0,1.0,0.0,0.0,0.0,0.0,0.0,0.0,0.0,0.0,0.0,0.0,0.0,0.0,0.0,0.0,0.0,0f1f8400,c1018d48,8bc1eb0c,000f1f80,00000000,8b5df48b,c8c1f905,f085148e,008b450c,008bca81,01a90000,088b04b9,f8000000,098bc1c1,e817a801,0f85e300,0facc214,f0010000,20040000,a810751b,0d83ff06,45f88b73,1f83ff06,00000006,1af6c101,07c745f0,02000000,8b45f889,45f8660f,8b45108b,058bcb8b,0000d3e0,75108078,8b4dfcc6,81582000,348b5514,108b088b,017599eb,5dc21400,cccccccc
1788306662.5573266,27512,7.006492321624085e-45,8.407790785948902e-45,1.401298464324817e-45,1.401298464324817e-45,1.0,0.0,0.0,0.0,0.0,0.0,0.0,1.0,0.0,0.0,0.0,0.0,0.0,0.0,0.0,0.0,0.0,0.0,0.0,0.0,1.0,0.0,1.0,0.0,0.0,0.0,0.0,0.0,0.0,0.0,0.0,0.0,1.0,0.0,0.0,0.0,0.0,0.0,0.0,0.0,0.0,0.0,0.0,0.0,0.0,0.0,0.0,0.0,0f1f8400,c1018d48,8bc1eb0c,000f1f80,00000000,8b5df48b,c8c1f905,f085148e,008b450c,008bca81,01a90000,088b04b9,f8000000,098bc1c1,e817a801,0f85e300,0facc214,f0010000,20040000,a810751b,0d83ff06,45f88b73,1f83ff06,00000006,1af6c101,07c745f0,02000000,8b45f889,45f8660f,8b45108b,058bcb8b,0000d3e0,75108078,8b4dfcc6,81582000,348b5514,108b088b,017599eb,5dc21400,cccccccc
1788306662.6580453,27512,7.006492321624085e-45,8.407790785948902e-45,1.401298464324817e-45,1.401298464324817e-45,1.0,0.0,0.0,0.0,0.0,0.0,0.0,1.0,0.0,0.0,0.0,0.0,0.0,0.0,0.0,0.0,0.0,0.0,0.0,0.0,1.0,0.0,1.0,0.0,0.0,0.0,0.0,0.0,0.0,0.0,0.0,0.0,1.0,0.0,0.0,0.0,0.0,0.0,0.0,0.0,0.0,0.0,0.0,0.0,0.0,0.0,0.0,0.0,0f1f8400,c1018d48,8bc1eb0c,000f1f80,00000000,8b5df48b,c8c1f905,f085148e,008b450c,008bca81,01a90000,088b04b9,f8000000,098bc1c1,e817a801,0f85e300,0facc214,f0010000,20040000,a810751b,0d83ff06,45f88b73,1f83ff06,00000006,1af6c101,07c745f0,02000000,8b45f889,45f8660f,8b45108b,058bcb8b,0000d3e0,75108078,8b4dfcc6,81582000,348b5514,108b088b,017599eb,5dc21400,cccccccc
1788306662.758929,27512,7.006492321624085e-45,8.407790785948902e-45,1.401298464324817e-45,1.401298464324817e-45,1.0,0.0,0.0,0.0,0.0,0.0,0.0,1.0,0.0,0.0,0.0,0.0,0.0,0.0,0.0,0.0,0.0,0.0,0.0,0.0,1.0,0.0,1.0,0.0,0.0,0.0,0.0,0.0,0.0,0.0,0.0,0.0,1.0,0.0,0.0,0.0,0.0,0.0,0.0,0.0,0.0,0.0,0.0,0.0,0.0,0.0,0.0,0.0,0f1f8400,c1018d48,8bc1eb0c,000f1f80,00000000,8b5df48b,c8c1f905,f085148e,008b450c,008bca81,01a90000,088b04b9,f8000000,098bc1c1,e817a801,0f85e300,0facc214,f0010000,20040000,a810751b,0d83ff06,45f88b73,1f83ff06,00000006,1af6c101,07c745f0,02000000,8b45f889,45f8660f,8b45108b,058bcb8b,0000d3e0,75108078,8b4dfcc6,81582000,348b5514,108b088b,017599eb,5dc21400,cccccccc
1788306662.859855,27512,7.006492321624085e-45,8.407790785948902e-45,1.401298464324817e-45,1.401298464324817e-45,1.0,0.0,0.0,0.0,0.0,0.0,0.0,1.0,0.0,0.0,0.0,0.0,0.0,0.0,0.0,0.0,0.0,0.0,0.0,0.0,1.0,0.0,1.0,0.0,0.0,0.0,0.0,0.0,0.0,0.0,0.0,0.0,1.0,0.0,0.0,0.0,0.0,0.0,0.0,0.0,0.0,0.0,0.0,0.0,0.0,0.0,0.0,0.0,0f1f8400,c1018d48,8bc1eb0c,000f1f80,00000000,8b5df48b,c8c1f905,f085148e,008b450c,008bca81,01a90000,088b04b9,f8000000,098bc1c1,e817a801,0f85e300,0facc214,f0010000,20040000,a810751b,0d83ff06,45f88b73,1f83ff06,00000006,1af6c101,07c745f0,02000000,8b45f889,45f8660f,8b45108b,058bcb8b,0000d3e0,75108078,8b4dfcc6,81582000,348b5514,108b088b,017599eb,5dc21400,cccccccc
1788306662.9609942,27512,7.006492321624085e-45,8.407790785948902e-45,1.401298464324817e-45,1.401298464324817e-45,1.0,0.0,0.0,0.0,0.0,0.0,0.0,1.0,0.0,0.0,0.0,0.0,0.0,0.0,0.0,0.0,0.0,0.0,0.0,0.0,1.0,0.0,1.0,0.0,0.0,0.0,0.0,0.0,0.0,0.0,0.0,0.0,1.0,0.0,0.0,0.0,0.0,0.0,0.0,0.0,0.0,0.0,0.0,0.0,0.0,0.0,0.0,0.0,0f1f8400,c1018d48,8bc1eb0c,000f1f80,00000000,8b5df48b,c8c1f905,f085148e,008b450c,008bca81,01a90000,088b04b9,f8000000,098bc1c1,e817a801,0f85e300,0facc214,f0010000,20040000,a810751b,0d83ff06,45f88b73,1f83ff06,00000006,1af6c101,07c745f0,02000000,8b45f889,45f8660f,8b45108b,058bcb8b,0000d3e0,75108078,8b4dfcc6,81582000,348b5514,108b088b,017599eb,5dc21400,cccccccc
1788306663.0833435,27512,7.006492321624085e-45,8.407790785948902e-45,1.401298464324817e-45,1.401298464324817e-45,1.0,0.0,0.0,0.0,0.0,0.0,0.0,1.0,0.0,0.0,0.0,0.0,0.0,0.0,0.0,0.0,0.0,0.0,0.0,0.0,1.0,0.0,1.0,0.0,0.0,0.0,0.0,0.0,0.0,0.0,0.0,0.0,1.0,0.0,0.0,0.0,0.0,0.0,0.0,0.0,0.0,0.0,0.0,0.0,0.0,0.0,0.0,0.0,0f1f8400,c1018d48,8bc1eb0c,000f1f80,00000000,8b5df48b,c8c1f905,f085148e,008b450c,008bca81,01a90000,088b04b9,f8000000,098bc1c1,e817a801,0f85e300,0facc214,f0010000,20040000,a810751b,0d83ff06,45f88b73,1f83ff06,00000006,1af6c101,07c745f0,02000000,8b45f889,45f8660f,8b45108b,058bcb8b,0000d3e0,75108078,8b4dfcc6,81582000,348b5514,108b088b,017599eb,5dc21400,cccccccc
1788306663.184345,27512,7.006492321624085e-45,8.407790785948902e-45,1.401298464324817e-45,1.401298464324817e-45,1.0,0.0,0.0,0.0,0.0,0.0,0.0,1.0,0.0,0.0,0.0,0.0,0.0,0.0,0.0,0.0,0.0,0.0,0.0,0.0,1.0,0.0,1.0,0.0,0.0,0.0,0.0,0.0,0.0,0.0,0.0,0.0,1.0,0.0,0.0,0.0,0.0,0.0,0.0,0.0,0.0,0.0,0.0,0.0,0.0,0.0,0.0,0.0,0f1f8400,c1018d48,8bc1eb0c,000f1f80,00000000,8b5df48b,c8c1f905,f085148e,008b450c,008bca81,01a90000,088b04b9,f8000000,098bc1c1,e817a801,0f85e300,0facc214,f0010000,20040000,a810751b,0d83ff06,45f88b73,1f83ff06,00000006,1af6c101,07c745f0,02000000,8b45f889,45f8660f,8b45108b,058bcb8b,0000d3e0,75108078,8b4dfcc6,81582000,348b5514,108b088b,017599eb,5dc21400,cccccccc
1788306663.2850537,27512,7.006492321624085e-45,8.407790785948902e-45,1.401298464324817e-45,1.401298464324817e-45,1.0,0.0,0.0,0.0,0.0,0.0,0.0,1.0,0.0,0.0,0.0,0.0,0.0,0.0,0.0,0.0,0.0,0.0,0.0,0.0,1.0,0.0,1.0,0.0,0.0,0.0,0.0,0.0,0.0,0.0,0.0,0.0,1.0,0.0,0.0,0.0,0.0,0.0,0.0,0.0,0.0,0.0,0.0,0.0,0.0,0.0,0.0,0.0,0f1f8400,c1018d48,8bc1eb0c,000f1f80,00000000,8b5df48b,c8c1f905,f085148e,008b450c,008bca81,01a90000,088b04b9,f8000000,098bc1c1,e817a801,0f85e300,0facc214,f0010000,20040000,a810751b,0d83ff06,45f88b73,1f83ff06,00000006,1af6c101,07c745f0,02000000,8b45f889,45f8660f,8b45108b,058bcb8b,0000d3e0,75108078,8b4dfcc6,81582000,348b5514,108b088b,017599eb,5dc21400,cccccccc
1788306663.3859217,27512,7.006492321624085e-45,8.407790785948902e-45,1.401298464324817e-45,1.401298464324817e-45,1.0,0.0,0.0,0.0,0.0,0.0,0.0,1.0,0.0,0.0,0.0,0.0,0.0,0.0,0.0,0.0,0.0,0.0,0.0,0.0,1.0,0.0,1.0,0.0,0.0,0.0,0.0,0.0,0.0,0.0,0.0,0.0,1.0,0.0,0.0,0.0,0.0,0.0,0.0,0.0,0.0,0.0,0.0,0.0,0.0,0.0,0.0,0.0,0f1f8400,c1018d48,8bc1eb0c,000f1f80,00000000,8b5df48b,c8c1f905,f085148e,008b450c,008bca81,01a90000,088b04b9,f8000000,098bc1c1,e817a801,0f85e300,0facc214,f0010000,20040000,a810751b,0d83ff06,45f88b73,1f83ff06,00000006,1af6c101,07c745f0,02000000,8b45f889,45f8660f,8b45108b,058bcb8b,0000d3e0,75108078,8b4dfcc6,81582000,348b5514,108b088b,017599eb,5dc21400,cccccccc
1788306663.486579,27512,7.006492321624085e-45,8.407790785948902e-45,1.401298464324817e-45,1.401298464324817e-45,1.0,0.0,0.0,0.0,0.0,0.0,0.0,1.0,0.0,0.0,0.0,0.0,0.0,0.0,0.0,0.0,0.0,0.0,0.0,0.0,1.0,0.0,1.0,0.0,0.0,0.0,0.0,0.0,0.0,0.0,0.0,0.0,1.0,0.0,0.0,0.0,0.0,0.0,0.0,0.0,0.0,0.0,0.0,0.0,0.0,0.0,0.0,0.0,0f1f8400,c1018d48,8bc1eb0c,000f1f80,00000000,8b5df48b,c8c1f905,f085148e,008b450c,008bca81,01a90000,088b04b9,f8000000,098bc1c1,e817a801,0f85e300,0facc214,f0010000,20040000,a810751b,0d83ff06,45f88b73,1f83ff06,00000006,1af6c101,07c745f0,02000000,8b45f889,45f8660f,8b45108b,058bcb8b,0000d3e0,75108078,8b4dfcc6,81582000,348b5514,108b088b,017599eb,5dc21400,cccccccc
1788306663.5959835,27512,7.006492321624085e-45,8.407790785948902e-45,1.401298464324817e-45,1.401298464324817e-45,1.0,0.0,0.0,0.0,0.0,0.0,0.0,1.0,0.0,0.0,0.0,0.0,0.0,0.0,0.0,0.0,0.0,0.0,0.0,0.0,1.0,0.0,1.0,0.0,0.0,0.0,0.0,0.0,0.0,0.0,0.0,0.0,1.0,0.0,0.0,0.0,0.0,0.0,0.0,0.0,0.0,0.0,0.0,0.0,0.0,0.0,0.0,0.0,0f1f8400,c1018d48,8bc1eb0c,000f1f80,00000000,8b5df48b,c8c1f905,f085148e,008b450c,008bca81,01a90000,088b04b9,f8000000,098bc1c1,e817a801,0f85e300,0facc214,f0010000,20040000,a810751b,0d83ff06,45f88b73,1f83ff06,00000006,1af6c101,07c745f0,02000000,8b45f889,45f8660f,8b45108b,058bcb8b,0000d3e0,75108078,8b4dfcc6,81582000,348b5514,108b088b,017599eb,5dc21400,cccccccc
1788306663.6975255,27512,7.006492321624085e-45,8.407790785948902e-45,1.401298464324817e-45,1.401298464324817e-45,1.0,0.0,0.0,0.0,0.0,0.0,0.0,1.0,0.0,0.0,0.0,0.0,0.0,0.0,0.0,0.0,0.0,0.0,0.0,0.0,1.0,0.0,1.0,0.0,0.0,0.0,0.0,0.0,0.0,0.0,0.0,0.0,1.0,0.0,0.0,0.0,0.0,0.0,0.0,0.0,0.0,0.0,0.0,0.0,0.0,0.0,0.0,0.0,0f1f8400,c1018d48,8bc1eb0c,000f1f80,00000000,8b5df48b,c8c1f905,f085148e,008b450c,008bca81,01a90000,088b04b9,f8000000,098bc1c1,e817a801,0f85e300,0facc214,f0010000,20040000,a810751b,0d83ff06,45f88b73,1f83ff06,00000006,1af6c101,07c745f0,02000000,8b45f889,45f8660f,8b45108b,058bcb8b,0000d3e0,75108078,8b4dfcc6,81582000,348b5514,108b088b,017599eb,5dc21400,cccccccc
1788306663.7981002,27512,7.006492321624085e-45,8.407790785948902e-45,1.401298464324817e-45,1.401298464324817e-45,1.0,0.0,0.0,0.0,0.0,0.0,0.0,1.0,0.0,0.0,0.0,0.0,0.0,0.0,0.0,0.0,0.0,0.0,0.0,0.0,1.0,0.0,1.0,0.0,0.0,0.0,0.0,0.0,0.0,0.0,0.0,0.0,1.0,0.0,0.0,0.0,0.0,0.0,0.0,0.0,0.0,0.0,0.0,0.0,0.0,0.0,0.0,0.0,0f1f8400,c1018d48,8bc1eb0c,000f1f80,00000000,8b5df48b,c8c1f905,f085148e,008b450c,008bca81,01a90000,088b04b9,f8000000,098bc1c1,e817a801,0f85e300,0facc214,f0010000,20040000,a810751b,0d83ff06,45f88b73,1f83ff06,00000006,1af6c101,07c745f0,02000000,8b45f889,45f8660f,8b45108b,058bcb8b,0000d3e0,75108078,8b4dfcc6,81582000,348b5514,108b088b,017599eb,5dc21400,cccccccc
1788306663.8985722,27512,7.006492321624085e-45,8.407790785948902e-45,1.401298464324817e-45,1.401298464324817e-45,1.0,0.0,0.0,0.0,0.0,0.0,0.0,1.0,0.0,0.0,0.0,0.0,0.0,0.0,0.0,0.0,0.0,0.0,0.0,0.0,1.0,0.0,1.0,0.0,0.0,0.0,0.0,0.0,0.0,0.0,0.0,0.0,1.0,0.0,0.0,0.0,0.0,0.0,0.0,0.0,0.0,0.0,0.0,0.0,0.0,0.0,0.0,0.0,0f1f8400,c1018d48,8bc1eb0c,000f1f80,00000000,8b5df48b,c8c1f905,f085148e,008b450c,008bca81,01a90000,088b04b9,f8000000,098bc1c1,e817a801,0f85e300,0facc214,f0010000,20040000,a810751b,0d83ff06,45f88b73,1f83ff06,00000006,1af6c101,07c745f0,02000000,8b45f889,45f8660f,8b45108b,058bcb8b,0000d3e0,75108078,8b4dfcc6,81582000,348b5514,108b088b,017599eb,5dc21400,cccccccc
1788306663.9995997,27512,7.006492321624085e-45,8.407790785948902e-45,1.401298464324817e-45,1.401298464324817e-45,1.0,0.0,0.0,0.0,0.0,0.0,0.0,1.0,0.0,0.0,0.0,0.0,0.0,0.0,0.0,0.0,0.0,0.0,0.0,0.0,1.0,0.0,1.0,0.0,0.0,0.0,0.0,0.0,0.0,0.0,0.0,0.0,1.0,0.0,0.0,0.0,0.0,0.0,0.0,0.0,0.0,0.0,0.0,0.0,0.0,0.0,0.0,0.0,0f1f8400,c1018d48,8bc1eb0c,000f1f80,00000000,8b5df48b,c8c1f905,f085148e,008b450c,008bca81,01a90000,088b04b9,f8000000,098bc1c1,e817a801,0f85e300,0facc214,f0010000,20040000,a810751b,0d83ff06,45f88b73,1f83ff06,00000006,1af6c101,07c745f0,02000000,8b45f889,45f8660f,8b45108b,058bcb8b,0000d3e0,75108078,8b4dfcc6,81582000,348b5514,108b088b,017599eb,5dc21400,cccccccc
1788306664.1004314,27512,7.006492321624085e-45,8.407790785948902e-45,1.401298464324817e-45,1.401298464324817e-45,1.0,0.0,0.0,0.0,0.0,0.0,0.0,1.0,0.0,0.0,0.0,0.0,0.0,0.0,0.0,0.0,0.0,0.0,0.0,0.0,1.0,0.0,1.0,0.0,0.0,0.0,0.0,0.0,0.0,0.0,0.0,0.0,1.0,0.0,0.0,0.0,0.0,0.0,0.0,0.0,0.0,0.0,0.0,0.0,0.0,0.0,0.0,0.0,0f1f8400,c1018d48,8bc1eb0c,000f1f80,00000000,8b5df48b,c8c1f905,f085148e,008b450c,008bca81,01a90000,088b04b9,f8000000,098bc1c1,e817a801,0f85e300,0facc214,f0010000,20040000,a810751b,0d83ff06,45f88b73,1f83ff06,00000006,1af6c101,07c745f0,02000000,8b45f889,45f8660f,8b45108b,058bcb8b,0000d3e0,75108078,8b4dfcc6,81582000,348b5514,108b088b,017599eb,5dc21400,cccccccc
1788306664.2009115,27512,7.006492321624085e-45,8.407790785948902e-45,1.401298464324817e-45,1.401298464324817e-45,1.0,0.0,0.0,0.0,0.0,0.0,0.0,1.0,0.0,0.0,0.0,0.0,0.0,0.0,0.0,0.0,0.0,0.0,0.0,0.0,1.0,0.0,1.0,0.0,0.0,0.0,0.0,0.0,0.0,0.0,0.0,0.0,1.0,0.0,0.0,0.0,0.0,0.0,0.0,0.0,0.0,0.0,0.0,0.0,0.0,0.0,0.0,0.0,0f1f8400,c1018d48,8bc1eb0c,000f1f80,00000000,8b5df48b,c8c1f905,f085148e,008b450c,008bca81,01a90000,088b04b9,f8000000,098bc1c1,e817a801,0f85e300,0facc214,f0010000,20040000,a810751b,0d83ff06,45f88b73,1f83ff06,00000006,1af6c101,07c745f0,02000000,8b45f889,45f8660f,8b45108b,058bcb8b,0000d3e0,75108078,8b4dfcc6,81582000,348b5514,108b088b,017599eb,5dc21400,cccccccc
1788306664.3016136,27512,7.006492321624085e-45,8.407790785948902e-45,1.401298464324817e-45,1.401298464324817e-45,1.0,0.0,0.0,0.0,0.0,0.0,0.0,1.0,0.0,0.0,0.0,0.0,0.0,0.0,0.0,0.0,0.0,0.0,0.0,0.0,1.0,0.0,1.0,0.0,0.0,0.0,0.0,0.0,0.0,0.0,0.0,0.0,1.0,0.0,0.0,0.0,0.0,0.0,0.0,0.0,0.0,0.0,0.0,0.0,0.0,0.0,0.0,0.0,0f1f8400,c1018d48,8bc1eb0c,000f1f80,00000000,8b5df48b,c8c1f905,f085148e,008b450c,008bca81,01a90000,088b04b9,f8000000,098bc1c1,e817a801,0f85e300,0facc214,f0010000,20040000,a810751b,0d83ff06,45f88b73,1f83ff06,00000006,1af6c101,07c745f0,02000000,8b45f889,45f8660f,8b45108b,058bcb8b,0000d3e0,75108078,8b4dfcc6,81582000,348b5514,108b088b,017599eb,5dc21400,cccccccc
1788306664.4020734,27512,7.006492321624085e-45,8.407790785948902e-45,1.401298464324817e-45,1.401298464324817e-45,1.0,0.0,0.0,0.0,0.0,0.0,0.0,1.0,0.0,0.0,0.0,0.0,0.0,0.0,0.0,0.0,0.0,0.0,0.0,0.0,1.0,0.0,1.0,0.0,0.0,0.0,0.0,0.0,0.0,0.0,0.0,0.0,1.0,0.0,0.0,0.0,0.0,0.0,0.0,0.0,0.0,0.0,0.0,0.0,0.0,0.0,0.0,0.0,0f1f8400,c1018d48,8bc1eb0c,000f1f80,00000000,8b5df48b,c8c1f905,f085148e,008b450c,008bca81,01a90000,088b04b9,f8000000,098bc1c1,e817a801,0f85e300,0facc214,f0010000,20040000,a810751b,0d83ff06,45f88b73,1f83ff06,00000006,1af6c101,07c745f0,02000000,8b45f889,45f8660f,8b45108b,058bcb8b,0000d3e0,75108078,8b4dfcc6,81582000,348b5514,108b088b,017599eb,5dc21400,cccccccc
1788306664.5024328,27512,7.006492321624085e-45,8.407790785948902e-45,1.401298464324817e-45,1.401298464324817e-45,1.0,0.0,0.0,0.0,0.0,0.0,0.0,1.0,0.0,0.0,0.0,0.0,0.0,0.0,0.0,0.0,0.0,0.0,0.0,0.0,1.0,0.0,1.0,0.0,0.0,0.0,0.0,0.0,0.0,0.0,0.0,0.0,1.0,0.0,0.0,0.0,0.0,0.0,0.0,0.0,0.0,0.0,0.0,0.0,0.0,0.0,0.0,0.0,0f1f8400,c1018d48,8bc1eb0c,000f1f80,00000000,8b5df48b,c8c1f905,f085148e,008b450c,008bca81,01a90000,088b04b9,f8000000,098bc1c1,e817a801,0f85e300,0facc214,f0010000,20040000,a810751b,0d83ff06,45f88b73,1f83ff06,00000006,1af6c101,07c745f0,02000000,8b45f889,45f8660f,8b45108b,058bcb8b,0000d3e0,75108078,8b4dfcc6,81582000,348b5514,108b088b,017599eb,5dc21400,cccccccc
1788306664.6031113,27512,7.006492321624085e-45,8.407790785948902e-45,1.401298464324817e-45,1.401298464324817e-45,1.0,0.0,0.0,0.0,0.0,0.0,0.0,1.0,0.0,0.0,0.0,0.0,0.0,0.0,0.0,0.0,0.0,0.0,0.0,0.0,1.0,0.0,1.0,0.0,0.0,0.0,0.0,0.0,0.0,0.0,0.0,0.0,1.0,0.0,0.0,0.0,0.0,0.0,0.0,0.0,0.0,0.0,0.0,0.0,0.0,0.0,0.0,0.0,0f1f8400,c1018d48,8bc1eb0c,000f1f80,00000000,8b5df48b,c8c1f905,f085148e,008b450c,008bca81,01a90000,088b04b9,f8000000,098bc1c1,e817a801,0f85e300,0facc214,f0010000,20040000,a810751b,0d83ff06,45f88b73,1f83ff06,00000006,1af6c101,07c745f0,02000000,8b45f889,45f8660f,8b45108b,058bcb8b,0000d3e0,75108078,8b4dfcc6,81582000,348b5514,108b088b,017599eb,5dc21400,cccccccc
1788306664.7038522,27512,7.006492321624085e-45,8.407790785948902e-45,1.401298464324817e-45,1.401298464324817e-45,1.0,0.0,0.0,0.0,0.0,0.0,0.0,1.0,0.0,0.0,0.0,0.0,0.0,0.0,0.0,0.0,0.0,0.0,0.0,0.0,1.0,0.0,1.0,0.0,0.0,0.0,0.0,0.0,0.0,0.0,0.0,0.0,1.0,0.0,0.0,0.0,0.0,0.0,0.0,0.0,0.0,0.0,0.0,0.0,0.0,0.0,0.0,0.0,0f1f8400,c1018d48,8bc1eb0c,000f1f80,00000000,8b5df48b,c8c1f905,f085148e,008b450c,008bca81,01a90000,088b04b9,f8000000,098bc1c1,e817a801,0f85e300,0facc214,f0010000,20040000,a810751b,0d83ff06,45f88b73,1f83ff06,00000006,1af6c101,07c745f0,02000000,8b45f889,45f8660f,8b45108b,058bcb8b,0000d3e0,75108078,8b4dfcc6,81582000,348b5514,108b088b,017599eb,5dc21400,cccccccc
1788306664.8043888,27512,7.006492321624085e-45,8.407790785948902e-45,1.401298464324817e-45,1.401298464324817e-45,1.0,0.0,0.0,0.0,0.0,0.0,0.0,1.0,0.0,0.0,0.0,0.0,0.0,0.0,0.0,0.0,0.0,0.0,0.0,0.0,1.0,0.0,1.0,0.0,0.0,0.0,0.0,0.0,0.0,0.0,0.0,0.0,1.0,0.0,0.0,0.0,0.0,0.0,0.0,0.0,0.0,0.0,0.0,0.0,0.0,0.0,0.0,0.0,0f1f8400,c1018d48,8bc1eb0c,000f1f80,00000000,8b5df48b,c8c1f905,f085148e,008b450c,008bca81,01a90000,088b04b9,f8000000,098bc1c1,e817a801,0f85e300,0facc214,f0010000,20040000,a810751b,0d83ff06,45f88b73,1f83ff06,00000006,1af6c101,07c745f0,02000000,8b45f889,45f8660f,8b45108b,058bcb8b,0000d3e0,75108078,8b4dfcc6,81582000,348b5514,108b088b,017599eb,5dc21400,cccccccc
1788306664.905416,27512,7.006492321624085e-45,8.407790785948902e-45,1.401298464324817e-45,1.401298464324817e-45,1.0,0.0,0.0,0.0,0.0,0.0,0.0,1.0,0.0,0.0,0.0,0.0,0.0,0.0,0.0,0.0,0.0,0.0,0.0,0.0,1.0,0.0,1.0,0.0,0.0,0.0,0.0,0.0,0.0,0.0,0.0,0.0,1.0,0.0,0.0,0.0,0.0,0.0,0.0,0.0,0.0,0.0,0.0,0.0,0.0,0.0,0.0,0.0,0f1f8400,c1018d48,8bc1eb0c,000f1f80,00000000,8b5df48b,c8c1f905,f085148e,008b450c,008bca81,01a90000,088b04b9,f8000000,098bc1c1,e817a801,0f85e300,0facc214,f0010000,20040000,a810751b,0d83ff06,45f88b73,1f83ff06,00000006,1af6c101,07c745f0,02000000,8b45f889,45f8660f,8b45108b,058bcb8b,0000d3e0,75108078,8b4dfcc6,81582000,348b5514,108b088b,017599eb,5dc21400,cccccccc
1788306665.0062456,27512,7.006492321624085e-45,8.407790785948902e-45,1.401298464324817e-45,1.401298464324817e-45,1.0,0.0,0.0,0.0,0.0,0.0,0.0,1.0,0.0,0.0,0.0,0.0,0.0,0.0,0.0,0.0,0.0,0.0,0.0,0.0,1.0,0.0,1.0,0.0,0.0,0.0,0.0,0.0,0.0,0.0,0.0,0.0,1.0,0.0,0.0,0.0,0.0,0.0,0.0,0.0,0.0,0.0,0.0,0.0,0.0,0.0,0.0,0.0,0f1f8400,c1018d48,8bc1eb0c,000f1f80,00000000,8b5df48b,c8c1f905,f085148e,008b450c,008bca81,01a90000,088b04b9,f8000000,098bc1c1,e817a801,0f85e300,0facc214,f0010000,20040000,a810751b,0d83ff06,45f88b73,1f83ff06,00000006,1af6c101,07c745f0,02000000,8b45f889,45f8660f,8b45108b,058bcb8b,0000d3e0,75108078,8b4dfcc6,81582000,348b5514,108b088b,017599eb,5dc21400,cccccccc
1788306665.108131,27512,7.006492321624085e-45,8.407790785948902e-45,1.401298464324817e-45,1.401298464324817e-45,1.0,0.0,0.0,0.0,0.0,0.0,0.0,1.0,0.0,0.0,0.0,0.0,0.0,0.0,0.0,0.0,0.0,0.0,0.0,0.0,1.0,0.0,1.0,0.0,0.0,0.0,0.0,0.0,0.0,0.0,0.0,0.0,1.0,0.0,0.0,0.0,0.0,0.0,0.0,0.0,0.0,0.0,0.0,0.0,0.0,0.0,0.0,0.0,0f1f8400,c1018d48,8bc1eb0c,000f1f80,00000000,8b5df48b,c8c1f905,f085148e,008b450c,008bca81,01a90000,088b04b9,f8000000,098bc1c1,e817a801,0f85e300,0facc214,f0010000,20040000,a810751b,0d83ff06,45f88b73,1f83ff06,00000006,1af6c101,07c745f0,02000000,8b45f889,45f8660f,8b45108b,058bcb8b,0000d3e0,75108078,8b4dfcc6,81582000,348b5514,108b088b,017599eb,5dc21400,cccccccc
1788306665.2086658,27512,7.006492321624085e-45,8.407790785948902e-45,1.401298464324817e-45,1.401298464324817e-45,1.0,0.0,0.0,0.0,0.0,0.0,0.0,1.0,0.0,0.0,0.0,0.0,0.0,0.0,0.0,0.0,0.0,0.0,0.0,0.0,1.0,0.0,1.0,0.0,0.0,0.0,0.0,0.0,0.0,0.0,0.0,0.0,1.0,0.0,0.0,0.0,0.0,0.0,0.0,0.0,0.0,0.0,0.0,0.0,0.0,0.0,0.0,0.0,0f1f8400,c1018d48,8bc1eb0c,000f1f80,00000000,8b5df48b,c8c1f905,f085148e,008b450c,008bca81,01a90000,088b04b9,f8000000,098bc1c1,e817a801,0f85e300,0facc214,f0010000,20040000,a810751b,0d83ff06,45f88b73,1f83ff06,00000006,1af6c101,07c745f0,02000000,8b45f889,45f8660f,8b45108b,058bcb8b,0000d3e0,75108078,8b4dfcc6,81582000,348b5514,108b088b,017599eb,5dc21400,cccccccc
1788306665.309394,27512,7.006492321624085e-45,8.407790785948902e-45,1.401298464324817e-45,1.401298464324817e-45,1.0,0.0,0.0,0.0,0.0,0.0,0.0,1.0,0.0,0.0,0.0,0.0,0.0,0.0,0.0,0.0,0.0,0.0,0.0,0.0,1.0,0.0,1.0,0.0,0.0,0.0,0.0,0.0,0.0,0.0,0.0,0.0,1.0,0.0,0.0,0.0,0.0,0.0,0.0,0.0,0.0,0.0,0.0,0.0,0.0,0.0,0.0,0.0,0f1f8400,c1018d48,8bc1eb0c,000f1f80,00000000,8b5df48b,c8c1f905,f085148e,008b450c,008bca81,01a90000,088b04b9,f8000000,098bc1c1,e817a801,0f85e300,0facc214,f0010000,20040000,a810751b,0d83ff06,45f88b73,1f83ff06,00000006,1af6c101,07c745f0,02000000,8b45f889,45f8660f,8b45108b,058bcb8b,0000d3e0,75108078,8b4dfcc6,81582000,348b5514,108b088b,017599eb,5dc21400,cccccccc
1788306665.4110665,27512,7.006492321624085e-45,8.407790785948902e-45,1.401298464324817e-45,1.401298464324817e-45,1.0,0.0,0.0,0.0,0.0,0.0,0.0,1.0,0.0,0.0,0.0,0.0,0.0,0.0,0.0,0.0,0.0,0.0,0.0,0.0,1.0,0.0,1.0,0.0,0.0,0.0,0.0,0.0,0.0,0.0,0.0,0.0,1.0,0.0,0.0,0.0,0.0,0.0,0.0,0.0,0.0,0.0,0.0,0.0,0.0,0.0,0.0,0.0,0f1f8400,c1018d48,8bc1eb0c,000f1f80,00000000,8b5df48b,c8c1f905,f085148e,008b450c,008bca81,01a90000,088b04b9,f8000000,098bc1c1,e817a801,0f85e300,0facc214,f0010000,20040000,a810751b,0d83ff06,45f88b73,1f83ff06,00000006,1af6c101,07c745f0,02000000,8b45f889,45f8660f,8b45108b,058bcb8b,0000d3e0,75108078,8b4dfcc6,81582000,348b5514,108b088b,017599eb,5dc21400,cccccccc
1788306665.511692,27512,7.006492321624085e-45,8.407790785948902e-45,1.401298464324817e-45,1.401298464324817e-45,1.0,0.0,0.0,0.0,0.0,0.0,0.0,1.0,0.0,0.0,0.0,0.0,0.0,0.0,0.0,0.0,0.0,0.0,0.0,0.0,1.0,0.0,1.0,0.0,0.0,0.0,0.0,0.0,0.0,0.0,0.0,0.0,1.0,0.0,0.0,0.0,0.0,0.0,0.0,0.0,0.0,0.0,0.0,0.0,0.0,0.0,0.0,0.0,0f1f8400,c1018d48,8bc1eb0c,000f1f80,00000000,8b5df48b,c8c1f905,f085148e,008b450c,008bca81,01a90000,088b04b9,f8000000,098bc1c1,e817a801,0f85e300,0facc214,f0010000,20040000,a810751b,0d83ff06,45f88b73,1f83ff06,00000006,1af6c101,07c745f0,02000000,8b45f889,45f8660f,8b45108b,058bcb8b,0000d3e0,75108078,8b4dfcc6,81582000,348b5514,108b088b,017599eb,5dc21400,cccccccc
1788306665.6123102,27512,7.006492321624085e-45,8.407790785948902e-45,1.401298464324817e-45,1.401298464324817e-45,1.0,0.0,0.0,0.0,0.0,0.0,0.0,1.0,0.0,0.0,0.0,0.0,0.0,0.0,0.0,0.0,0.0,0.0,0.0,0.0,1.0,0.0,1.0,0.0,0.0,0.0,0.0,0.0,0.0,0.0,0.0,0.0,1.0,0.0,0.0,0.0,0.0,0.0,0.0,0.0,0.0,0.0,0.0,0.0,0.0,0.0,0.0,0.0,0f1f8400,c1018d48,8bc1eb0c,000f1f80,00000000,8b5df48b,c8c1f905,f085148e,008b450c,008bca81,01a90000,088b04b9,f8000000,098bc1c1,e817a801,0f85e300,0facc214,f0010000,20040000,a810751b,0d83ff06,45f88b73,1f83ff06,00000006,1af6c101,07c745f0,02000000,8b45f889,45f8660f,8b45108b,058bcb8b,0000d3e0,75108078,8b4dfcc6,81582000,348b5514,108b088b,017599eb,5dc21400,cccccccc
1788306665.7127905,27512,7.006492321624085e-45,8.407790785948902e-45,1.401298464324817e-45,1.401298464324817e-45,1.0,0.0,0.0,0.0,0.0,0.0,0.0,1.0,0.0,0.0,0.0,0.0,0.0,0.0,0.0,0.0,0.0,0.0,0.0,0.0,1.0,0.0,1.0,0.0,0.0,0.0,0.0,0.0,0.0,0.0,0.0,0.0,1.0,0.0,0.0,0.0,0.0,0.0,0.0,0.0,0.0,0.0,0.0,0.0,0.0,0.0,0.0,0.0,0f1f8400,c1018d48,8bc1eb0c,000f1f80,00000000,8b5df48b,c8c1f905,f085148e,008b450c,008bca81,01a90000,088b04b9,f8000000,098bc1c1,e817a801,0f85e300,0facc214,f0010000,20040000,a810751b,0d83ff06,45f88b73,1f83ff06,00000006,1af6c101,07c745f0,02000000,8b45f889,45f8660f,8b45108b,058bcb8b,0000d3e0,75108078,8b4dfcc6,81582000,348b5514,108b088b,017599eb,5dc21400,cccccccc
1788306665.813475,27512,7.006492321624085e-45,8.407790785948902e-45,1.401298464324817e-45,1.401298464324817e-45,1.0,0.0,0.0,0.0,0.0,0.0,0.0,1.0,0.0,0.0,0.0,0.0,0.0,0.0,0.0,0.0,0.0,0.0,0.0,0.0,1.0,0.0,1.0,0.0,0.0,0.0,0.0,0.0,0.0,0.0,0.0,0.0,1.0,0.0,0.0,0.0,0.0,0.0,0.0,0.0,0.0,0.0,0.0,0.0,0.0,0.0,0.0,0.0,0f1f8400,c1018d48,8bc1eb0c,000f1f80,00000000,8b5df48b,c8c1f905,f085148e,008b450c,008bca81,01a90000,088b04b9,f8000000,098bc1c1,e817a801,0f85e300,0facc214,f0010000,20040000,a810751b,0d83ff06,45f88b73,1f83ff06,00000006,1af6c101,07c745f0,02000000,8b45f889,45f8660f,8b45108b,058bcb8b,0000d3e0,75108078,8b4dfcc6,81582000,348b5514,108b088b,017599eb,5dc21400,cccccccc
1788306665.9152124,27512,7.006492321624085e-45,8.407790785948902e-45,1.401298464324817e-45,1.401298464324817e-45,1.0,0.0,0.0,0.0,0.0,0.0,0.0,1.0,0.0,0.0,0.0,0.0,0.0,0.0,0.0,0.0,0.0,0.0,0.0,0.0,1.0,0.0,1.0,0.0,0.0,0.0,0.0,0.0,0.0,0.0,0.0,0.0,1.0,0.0,0.0,0.0,0.0,0.0,0.0,0.0,0.0,0.0,0.0,0.0,0.0,0.0,0.0,0.0,0f1f8400,c1018d48,8bc1eb0c,000f1f80,00000000,8b5df48b,c8c1f905,f085148e,008b450c,008bca81,01a90000,088b04b9,f8000000,098bc1c1,e817a801,0f85e300,0facc214,f0010000,20040000,a810751b,0d83ff06,45f88b73,1f83ff06,00000006,1af6c101,07c745f0,02000000,8b45f889,45f8660f,8b45108b,058bcb8b,0000d3e0,75108078,8b4dfcc6,81582000,348b5514,108b088b,017599eb,5dc21400,cccccccc
1788306666.0162015,27512,7.006492321624085e-45,8.407790785948902e-45,1.401298464324817e-45,1.401298464324817e-45,1.0,0.0,0.0,0.0,0.0,0.0,0.0,1.0,0.0,0.0,0.0,0.0,0.0,0.0,0.0,0.0,0.0,0.0,0.0,0.0,1.0,0.0,1.0,0.0,0.0,0.0,0.0,0.0,0.0,0.0,0.0,0.0,1.0,0.0,0.0,0.0,0.0,0.0,0.0,0.0,0.0,0.0,0.0,0.0,0.0,0.0,0.0,0.0,0f1f8400,c1018d48,8bc1eb0c,000f1f80,00000000,8b5df48b,c8c1f905,f085148e,008b450c,008bca81,01a90000,088b04b9,f8000000,098bc1c1,e817a801,0f85e300,0facc214,f0010000,20040000,a810751b,0d83ff06,45f88b73,1f83ff06,00000006,1af6c101,07c745f0,02000000,8b45f889,45f8660f,8b45108b,058bcb8b,0000d3e0,75108078,8b4dfcc6,81582000,348b5514,108b088b,017599eb,5dc21400,cccccccc
1788306666.116984,27512,7.006492321624085e-45,8.407790785948902e-45,1.401298464324817e-45,1.401298464324817e-45,1.0,0.0,0.0,0.0,0.0,0.0,0.0,1.0,0.0,0.0,0.0,0.0,0.0,0.0,0.0,0.0,0.0,0.0,0.0,0.0,1.0,0.0,1.0,0.0,0.0,0.0,0.0,0.0,0.0,0.0,0.0,0.0,1.0,0.0,0.0,0.0,0.0,0.0,0.0,0.0,0.0,0.0,0.0,0.0,0.0,0.0,0.0,0.0,0f1f8400,c1018d48,8bc1eb0c,000f1f80,00000000,8b5df48b,c8c1f905,f085148e,008b450c,008bca81,01a90000,088b04b9,f8000000,098bc1c1,e817a801,0f85e300,0facc214,f0010000,20040000,a810751b,0d83ff06,45f88b73,1f83ff06,00000006,1af6c101,07c745f0,02000000,8b45f889,45f8660f,8b45108b,058bcb8b,0000d3e0,75108078,8b4dfcc6,81582000,348b5514,108b088b,017599eb,5dc21400,cccccccc
1788306666.2180085,27512,7.006492321624085e-45,8.407790785948902e-45,1.401298464324817e-45,1.401298464324817e-45,1.0,0.0,0.0,0.0,0.0,0.0,0.0,1.0,0.0,0.0,0.0,0.0,0.0,0.0,0.0,0.0,0.0,0.0,0.0,0.0,1.0,0.0,1.0,0.0,0.0,0.0,0.0,0.0,0.0,0.0,0.0,0.0,1.0,0.0,0.0,0.0,0.0,0.0,0.0,0.0,0.0,0.0,0.0,0.0,0.0,0.0,0.0,0.0,0f1f8400,c1018d48,8bc1eb0c,000f1f80,00000000,8b5df48b,c8c1f905,f085148e,008b450c,008bca81,01a90000,088b04b9,f8000000,098bc1c1,e817a801,0f85e300,0facc214,f0010000,20040000,a810751b,0d83ff06,45f88b73,1f83ff06,00000006,1af6c101,07c745f0,02000000,8b45f889,45f8660f,8b45108b,058bcb8b,0000d3e0,75108078,8b4dfcc6,81582000,348b5514,108b088b,017599eb,5dc21400,cccccccc
1788306666.318559,27512,7.006492321624085e-45,8.407790785948902e-45,1.401298464324817e-45,1.401298464324817e-45,1.0,0.0,0.0,0.0,0.0,0.0,0.0,1.0,0.0,0.0,0.0,0.0,0.0,0.0,0.0,0.0,0.0,0.0,0.0,0.0,1.0,0.0,1.0,0.0,0.0,0.0,0.0,0.0,0.0,0.0,0.0,0.0,1.0,0.0,0.0,0.0,0.0,0.0,0.0,0.0,0.0,0.0,0.0,0.0,0.0,0.0,0.0,0.0,0f1f8400,c1018d48,8bc1eb0c,000f1f80,00000000,8b5df48b,c8c1f905,f085148e,008b450c,008bca81,01a90000,088b04b9,f8000000,098bc1c1,e817a801,0f85e300,0facc214,f0010000,20040000,a810751b,0d83ff06,45f88b73,1f83ff06,00000006,1af6c101,07c745f0,02000000,8b45f889,45f8660f,8b45108b,058bcb8b,0000d3e0,75108078,8b4dfcc6,81582000,348b5514,108b088b,017599eb,5dc21400,cccccccc
1788306666.4194758,27512,7.006492321624085e-45,8.407790785948902e-45,1.401298464324817e-45,1.401298464324817e-45,1.0,0.0,0.0,0.0,0.0,0.0,0.0,1.0,0.0,0.0,0.0,0.0,0.0,0.0,0.0,0.0,0.0,0.0,0.0,0.0,1.0,0.0,1.0,0.0,0.0,0.0,0.0,0.0,0.0,0.0,0.0,0.0,1.0,0.0,0.0,0.0,0.0,0.0,0.0,0.0,0.0,0.0,0.0,0.0,0.0,0.0,0.0,0.0,0f1f8400,c1018d48,8bc1eb0c,000f1f80,00000000,8b5df48b,c8c1f905,f085148e,008b450c,008bca81,01a90000,088b04b9,f8000000,098bc1c1,e817a801,0f85e300,0facc214,f0010000,20040000,a810751b,0d83ff06,45f88b73,1f83ff06,00000006,1af6c101,07c745f0,02000000,8b45f889,45f8660f,8b45108b,058bcb8b,0000d3e0,75108078,8b4dfcc6,81582000,348b5514,108b088b,017599eb,5dc21400,cccccccc
1788306666.5201654,27512,7.006492321624085e-45,8.407790785948902e-45,1.401298464324817e-45,1.401298464324817e-45,1.0,0.0,0.0,0.0,0.0,0.0,0.0,1.0,0.0,0.0,0.0,0.0,0.0,0.0,0.0,0.0,0.0,0.0,0.0,0.0,1.0,0.0,1.0,0.0,0.0,0.0,0.0,0.0,0.0,0.0,0.0,0.0,1.0,0.0,0.0,0.0,0.0,0.0,0.0,0.0,0.0,0.0,0.0,0.0,0.0,0.0,0.0,0.0,0f1f8400,c1018d48,8bc1eb0c,000f1f80,00000000,8b5df48b,c8c1f905,f085148e,008b450c,008bca81,01a90000,088b04b9,f8000000,098bc1c1,e817a801,0f85e300,0facc214,f0010000,20040000,a810751b,0d83ff06,45f88b73,1f83ff06,00000006,1af6c101,07c745f0,02000000,8b45f889,45f8660f,8b45108b,058bcb8b,0000d3e0,75108078,8b4dfcc6,81582000,348b5514,108b088b,017599eb,5dc21400,cccccccc
1788306666.6295686,27512,7.006492321624085e-45,8.407790785948902e-45,1.401298464324817e-45,1.401298464324817e-45,1.0,0.0,0.0,0.0,0.0,0.0,0.0,1.0,0.0,0.0,0.0,0.0,0.0,0.0,0.0,0.0,0.0,0.0,0.0,0.0,1.0,0.0,1.0,0.0,0.0,0.0,0.0,0.0,0.0,0.0,0.0,0.0,1.0,0.0,0.0,0.0,0.0,0.0,0.0,0.0,0.0,0.0,0.0,0.0,0.0,0.0,0.0,0.0,0f1f8400,c1018d48,8bc1eb0c,000f1f80,00000000,8b5df48b,c8c1f905,f085148e,008b450c,008bca81,01a90000,088b04b9,f8000000,098bc1c1,e817a801,0f85e300,0facc214,f0010000,20040000,a810751b,0d83ff06,45f88b73,1f83ff06,00000006,1af6c101,07c745f0,02000000,8b45f889,45f8660f,8b45108b,058bcb8b,0000d3e0,75108078,8b4dfcc6,81582000,348b5514,108b088b,017599eb,5dc21400,cccccccc
1788306666.7302506,27512,7.006492321624085e-45,8.407790785948902e-45,1.401298464324817e-45,1.401298464324817e-45,1.0,0.0,0.0,0.0,0.0,0.0,0.0,1.0,0.0,0.0,0.0,0.0,0.0,0.0,0.0,0.0,0.0,0.0,0.0,0.0,1.0,0.0,1.0,0.0,0.0,0.0,0.0,0.0,0.0,0.0,0.0,0.0,1.0,0.0,0.0,0.0,0.0,0.0,0.0,0.0,0.0,0.0,0.0,0.0,0.0,0.0,0.0,0.0,0f1f8400,c1018d48,8bc1eb0c,000f1f80,00000000,8b5df48b,c8c1f905,f085148e,008b450c,008bca81,01a90000,088b04b9,f8000000,098bc1c1,e817a801,0f85e300,0facc214,f0010000,20040000,a810751b,0d83ff06,45f88b73,1f83ff06,00000006,1af6c101,07c745f0,02000000,8b45f889,45f8660f,8b45108b,058bcb8b,0000d3e0,75108078,8b4dfcc6,81582000,348b5514,108b088b,017599eb,5dc21400,cccccccc
1788306666.8308697,27512,7.006492321624085e-45,8.407790785948902e-45,1.401298464324817e-45,1.401298464324817e-45,1.0,0.0,0.0,0.0,0.0,0.0,0.0,1.0,0.0,0.0,0.0,0.0,0.0,0.0,0.0,0.0,0.0,0.0,0.0,0.0,1.0,0.0,1.0,0.0,0.0,0.0,0.0,0.0,0.0,0.0,0.0,0.0,1.0,0.0,0.0,0.0,0.0,0.0,0.0,0.0,0.0,0.0,0.0,0.0,0.0,0.0,0.0,0.0,0f1f8400,c1018d48,8bc1eb0c,000f1f80,00000000,8b5df48b,c8c1f905,f085148e,008b450c,008bca81,01a90000,088b04b9,f8000000,098bc1c1,e817a801,0f85e300,0facc214,f0010000,20040000,a810751b,0d83ff06,45f88b73,1f83ff06,00000006,1af6c101,07c745f0,02000000,8b45f889,45f8660f,8b45108b,058bcb8b,0000d3e0,75108078,8b4dfcc6,81582000,348b5514,108b088b,017599eb,5dc21400,cccccccc
1788306666.9314473,27512,7.006492321624085e-45,8.407790785948902e-45,1.401298464324817e-45,1.401298464324817e-45,1.0,0.0,0.0,0.0,0.0,0.0,0.0,1.0,0.0,0.0,0.0,0.0,0.0,0.0,0.0,0.0,0.0,0.0,0.0,0.0,1.0,0.0,1.0,0.0,0.0,0.0,0.0,0.0,0.0,0.0,0.0,0.0,1.0,0.0,0.0,0.0,0.0,0.0,0.0,0.0,0.0,0.0,0.0,0.0,0.0,0.0,0.0,0.0,0f1f8400,c1018d48,8bc1eb0c,000f1f80,00000000,8b5df48b,c8c1f905,f085148e,008b450c,008bca81,01a90000,088b04b9,f8000000,098bc1c1,e817a801,0f85e300,0facc214,f0010000,20040000,a810751b,0d83ff06,45f88b73,1f83ff06,00000006,1af6c101,07c745f0,02000000,8b45f889,45f8660f,8b45108b,058bcb8b,0000d3e0,75108078,8b4dfcc6,81582000,348b5514,108b088b,017599eb,5dc21400,cccccccc
1788306667.0322287,27512,7.006492321624085e-45,8.407790785948902e-45,1.401298464324817e-45,1.401298464324817e-45,1.0,0.0,0.0,0.0,0.0,0.0,0.0,1.0,0.0,0.0,0.0,0.0,0.0,0.0,0.0,0.0,0.0,0.0,0.0,0.0,1.0,0.0,1.0,0.0,0.0,0.0,0.0,0.0,0.0,0.0,0.0,0.0,1.0,0.0,0.0,0.0,0.0,0.0,0.0,0.0,0.0,0.0,0.0,0.0,0.0,0.0,0.0,0.0,0f1f8400,c1018d48,8bc1eb0c,000f1f80,00000000,8b5df48b,c8c1f905,f085148e,008b450c,008bca81,01a90000,088b04b9,f8000000,098bc1c1,e817a801,0f85e300,0facc214,f0010000,20040000,a810751b,0d83ff06,45f88b73,1f83ff06,00000006,1af6c101,07c745f0,02000000,8b45f889,45f8660f,8b45108b,058bcb8b,0000d3e0,75108078,8b4dfcc6,81582000,348b5514,108b088b,017599eb,5dc21400,cccccccc
1788306667.1331804,27512,7.006492321624085e-45,8.407790785948902e-45,1.401298464324817e-45,1.401298464324817e-45,1.0,0.0,0.0,0.0,0.0,0.0,0.0,1.0,0.0,0.0,0.0,0.0,0.0,0.0,0.0,0.0,0.0,0.0,0.0,0.0,1.0,0.0,1.0,0.0,0.0,0.0,0.0,0.0,0.0,0.0,0.0,0.0,1.0,0.0,0.0,0.0,0.0,0.0,0.0,0.0,0.0,0.0,0.0,0.0,0.0,0.0,0.0,0.0,0f1f8400,c1018d48,8bc1eb0c,000f1f80,00000000,8b5df48b,c8c1f905,f085148e,008b450c,008bca81,01a90000,088b04b9,f8000000,098bc1c1,e817a801,0f85e300,0facc214,f0010000,20040000,a810751b,0d83ff06,45f88b73,1f83ff06,00000006,1af6c101,07c745f0,02000000,8b45f889,45f8660f,8b45108b,058bcb8b,0000d3e0,75108078,8b4dfcc6,81582000,348b5514,108b088b,017599eb,5dc21400,cccccccc
1788306667.2337036,27512,7.006492321624085e-45,8.407790785948902e-45,1.401298464324817e-45,1.401298464324817e-45,1.0,0.0,0.0,0.0,0.0,0.0,0.0,1.0,0.0,0.0,0.0,0.0,0.0,0.0,0.0,0.0,0.0,0.0,0.0,0.0,1.0,0.0,1.0,0.0,0.0,0.0,0.0,0.0,0.0,0.0,0.0,0.0,1.0,0.0,0.0,0.0,0.0,0.0,0.0,0.0,0.0,0.0,0.0,0.0,0.0,0.0,0.0,0.0,0f1f8400,c1018d48,8bc1eb0c,000f1f80,00000000,8b5df48b,c8c1f905,f085148e,008b450c,008bca81,01a90000,088b04b9,f8000000,098bc1c1,e817a801,0f85e300,0facc214,f0010000,20040000,a810751b,0d83ff06,45f88b73,1f83ff06,00000006,1af6c101,07c745f0,02000000,8b45f889,45f8660f,8b45108b,058bcb8b,0000d3e0,75108078,8b4dfcc6,81582000,348b5514,108b088b,017599eb,5dc21400,cccccccc
1788306667.3409407,27512,7.006492321624085e-45,8.407790785948902e-45,1.401298464324817e-45,1.401298464324817e-45,1.0,0.0,0.0,0.0,0.0,0.0,0.0,1.0,0.0,0.0,0.0,0.0,0.0,0.0,0.0,0.0,0.0,0.0,0.0,0.0,1.0,0.0,1.0,0.0,0.0,0.0,0.0,0.0,0.0,0.0,0.0,0.0,1.0,0.0,0.0,0.0,0.0,0.0,0.0,0.0,0.0,0.0,0.0,0.0,0.0,0.0,0.0,0.0,0f1f8400,c1018d48,8bc1eb0c,000f1f80,00000000,8b5df48b,c8c1f905,f085148e,008b450c,008bca81,01a90000,088b04b9,f8000000,098bc1c1,e817a801,0f85e300,0facc214,f0010000,20040000,a810751b,0d83ff06,45f88b73,1f83ff06,00000006,1af6c101,07c745f0,02000000,8b45f889,45f8660f,8b45108b,058bcb8b,0000d3e0,75108078,8b4dfcc6,81582000,348b5514,108b088b,017599eb,5dc21400,cccccccc
1788306667.441649,27512,7.006492321624085e-45,8.407790785948902e-45,1.401298464324817e-45,1.401298464324817e-45,1.0,0.0,0.0,0.0,0.0,0.0,0.0,1.0,0.0,0.0,0.0,0.0,0.0,0.0,0.0,0.0,0.0,0.0,0.0,0.0,1.0,0.0,1.0,0.0,0.0,0.0,0.0,0.0,0.0,0.0,0.0,0.0,1.0,0.0,0.0,0.0,0.0,0.0,0.0,0.0,0.0,0.0,0.0,0.0,0.0,0.0,0.0,0.0,0f1f8400,c1018d48,8bc1eb0c,000f1f80,00000000,8b5df48b,c8c1f905,f085148e,008b450c,008bca81,01a90000,088b04b9,f8000000,098bc1c1,e817a801,0f85e300,0facc214,f0010000,20040000,a810751b,0d83ff06,45f88b73,1f83ff06,00000006,1af6c101,07c745f0,02000000,8b45f889,45f8660f,8b45108b,058bcb8b,0000d3e0,75108078,8b4dfcc6,81582000,348b5514,108b088b,017599eb,5dc21400,cccccccc
1788306667.5434697,27512,7.006492321624085e-45,8.407790785948902e-45,1.401298464324817e-45,1.401298464324817e-45,1.0,0.0,0.0,0.0,0.0,0.0,0.0,1.0,0.0,0.0,0.0,0.0,0.0,0.0,0.0,0.0,0.0,0.0,0.0,0.0,1.0,0.0,1.0,0.0,0.0,0.0,0.0,0.0,0.0,0.0,0.0,0.0,1.0,0.0,0.0,0.0,0.0,0.0,0.0,0.0,0.0,0.0,0.0,0.0,0.0,0.0,0.0,0.0,0f1f8400,c1018d48,8bc1eb0c,000f1f80,00000000,8b5df48b,c8c1f905,f085148e,008b450c,008bca81,01a90000,088b04b9,f8000000,098bc1c1,e817a801,0f85e300,0facc214,f0010000,20040000,a810751b,0d83ff06,45f88b73,1f83ff06,00000006,1af6c101,07c745f0,02000000,8b45f889,45f8660f,8b45108b,058bcb8b,0000d3e0,75108078,8b4dfcc6,81582000,348b5514,108b088b,017599eb,5dc21400,cccccccc
1788306667.6442447,27512,7.006492321624085e-45,8.407790785948902e-45,1.401298464324817e-45,1.401298464324817e-45,1.0,0.0,0.0,0.0,0.0,0.0,0.0,1.0,0.0,0.0,0.0,0.0,0.0,0.0,0.0,0.0,0.0,0.0,0.0,0.0,1.0,0.0,1.0,0.0,0.0,0.0,0.0,0.0,0.0,0.0,0.0,0.0,1.0,0.0,0.0,0.0,0.0,0.0,0.0,0.0,0.0,0.0,0.0,0.0,0.0,0.0,0.0,0.0,0f1f8400,c1018d48,8bc1eb0c,000f1f80,00000000,8b5df48b,c8c1f905,f085148e,008b450c,008bca81,01a90000,088b04b9,f8000000,098bc1c1,e817a801,0f85e300,0facc214,f0010000,20040000,a810751b,0d83ff06,45f88b73,1f83ff06,00000006,1af6c101,07c745f0,02000000,8b45f889,45f8660f,8b45108b,058bcb8b,0000d3e0,75108078,8b4dfcc6,81582000,348b5514,108b088b,017599eb,5dc21400,cccccccc
1788306667.744853,27512,7.006492321624085e-45,8.407790785948902e-45,1.401298464324817e-45,1.401298464324817e-45,1.0,0.0,0.0,0.0,0.0,0.0,0.0,1.0,0.0,0.0,0.0,0.0,0.0,0.0,0.0,0.0,0.0,0.0,0.0,0.0,1.0,0.0,1.0,0.0,0.0,0.0,0.0,0.0,0.0,0.0,0.0,0.0,1.0,0.0,0.0,0.0,0.0,0.0,0.0,0.0,0.0,0.0,0.0,0.0,0.0,0.0,0.0,0.0,0f1f8400,c1018d48,8bc1eb0c,000f1f80,00000000,8b5df48b,c8c1f905,f085148e,008b450c,008bca81,01a90000,088b04b9,f8000000,098bc1c1,e817a801,0f85e300,0facc214,f0010000,20040000,a810751b,0d83ff06,45f88b73,1f83ff06,00000006,1af6c101,07c745f0,02000000,8b45f889,45f8660f,8b45108b,058bcb8b,0000d3e0,75108078,8b4dfcc6,81582000,348b5514,108b088b,017599eb,5dc21400,cccccccc
1788306667.8455234,27512,7.006492321624085e-45,8.407790785948902e-45,1.401298464324817e-45,1.401298464324817e-45,1.0,0.0,0.0,0.0,0.0,0.0,0.0,1.0,0.0,0.0,0.0,0.0,0.0,0.0,0.0,0.0,0.0,0.0,0.0,0.0,1.0,0.0,1.0,0.0,0.0,0.0,0.0,0.0,0.0,0.0,0.0,0.0,1.0,0.0,0.0,0.0,0.0,0.0,0.0,0.0,0.0,0.0,0.0,0.0,0.0,0.0,0.0,0.0,0f1f8400,c1018d48,8bc1eb0c,000f1f80,00000000,8b5df48b,c8c1f905,f085148e,008b450c,008bca81,01a90000,088b04b9,f8000000,098bc1c1,e817a801,0f85e300,0facc214,f0010000,20040000,a810751b,0d83ff06,45f88b73,1f83ff06,00000006,1af6c101,07c745f0,02000000,8b45f889,45f8660f,8b45108b,058bcb8b,0000d3e0,75108078,8b4dfcc6,81582000,348b5514,108b088b,017599eb,5dc21400,cccccccc
1788306667.9470096,27512,7.006492321624085e-45,8.407790785948902e-45,1.401298464324817e-45,1.401298464324817e-45,1.0,0.0,0.0,0.0,0.0,0.0,0.0,1.0,0.0,0.0,0.0,0.0,0.0,0.0,0.0,0.0,0.0,0.0,0.0,0.0,1.0,0.0,1.0,0.0,0.0,0.0,0.0,0.0,0.0,0.0,0.0,0.0,1.0,0.0,0.0,0.0,0.0,0.0,0.0,0.0,0.0,0.0,0.0,0.0,0.0,0.0,0.0,0.0,0f1f8400,c1018d48,8bc1eb0c,000f1f80,00000000,8b5df48b,c8c1f905,f085148e,008b450c,008bca81,01a90000,088b04b9,f8000000,098bc1c1,e817a801,0f85e300,0facc214,f0010000,20040000,a810751b,0d83ff06,45f88b73,1f83ff06,00000006,1af6c101,07c745f0,02000000,8b45f889,45f8660f,8b45108b,058bcb8b,0000d3e0,75108078,8b4dfcc6,81582000,348b5514,108b088b,017599eb,5dc21400,cccccccc
1788306668.047758,27512,7.006492321624085e-45,8.407790785948902e-45,1.401298464324817e-45,1.401298464324817e-45,1.0,0.0,0.0,0.0,0.0,0.0,0.0,1.0,0.0,0.0,0.0,0.0,0.0,0.0,0.0,0.0,0.0,0.0,0.0,0.0,1.0,0.0,1.0,0.0,0.0,0.0,0.0,0.0,0.0,0.0,0.0,0.0,1.0,0.0,0.0,0.0,0.0,0.0,0.0,0.0,0.0,0.0,0.0,0.0,0.0,0.0,0.0,0.0,0f1f8400,c1018d48,8bc1eb0c,000f1f80,00000000,8b5df48b,c8c1f905,f085148e,008b450c,008bca81,01a90000,088b04b9,f8000000,098bc1c1,e817a801,0f85e300,0facc214,f0010000,20040000,a810751b,0d83ff06,45f88b73,1f83ff06,00000006,1af6c101,07c745f0,02000000,8b45f889,45f8660f,8b45108b,058bcb8b,0000d3e0,75108078,8b4dfcc6,81582000,348b5514,108b088b,017599eb,5dc21400,cccccccc
1788306668.1491833,27512,7.006492321624085e-45,8.407790785948902e-45,1.401298464324817e-45,1.401298464324817e-45,1.0,0.0,0.0,0.0,0.0,0.0,0.0,1.0,0.0,0.0,0.0,0.0,0.0,0.0,0.0,0.0,0.0,0.0,0.0,0.0,1.0,0.0,1.0,0.0,0.0,0.0,0.0,0.0,0.0,0.0,0.0,0.0,1.0,0.0,0.0,0.0,0.0,0.0,0.0,0.0,0.0,0.0,0.0,0.0,0.0,0.0,0.0,0.0,0f1f8400,c1018d48,8bc1eb0c,000f1f80,00000000,8b5df48b,c8c1f905,f085148e,008b450c,008bca81,01a90000,088b04b9,f8000000,098bc1c1,e817a801,0f85e300,0facc214,f0010000,20040000,a810751b,0d83ff06,45f88b73,1f83ff06,00000006,1af6c101,07c745f0,02000000,8b45f889,45f8660f,8b45108b,058bcb8b,0000d3e0,75108078,8b4dfcc6,81582000,348b5514,108b088b,017599eb,5dc21400,cccccccc
1788306668.266659,27512,7.006492321624085e-45,8.407790785948902e-45,1.401298464324817e-45,1.401298464324817e-45,1.0,0.0,0.0,0.0,0.0,0.0,0.0,1.0,0.0,0.0,0.0,0.0,0.0,0.0,0.0,0.0,0.0,0.0,0.0,0.0,1.0,0.0,1.0,0.0,0.0,0.0,0.0,0.0,0.0,0.0,0.0,0.0,1.0,0.0,0.0,0.0,0.0,0.0,0.0,0.0,0.0,0.0,0.0,0.0,0.0,0.0,0.0,0.0,0f1f8400,c1018d48,8bc1eb0c,000f1f80,00000000,8b5df48b,c8c1f905,f085148e,008b450c,008bca81,01a90000,088b04b9,f8000000,098bc1c1,e817a801,0f85e300,0facc214,f0010000,20040000,a810751b,0d83ff06,45f88b73,1f83ff06,00000006,1af6c101,07c745f0,02000000,8b45f889,45f8660f,8b45108b,058bcb8b,0000d3e0,75108078,8b4dfcc6,81582000,348b5514,108b088b,017599eb,5dc21400,cccccccc
1788306668.3676283,27512,7.006492321624085e-45,8.407790785948902e-45,1.401298464324817e-45,1.401298464324817e-45,1.0,0.0,0.0,0.0,0.0,0.0,0.0,1.0,0.0,0.0,0.0,0.0,0.0,0.0,0.0,0.0,0.0,0.0,0.0,0.0,1.0,0.0,1.0,0.0,0.0,0.0,0.0,0.0,0.0,0.0,0.0,0.0,1.0,0.0,0.0,0.0,0.0,0.0,0.0,0.0,0.0,0.0,0.0,0.0,0.0,0.0,0.0,0.0,0f1f8400,c1018d48,8bc1eb0c,000f1f80,00000000,8b5df48b,c8c1f905,f085148e,008b450c,008bca81,01a90000,088b04b9,f8000000,098bc1c1,e817a801,0f85e300,0facc214,f0010000,20040000,a810751b,0d83ff06,45f88b73,1f83ff06,00000006,1af6c101,07c745f0,02000000,8b45f889,45f8660f,8b45108b,058bcb8b,0000d3e0,75108078,8b4dfcc6,81582000,348b5514,108b088b,017599eb,5dc21400,cccccccc
1788306668.468096,27512,7.006492321624085e-45,8.407790785948902e-45,1.401298464324817e-45,1.401298464324817e-45,1.0,0.0,0.0,0.0,0.0,0.0,0.0,1.0,0.0,0.0,0.0,0.0,0.0,0.0,0.0,0.0,0.0,0.0,0.0,0.0,1.0,0.0,1.0,0.0,0.0,0.0,0.0,0.0,0.0,0.0,0.0,0.0,1.0,0.0,0.0,0.0,0.0,0.0,0.0,0.0,0.0,0.0,0.0,0.0,0.0,0.0,0.0,0.0,0f1f8400,c1018d48,8bc1eb0c,000f1f80,00000000,8b5df48b,c8c1f905,f085148e,008b450c,008bca81,01a90000,088b04b9,f8000000,098bc1c1,e817a801,0f85e300,0facc214,f0010000,20040000,a810751b,0d83ff06,45f88b73,1f83ff06,00000006,1af6c101,07c745f0,02000000,8b45f889,45f8660f,8b45108b,058bcb8b,0000d3e0,75108078,8b4dfcc6,81582000,348b5514,108b088b,017599eb,5dc21400,cccccccc
1788306668.5688653,27512,7.006492321624085e-45,8.407790785948902e-45,1.401298464324817e-45,1.401298464324817e-45,1.0,0.0,0.0,0.0,0.0,0.0,0.0,1.0,0.0,0.0,0.0,0.0,0.0,0.0,0.0,0.0,0.0,0.0,0.0,0.0,1.0,0.0,1.0,0.0,0.0,0.0,0.0,0.0,0.0,0.0,0.0,0.0,1.0,0.0,0.0,0.0,0.0,0.0,0.0,0.0,0.0,0.0,0.0,0.0,0.0,0.0,0.0,0.0,0f1f8400,c1018d48,8bc1eb0c,000f1f80,00000000,8b5df48b,c8c1f905,f085148e,008b450c,008bca81,01a90000,088b04b9,f8000000,098bc1c1,e817a801,0f85e300,0facc214,f0010000,20040000,a810751b,0d83ff06,45f88b73,1f83ff06,00000006,1af6c101,07c745f0,02000000,8b45f889,45f8660f,8b45108b,058bcb8b,0000d3e0,75108078,8b4dfcc6,81582000,348b5514,108b088b,017599eb,5dc21400,cccccccc
1788306668.669641,27512,7.006492321624085e-45,8.407790785948902e-45,1.401298464324817e-45,1.401298464324817e-45,1.0,0.0,0.0,0.0,0.0,0.0,0.0,1.0,0.0,0.0,0.0,0.0,0.0,0.0,0.0,0.0,0.0,0.0,0.0,0.0,1.0,0.0,1.0,0.0,0.0,0.0,0.0,0.0,0.0,0.0,0.0,0.0,1.0,0.0,0.0,0.0,0.0,0.0,0.0,0.0,0.0,0.0,0.0,0.0,0.0,0.0,0.0,0.0,0f1f8400,c1018d48,8bc1eb0c,000f1f80,00000000,8b5df48b,c8c1f905,f085148e,008b450c,008bca81,01a90000,088b04b9,f8000000,098bc1c1,e817a801,0f85e300,0facc214,f0010000,20040000,a810751b,0d83ff06,45f88b73,1f83ff06,00000006,1af6c101,07c745f0,02000000,8b45f889,45f8660f,8b45108b,058bcb8b,0000d3e0,75108078,8b4dfcc6,81582000,348b5514,108b088b,017599eb,5dc21400,cccccccc
1788306668.789158,27512,7.006492321624085e-45,8.407790785948902e-45,1.401298464324817e-45,1.401298464324817e-45,1.0,0.0,0.0,0.0,0.0,0.0,0.0,1.0,0.0,0.0,0.0,0.0,0.0,0.0,0.0,0.0,0.0,0.0,0.0,0.0,1.0,0.0,1.0,0.0,0.0,0.0,0.0,0.0,0.0,0.0,0.0,0.0,1.0,0.0,0.0,0.0,0.0,0.0,0.0,0.0,0.0,0.0,0.0,0.0,0.0,0.0,0.0,0.0,0f1f8400,c1018d48,8bc1eb0c,000f1f80,00000000,8b5df48b,c8c1f905,f085148e,008b450c,008bca81,01a90000,088b04b9,f8000000,098bc1c1,e817a801,0f85e300,0facc214,f0010000,20040000,a810751b,0d83ff06,45f88b73,1f83ff06,00000006,1af6c101,07c745f0,02000000,8b45f889,45f8660f,8b45108b,058bcb8b,0000d3e0,75108078,8b4dfcc6,81582000,348b5514,108b088b,017599eb,5dc21400,cccccccc
1788306668.890243,27512,7.006492321624085e-45,8.407790785948902e-45,1.401298464324817e-45,1.401298464324817e-45,1.0,0.0,0.0,0.0,0.0,0.0,0.0,1.0,0.0,0.0,0.0,0.0,0.0,0.0,0.0,0.0,0.0,0.0,0.0,0.0,1.0,0.0,1.0,0.0,0.0,0.0,0.0,0.0,0.0,0.0,0.0,0.0,1.0,0.0,0.0,0.0,0.0,0.0,0.0,0.0,0.0,0.0,0.0,0.0,0.0,0.0,0.0,0.0,0f1f8400,c1018d48,8bc1eb0c,000f1f80,00000000,8b5df48b,c8c1f905,f085148e,008b450c,008bca81,01a90000,088b04b9,f8000000,098bc1c1,e817a801,0f85e300,0facc214,f0010000,20040000,a810751b,0d83ff06,45f88b73,1f83ff06,00000006,1af6c101,07c745f0,02000000,8b45f889,45f8660f,8b45108b,058bcb8b,0000d3e0,75108078,8b4dfcc6,81582000,348b5514,108b088b,017599eb,5dc21400,cccccccc
1788306668.9910684,27512,7.006492321624085e-45,8.407790785948902e-45,1.401298464324817e-45,1.401298464324817e-45,1.0,0.0,0.0,0.0,0.0,0.0,0.0,1.0,0.0,0.0,0.0,0.0,0.0,0.0,0.0,0.0,0.0,0.0,0.0,0.0,1.0,0.0,1.0,0.0,0.0,0.0,0.0,0.0,0.0,0.0,0.0,0.0,1.0,0.0,0.0,0.0,0.0,0.0,0.0,0.0,0.0,0.0,0.0,0.0,0.0,0.0,0.0,0.0,0f1f8400,c1018d48,8bc1eb0c,000f1f80,00000000,8b5df48b,c8c1f905,f085148e,008b450c,008bca81,01a90000,088b04b9,f8000000,098bc1c1,e817a801,0f85e300,0facc214,f0010000,20040000,a810751b,0d83ff06,45f88b73,1f83ff06,00000006,1af6c101,07c745f0,02000000,8b45f889,45f8660f,8b45108b,058bcb8b,0000d3e0,75108078,8b4dfcc6,81582000,348b5514,108b088b,017599eb,5dc21400,cccccccc
1788306669.1041334,27512,7.006492321624085e-45,8.407790785948902e-45,1.401298464324817e-45,1.401298464324817e-45,1.0,0.0,0.0,0.0,0.0,0.0,0.0,1.0,0.0,0.0,0.0,0.0,0.0,0.0,0.0,0.0,0.0,0.0,0.0,0.0,1.0,0.0,1.0,0.0,0.0,0.0,0.0,0.0,0.0,0.0,0.0,0.0,1.0,0.0,0.0,0.0,0.0,0.0,0.0,0.0,0.0,0.0,0.0,0.0,0.0,0.0,0.0,0.0,0f1f8400,c1018d48,8bc1eb0c,000f1f80,00000000,8b5df48b,c8c1f905,f085148e,008b450c,008bca81,01a90000,088b04b9,f8000000,098bc1c1,e817a801,0f85e300,0facc214,f0010000,20040000,a810751b,0d83ff06,45f88b73,1f83ff06,00000006,1af6c101,07c745f0,02000000,8b45f889,45f8660f,8b45108b,058bcb8b,0000d3e0,75108078,8b4dfcc6,81582000,348b5514,108b088b,017599eb,5dc21400,cccccccc
1788306669.2056243,27512,7.006492321624085e-45,8.407790785948902e-45,1.401298464324817e-45,1.401298464324817e-45,1.0,0.0,0.0,0.0,0.0,0.0,0.0,1.0,0.0,0.0,0.0,0.0,0.0,0.0,0.0,0.0,0.0,0.0,0.0,0.0,1.0,0.0,1.0,0.0,0.0,0.0,0.0,0.0,0.0,0.0,0.0,0.0,1.0,0.0,0.0,0.0,0.0,0.0,0.0,0.0,0.0,0.0,0.0,0.0,0.0,0.0,0.0,0.0,0f1f8400,c1018d48,8bc1eb0c,000f1f80,00000000,8b5df48b,c8c1f905,f085148e,008b450c,008bca81,01a90000,088b04b9,f8000000,098bc1c1,e817a801,0f85e300,0facc214,f0010000,20040000,a810751b,0d83ff06,45f88b73,1f83ff06,00000006,1af6c101,07c745f0,02000000,8b45f889,45f8660f,8b45108b,058bcb8b,0000d3e0,75108078,8b4dfcc6,81582000,348b5514,108b088b,017599eb,5dc21400,cccccccc
1788306669.306416,27512,7.006492321624085e-45,8.407790785948902e-45,1.401298464324817e-45,1.401298464324817e-45,1.0,0.0,0.0,0.0,0.0,0.0,0.0,1.0,0.0,0.0,0.0,0.0,0.0,0.0,0.0,0.0,0.0,0.0,0.0,0.0,1.0,0.0,1.0,0.0,0.0,0.0,0.0,0.0,0.0,0.0,0.0,0.0,1.0,0.0,0.0,0.0,0.0,0.0,0.0,0.0,0.0,0.0,0.0,0.0,0.0,0.0,0.0,0.0,0f1f8400,c1018d48,8bc1eb0c,000f1f80,00000000,8b5df48b,c8c1f905,f085148e,008b450c,008bca81,01a90000,088b04b9,f8000000,098bc1c1,e817a801,0f85e300,0facc214,f0010000,20040000,a810751b,0d83ff06,45f88b73,1f83ff06,00000006,1af6c101,07c745f0,02000000,8b45f889,45f8660f,8b45108b,058bcb8b,0000d3e0,75108078,8b4dfcc6,81582000,348b5514,108b088b,017599eb,5dc21400,cccccccc
1788306669.4071746,27512,7.006492321624085e-45,8.407790785948902e-45,1.401298464324817e-45,1.401298464324817e-45,1.0,0.0,0.0,0.0,0.0,0.0,0.0,1.0,0.0,0.0,0.0,0.0,0.0,0.0,0.0,0.0,0.0,0.0,0.0,0.0,1.0,0.0,1.0,0.0,0.0,0.0,0.0,0.0,0.0,0.0,0.0,0.0,1.0,0.0,0.0,0.0,0.0,0.0,0.0,0.0,0.0,0.0,0.0,0.0,0.0,0.0,0.0,0.0,0f1f8400,c1018d48,8bc1eb0c,000f1f80,00000000,8b5df48b,c8c1f905,f085148e,008b450c,008bca81,01a90000,088b04b9,f8000000,098bc1c1,e817a801,0f85e300,0facc214,f0010000,20040000,a810751b,0d83ff06,45f88b73,1f83ff06,00000006,1af6c101,07c745f0,02000000,8b45f889,45f8660f,8b45108b,058bcb8b,0000d3e0,75108078,8b4dfcc6,81582000,348b5514,108b088b,017599eb,5dc21400,cccccccc
1788306669.507597,27512,7.006492321624085e-45,8.407790785948902e-45,1.401298464324817e-45,1.401298464324817e-45,1.0,0.0,0.0,0.0,0.0,0.0,0.0,1.0,0.0,0.0,0.0,0.0,0.0,0.0,0.0,0.0,0.0,0.0,0.0,0.0,1.0,0.0,1.0,0.0,0.0,0.0,0.0,0.0,0.0,0.0,0.0,0.0,1.0,0.0,0.0,0.0,0.0,0.0,0.0,0.0,0.0,0.0,0.0,0.0,0.0,0.0,0.0,0.0,0f1f8400,c1018d48,8bc1eb0c,000f1f80,00000000,8b5df48b,c8c1f905,f085148e,008b450c,008bca81,01a90000,088b04b9,f8000000,098bc1c1,e817a801,0f85e300,0facc214,f0010000,20040000,a810751b,0d83ff06,45f88b73,1f83ff06,00000006,1af6c101,07c745f0,02000000,8b45f889,45f8660f,8b45108b,058bcb8b,0000d3e0,75108078,8b4dfcc6,81582000,348b5514,108b088b,017599eb,5dc21400,cccccccc
1788306669.6088922,27512,7.006492321624085e-45,8.407790785948902e-45,1.401298464324817e-45,1.401298464324817e-45,1.0,0.0,0.0,0.0,0.0,0.0,0.0,1.0,0.0,0.0,0.0,0.0,0.0,0.0,0.0,0.0,0.0,0.0,0.0,0.0,1.0,0.0,1.0,0.0,0.0,0.0,0.0,0.0,0.0,0.0,0.0,0.0,1.0,0.0,0.0,0.0,0.0,0.0,0.0,0.0,0.0,0.0,0.0,0.0,0.0,0.0,0.0,0.0,0f1f8400,c1018d48,8bc1eb0c,000f1f80,00000000,8b5df48b,c8c1f905,f085148e,008b450c,008bca81,01a90000,088b04b9,f8000000,098bc1c1,e817a801,0f85e300,0facc214,f0010000,20040000,a810751b,0d83ff06,45f88b73,1f83ff06,00000006,1af6c101,07c745f0,02000000,8b45f889,45f8660f,8b45108b,058bcb8b,0000d3e0,75108078,8b4dfcc6,81582000,348b5514,108b088b,017599eb,5dc21400,cccccccc
1788306669.7094607,27512,7.006492321624085e-45,8.407790785948902e-45,1.401298464324817e-45,1.401298464324817e-45,1.0,0.0,0.0,0.0,0.0,0.0,0.0,1.0,0.0,0.0,0.0,0.0,0.0,0.0,0.0,0.0,0.0,0.0,0.0,0.0,1.0,0.0,1.0,0.0,0.0,0.0,0.0,0.0,0.0,0.0,0.0,0.0,1.0,0.0,0.0,0.0,0.0,0.0,0.0,0.0,0.0,0.0,0.0,0.0,0.0,0.0,0.0,0.0,0f1f8400,c1018d48,8bc1eb0c,000f1f80,00000000,8b5df48b,c8c1f905,f085148e,008b450c,008bca81,01a90000,088b04b9,f8000000,098bc1c1,e817a801,0f85e300,0facc214,f0010000,20040000,a810751b,0d83ff06,45f88b73,1f83ff06,00000006,1af6c101,07c745f0,02000000,8b45f889,45f8660f,8b45108b,058bcb8b,0000d3e0,75108078,8b4dfcc6,81582000,348b5514,108b088b,017599eb,5dc21400,cccccccc
1788306669.8329577,27512,7.006492321624085e-45,8.407790785948902e-45,1.401298464324817e-45,1.401298464324817e-45,1.0,0.0,0.0,0.0,0.0,0.0,0.0,1.0,0.0,0.0,0.0,0.0,0.0,0.0,0.0,0.0,0.0,0.0,0.0,0.0,1.0,0.0,1.0,0.0,0.0,0.0,0.0,0.0,0.0,0.0,0.0,0.0,1.0,0.0,0.0,0.0,0.0,0.0,0.0,0.0,0.0,0.0,0.0,0.0,0.0,0.0,0.0,0.0,0f1f8400,c1018d48,8bc1eb0c,000f1f80,00000000,8b5df48b,c8c1f905,f085148e,008b450c,008bca81,01a90000,088b04b9,f8000000,098bc1c1,e817a801,0f85e300,0facc214,f0010000,20040000,a810751b,0d83ff06,45f88b73,1f83ff06,00000006,1af6c101,07c745f0,02000000,8b45f889,45f8660f,8b45108b,058bcb8b,0000d3e0,75108078,8b4dfcc6,81582000,348b5514,108b088b,017599eb,5dc21400,cccccccc
1788306669.9441729,27512,7.006492321624085e-45,8.407790785948902e-45,1.401298464324817e-45,1.401298464324817e-45,1.0,0.0,0.0,0.0,0.0,0.0,0.0,1.0,0.0,0.0,0.0,0.0,0.0,0.0,0.0,0.0,0.0,0.0,0.0,0.0,1.0,0.0,1.0,0.0,0.0,0.0,0.0,0.0,0.0,0.0,0.0,0.0,1.0,0.0,0.0,0.0,0.0,0.0,0.0,0.0,0.0,0.0,0.0,0.0,0.0,0.0,0.0,0.0,0f1f8400,c1018d48,8bc1eb0c,000f1f80,00000000,8b5df48b,c8c1f905,f085148e,008b450c,008bca81,01a90000,088b04b9,f8000000,098bc1c1,e817a801,0f85e300,0facc214,f0010000,20040000,a810751b,0d83ff06,45f88b73,1f83ff06,00000006,1af6c101,07c745f0,02000000,8b45f889,45f8660f,8b45108b,058bcb8b,0000d3e0,75108078,8b4dfcc6,81582000,348b5514,108b088b,017599eb,5dc21400,cccccccc
1788306670.0448477,27512,7.006492321624085e-45,8.407790785948902e-45,1.401298464324817e-45,1.401298464324817e-45,1.0,0.0,0.0,0.0,0.0,0.0,0.0,1.0,0.0,0.0,0.0,0.0,0.0,0.0,0.0,0.0,0.0,0.0,0.0,0.0,1.0,0.0,1.0,0.0,0.0,0.0,0.0,0.0,0.0,0.0,0.0,0.0,1.0,0.0,0.0,0.0,0.0,0.0,0.0,0.0,0.0,0.0,0.0,0.0,0.0,0.0,0.0,0.0,0f1f8400,c1018d48,8bc1eb0c,000f1f80,00000000,8b5df48b,c8c1f905,f085148e,008b450c,008bca81,01a90000,088b04b9,f8000000,098bc1c1,e817a801,0f85e300,0facc214,f0010000,20040000,a810751b,0d83ff06,45f88b73,1f83ff06,00000006,1af6c101,07c745f0,02000000,8b45f889,45f8660f,8b45108b,058bcb8b,0000d3e0,75108078,8b4dfcc6,81582000,348b5514,108b088b,017599eb,5dc21400,cccccccc
1788306670.1454382,27512,7.006492321624085e-45,8.407790785948902e-45,1.401298464324817e-45,1.401298464324817e-45,1.0,0.0,0.0,0.0,0.0,0.0,0.0,1.0,0.0,0.0,0.0,0.0,0.0,0.0,0.0,0.0,0.0,0.0,0.0,0.0,1.0,0.0,1.0,0.0,0.0,0.0,0.0,0.0,0.0,0.0,0.0,0.0,1.0,0.0,0.0,0.0,0.0,0.0,0.0,0.0,0.0,0.0,0.0,0.0,0.0,0.0,0.0,0.0,0f1f8400,c1018d48,8bc1eb0c,000f1f80,00000000,8b5df48b,c8c1f905,f085148e,008b450c,008bca81,01a90000,088b04b9,f8000000,098bc1c1,e817a801,0f85e300,0facc214,f0010000,20040000,a810751b,0d83ff06,45f88b73,1f83ff06,00000006,1af6c101,07c745f0,02000000,8b45f889,45f8660f,8b45108b,058bcb8b,0000d3e0,75108078,8b4dfcc6,81582000,348b5514,108b088b,017599eb,5dc21400,cccccccc
1788306670.2461085,27512,7.006492321624085e-45,8.407790785948902e-45,1.401298464324817e-45,1.401298464324817e-45,1.0,0.0,0.0,0.0,0.0,0.0,0.0,1.0,0.0,0.0,0.0,0.0,0.0,0.0,0.0,0.0,0.0,0.0,0.0,0.0,1.0,0.0,1.0,0.0,0.0,0.0,0.0,0.0,0.0,0.0,0.0,0.0,1.0,0.0,0.0,0.0,0.0,0.0,0.0,0.0,0.0,0.0,0.0,0.0,0.0,0.0,0.0,0.0,0f1f8400,c1018d48,8bc1eb0c,000f1f80,00000000,8b5df48b,c8c1f905,f085148e,008b450c,008bca81,01a90000,088b04b9,f8000000,098bc1c1,e817a801,0f85e300,0facc214,f0010000,20040000,a810751b,0d83ff06,45f88b73,1f83ff06,00000006,1af6c101,07c745f0,02000000,8b45f889,45f8660f,8b45108b,058bcb8b,0000d3e0,75108078,8b4dfcc6,81582000,348b5514,108b088b,017599eb,5dc21400,cccccccc
1788306670.3467374,27512,7.006492321624085e-45,8.407790785948902e-45,1.401298464324817e-45,1.401298464324817e-45,1.0,0.0,0.0,0.0,0.0,0.0,0.0,1.0,0.0,0.0,0.0,0.0,0.0,0.0,0.0,0.0,0.0,0.0,0.0,0.0,1.0,0.0,1.0,0.0,0.0,0.0,0.0,0.0,0.0,0.0,0.0,0.0,1.0,0.0,0.0,0.0,0.0,0.0,0.0,0.0,0.0,0.0,0.0,0.0,0.0,0.0,0.0,0.0,0f1f8400,c1018d48,8bc1eb0c,000f1f80,00000000,8b5df48b,c8c1f905,f085148e,008b450c,008bca81,01a90000,088b04b9,f8000000,098bc1c1,e817a801,0f85e300,0facc214,f0010000,20040000,a810751b,0d83ff06,45f88b73,1f83ff06,00000006,1af6c101,07c745f0,02000000,8b45f889,45f8660f,8b45108b,058bcb8b,0000d3e0,75108078,8b4dfcc6,81582000,348b5514,108b088b,017599eb,5dc21400,cccccccc
1788306670.4481325,27512,7.006492321624085e-45,8.407790785948902e-45,1.401298464324817e-45,1.401298464324817e-45,1.0,0.0,0.0,0.0,0.0,0.0,0.0,1.0,0.0,0.0,0.0,0.0,0.0,0.0,0.0,0.0,0.0,0.0,0.0,0.0,1.0,0.0,1.0,0.0,0.0,0.0,0.0,0.0,0.0,0.0,0.0,0.0,1.0,0.0,0.0,0.0,0.0,0.0,0.0,0.0,0.0,0.0,0.0,0.0,0.0,0.0,0.0,0.0,0f1f8400,c1018d48,8bc1eb0c,000f1f80,00000000,8b5df48b,c8c1f905,f085148e,008b450c,008bca81,01a90000,088b04b9,f8000000,098bc1c1,e817a801,0f85e300,0facc214,f0010000,20040000,a810751b,0d83ff06,45f88b73,1f83ff06,00000006,1af6c101,07c745f0,02000000,8b45f889,45f8660f,8b45108b,058bcb8b,0000d3e0,75108078,8b4dfcc6,81582000,348b5514,108b088b,017599eb,5dc21400,cccccccc
1788306670.5487547,27512,7.006492321624085e-45,8.407790785948902e-45,1.401298464324817e-45,1.401298464324817e-45,1.0,0.0,0.0,0.0,0.0,0.0,0.0,1.0,0.0,0.0,0.0,0.0,0.0,0.0,0.0,0.0,0.0,0.0,0.0,0.0,1.0,0.0,1.0,0.0,0.0,0.0,0.0,0.0,0.0,0.0,0.0,0.0,1.0,0.0,0.0,0.0,0.0,0.0,0.0,0.0,0.0,0.0,0.0,0.0,0.0,0.0,0.0,0.0,0f1f8400,c1018d48,8bc1eb0c,000f1f80,00000000,8b5df48b,c8c1f905,f085148e,008b450c,008bca81,01a90000,088b04b9,f8000000,098bc1c1,e817a801,0f85e300,0facc214,f0010000,20040000,a810751b,0d83ff06,45f88b73,1f83ff06,00000006,1af6c101,07c745f0,02000000,8b45f889,45f8660f,8b45108b,058bcb8b,0000d3e0,75108078,8b4dfcc6,81582000,348b5514,108b088b,017599eb,5dc21400,cccccccc
1788306670.649127,27512,7.006492321624085e-45,8.407790785948902e-45,1.401298464324817e-45,1.401298464324817e-45,1.0,0.0,0.0,0.0,0.0,0.0,0.0,1.0,0.0,0.0,0.0,0.0,0.0,0.0,0.0,0.0,0.0,0.0,0.0,0.0,1.0,0.0,1.0,0.0,0.0,0.0,0.0,0.0,0.0,0.0,0.0,0.0,1.0,0.0,0.0,0.0,0.0,0.0,0.0,0.0,0.0,0.0,0.0,0.0,0.0,0.0,0.0,0.0,0f1f8400,c1018d48,8bc1eb0c,000f1f80,00000000,8b5df48b,c8c1f905,f085148e,008b450c,008bca81,01a90000,088b04b9,f8000000,098bc1c1,e817a801,0f85e300,0facc214,f0010000,20040000,a810751b,0d83ff06,45f88b73,1f83ff06,00000006,1af6c101,07c745f0,02000000,8b45f889,45f8660f,8b45108b,058bcb8b,0000d3e0,75108078,8b4dfcc6,81582000,348b5514,108b088b,017599eb,5dc21400,cccccccc
1788306670.7496476,27512,7.006492321624085e-45,8.407790785948902e-45,1.401298464324817e-45,1.401298464324817e-45,1.0,0.0,0.0,0.0,0.0,0.0,0.0,1.0,0.0,0.0,0.0,0.0,0.0,0.0,0.0,0.0,0.0,0.0,0.0,0.0,1.0,0.0,1.0,0.0,0.0,0.0,0.0,0.0,0.0,0.0,0.0,0.0,1.0,0.0,0.0,0.0,0.0,0.0,0.0,0.0,0.0,0.0,0.0,0.0,0.0,0.0,0.0,0.0,0f1f8400,c1018d48,8bc1eb0c,000f1f80,00000000,8b5df48b,c8c1f905,f085148e,008b450c,008bca81,01a90000,088b04b9,f8000000,098bc1c1,e817a801,0f85e300,0facc214,f0010000,20040000,a810751b,0d83ff06,45f88b73,1f83ff06,00000006,1af6c101,07c745f0,02000000,8b45f889,45f8660f,8b45108b,058bcb8b,0000d3e0,75108078,8b4dfcc6,81582000,348b5514,108b088b,017599eb,5dc21400,cccccccc
1788306670.8504574,27512,7.006492321624085e-45,8.407790785948902e-45,1.401298464324817e-45,1.401298464324817e-45,1.0,0.0,0.0,0.0,0.0,0.0,0.0,1.0,0.0,0.0,0.0,0.0,0.0,0.0,0.0,0.0,0.0,0.0,0.0,0.0,1.0,0.0,1.0,0.0,0.0,0.0,0.0,0.0,0.0,0.0,0.0,0.0,1.0,0.0,0.0,0.0,0.0,0.0,0.0,0.0,0.0,0.0,0.0,0.0,0.0,0.0,0.0,0.0,0f1f8400,c1018d48,8bc1eb0c,000f1f80,00000000,8b5df48b,c8c1f905,f085148e,008b450c,008bca81,01a90000,088b04b9,f8000000,098bc1c1,e817a801,0f85e300,0facc214,f0010000,20040000,a810751b,0d83ff06,45f88b73,1f83ff06,00000006,1af6c101,07c745f0,02000000,8b45f889,45f8660f,8b45108b,058bcb8b,0000d3e0,75108078,8b4dfcc6,81582000,348b5514,108b088b,017599eb,5dc21400,cccccccc
1788306670.950779,27512,7.006492321624085e-45,8.407790785948902e-45,1.401298464324817e-45,1.401298464324817e-45,1.0,0.0,0.0,0.0,0.0,0.0,0.0,1.0,0.0,0.0,0.0,0.0,0.0,0.0,0.0,0.0,0.0,0.0,0.0,0.0,1.0,0.0,1.0,0.0,0.0,0.0,0.0,0.0,0.0,0.0,0.0,0.0,1.0,0.0,0.0,0.0,0.0,0.0,0.0,0.0,0.0,0.0,0.0,0.0,0.0,0.0,0.0,0.0,0f1f8400,c1018d48,8bc1eb0c,000f1f80,00000000,8b5df48b,c8c1f905,f085148e,008b450c,008bca81,01a90000,088b04b9,f8000000,098bc1c1,e817a801,0f85e300,0facc214,f0010000,20040000,a810751b,0d83ff06,45f88b73,1f83ff06,00000006,1af6c101,07c745f0,02000000,8b45f889,45f8660f,8b45108b,058bcb8b,0000d3e0,75108078,8b4dfcc6,81582000,348b5514,108b088b,017599eb,5dc21400,cccccccc
1788306671.0544586,27512,7.006492321624085e-45,8.407790785948902e-45,1.401298464324817e-45,1.401298464324817e-45,1.0,0.0,0.0,0.0,0.0,0.0,0.0,1.0,0.0,0.0,0.0,0.0,0.0,0.0,0.0,0.0,0.0,0.0,0.0,0.0,1.0,0.0,1.0,0.0,0.0,0.0,0.0,0.0,0.0,0.0,0.0,0.0,1.0,0.0,0.0,0.0,0.0,0.0,0.0,0.0,0.0,0.0,0.0,0.0,0.0,0.0,0.0,0.0,0f1f8400,c1018d48,8bc1eb0c,000f1f80,00000000,8b5df48b,c8c1f905,f085148e,008b450c,008bca81,01a90000,088b04b9,f8000000,098bc1c1,e817a801,0f85e300,0facc214,f0010000,20040000,a810751b,0d83ff06,45f88b73,1f83ff06,00000006,1af6c101,07c745f0,02000000,8b45f889,45f8660f,8b45108b,058bcb8b,0000d3e0,75108078,8b4dfcc6,81582000,348b5514,108b088b,017599eb,5dc21400,cccccccc
1788306671.156175,27512,7.006492321624085e-45,8.407790785948902e-45,1.401298464324817e-45,1.401298464324817e-45,1.0,0.0,0.0,0.0,0.0,0.0,0.0,1.0,0.0,0.0,0.0,0.0,0.0,0.0,0.0,0.0,0.0,0.0,0.0,0.0,1.0,0.0,1.0,0.0,0.0,0.0,0.0,0.0,0.0,0.0,0.0,0.0,1.0,0.0,0.0,0.0,0.0,0.0,0.0,0.0,0.0,0.0,0.0,0.0,0.0,0.0,0.0,0.0,0f1f8400,c1018d48,8bc1eb0c,000f1f80,00000000,8b5df48b,c8c1f905,f085148e,008b450c,008bca81,01a90000,088b04b9,f8000000,098bc1c1,e817a801,0f85e300,0facc214,f0010000,20040000,a810751b,0d83ff06,45f88b73,1f83ff06,00000006,1af6c101,07c745f0,02000000,8b45f889,45f8660f,8b45108b,058bcb8b,0000d3e0,75108078,8b4dfcc6,81582000,348b5514,108b088b,017599eb,5dc21400,cccccccc
1788306671.2567303,27512,7.006492321624085e-45,8.407790785948902e-45,1.401298464324817e-45,1.401298464324817e-45,1.0,0.0,0.0,0.0,0.0,0.0,0.0,1.0,0.0,0.0,0.0,0.0,0.0,0.0,0.0,0.0,0.0,0.0,0.0,0.0,1.0,0.0,1.0,0.0,0.0,0.0,0.0,0.0,0.0,0.0,0.0,0.0,1.0,0.0,0.0,0.0,0.0,0.0,0.0,0.0,0.0,0.0,0.0,0.0,0.0,0.0,0.0,0.0,0f1f8400,c1018d48,8bc1eb0c,000f1f80,00000000,8b5df48b,c8c1f905,f085148e,008b450c,008bca81,01a90000,088b04b9,f8000000,098bc1c1,e817a801,0f85e300,0facc214,f0010000,20040000,a810751b,0d83ff06,45f88b73,1f83ff06,00000006,1af6c101,07c745f0,02000000,8b45f889,45f8660f,8b45108b,058bcb8b,0000d3e0,75108078,8b4dfcc6,81582000,348b5514,108b088b,017599eb,5dc21400,cccccccc
1788306671.3574731,27512,7.006492321624085e-45,8.407790785948902e-45,1.401298464324817e-45,1.401298464324817e-45,1.0,0.0,0.0,0.0,0.0,0.0,0.0,1.0,0.0,0.0,0.0,0.0,0.0,0.0,0.0,0.0,0.0,0.0,0.0,0.0,1.0,0.0,1.0,0.0,0.0,0.0,0.0,0.0,0.0,0.0,0.0,0.0,1.0,0.0,0.0,0.0,0.0,0.0,0.0,0.0,0.0,0.0,0.0,0.0,0.0,0.0,0.0,0.0,0f1f8400,c1018d48,8bc1eb0c,000f1f80,00000000,8b5df48b,c8c1f905,f085148e,008b450c,008bca81,01a90000,088b04b9,f8000000,098bc1c1,e817a801,0f85e300,0facc214,f0010000,20040000,a810751b,0d83ff06,45f88b73,1f83ff06,00000006,1af6c101,07c745f0,02000000,8b45f889,45f8660f,8b45108b,058bcb8b,0000d3e0,75108078,8b4dfcc6,81582000,348b5514,108b088b,017599eb,5dc21400,cccccccc
1788306671.4582162,27512,7.006492321624085e-45,8.407790785948902e-45,1.401298464324817e-45,1.401298464324817e-45,1.0,0.0,0.0,0.0,0.0,0.0,0.0,1.0,0.0,0.0,0.0,0.0,0.0,0.0,0.0,0.0,0.0,0.0,0.0,0.0,1.0,0.0,1.0,0.0,0.0,0.0,0.0,0.0,0.0,0.0,0.0,0.0,1.0,0.0,0.0,0.0,0.0,0.0,0.0,0.0,0.0,0.0,0.0,0.0,0.0,0.0,0.0,0.0,0f1f8400,c1018d48,8bc1eb0c,000f1f80,00000000,8b5df48b,c8c1f905,f085148e,008b450c,008bca81,01a90000,088b04b9,f8000000,098bc1c1,e817a801,0f85e300,0facc214,f0010000,20040000,a810751b,0d83ff06,45f88b73,1f83ff06,00000006,1af6c101,07c745f0,02000000,8b45f889,45f8660f,8b45108b,058bcb8b,0000d3e0,75108078,8b4dfcc6,81582000,348b5514,108b088b,017599eb,5dc21400,cccccccc
1788306671.5899143,27512,7.006492321624085e-45,8.407790785948902e-45,1.401298464324817e-45,1.401298464324817e-45,1.0,0.0,0.0,0.0,0.0,0.0,0.0,1.0,0.0,0.0,0.0,0.0,0.0,0.0,0.0,0.0,0.0,0.0,0.0,0.0,1.0,0.0,1.0,0.0,0.0,0.0,0.0,0.0,0.0,0.0,0.0,0.0,1.0,0.0,0.0,0.0,0.0,0.0,0.0,0.0,0.0,0.0,0.0,0.0,0.0,0.0,0.0,0.0,0f1f8400,c1018d48,8bc1eb0c,000f1f80,00000000,8b5df48b,c8c1f905,f085148e,008b450c,008bca81,01a90000,088b04b9,f8000000,098bc1c1,e817a801,0f85e300,0facc214,f0010000,20040000,a810751b,0d83ff06,45f88b73,1f83ff06,00000006,1af6c101,07c745f0,02000000,8b45f889,45f8660f,8b45108b,058bcb8b,0000d3e0,75108078,8b4dfcc6,81582000,348b5514,108b088b,017599eb,5dc21400,cccccccc
1788306671.6908472,27512,7.006492321624085e-45,8.407790785948902e-45,1.401298464324817e-45,1.401298464324817e-45,1.0,0.0,0.0,0.0,0.0,0.0,0.0,1.0,0.0,0.0,0.0,0.0,0.0,0.0,0.0,0.0,0.0,0.0,0.0,0.0,1.0,0.0,1.0,0.0,0.0,0.0,0.0,0.0,0.0,0.0,0.0,0.0,1.0,0.0,0.0,0.0,0.0,0.0,0.0,0.0,0.0,0.0,0.0,0.0,0.0,0.0,0.0,0.0,0f1f8400,c1018d48,8bc1eb0c,000f1f80,00000000,8b5df48b,c8c1f905,f085148e,008b450c,008bca81,01a90000,088b04b9,f8000000,098bc1c1,e817a801,0f85e300,0facc214,f0010000,20040000,a810751b,0d83ff06,45f88b73,1f83ff06,00000006,1af6c101,07c745f0,02000000,8b45f889,45f8660f,8b45108b,058bcb8b,0000d3e0,75108078,8b4dfcc6,81582000,348b5514,108b088b,017599eb,5dc21400,cccccccc
1788306671.7916052,27512,7.006492321624085e-45,8.407790785948902e-45,1.401298464324817e-45,1.401298464324817e-45,1.0,0.0,0.0,0.0,0.0,0.0,0.0,1.0,0.0,0.0,0.0,0.0,0.0,0.0,0.0,0.0,0.0,0.0,0.0,0.0,1.0,0.0,1.0,0.0,0.0,0.0,0.0,0.0,0.0,0.0,0.0,0.0,1.0,0.0,0.0,0.0,0.0,0.0,0.0,0.0,0.0,0.0,0.0,0.0,0.0,0.0,0.0,0.0,0f1f8400,c1018d48,8bc1eb0c,000f1f80,00000000,8b5df48b,c8c1f905,f085148e,008b450c,008bca81,01a90000,088b04b9,f8000000,098bc1c1,e817a801,0f85e300,0facc214,f0010000,20040000,a810751b,0d83ff06,45f88b73,1f83ff06,00000006,1af6c101,07c745f0,02000000,8b45f889,45f8660f,8b45108b,058bcb8b,0000d3e0,75108078,8b4dfcc6,81582000,348b5514,108b088b,017599eb,5dc21400,cccccccc
1788306671.8925683,27512,7.006492321624085e-45,8.407790785948902e-45,1.401298464324817e-45,1.401298464324817e-45,1.0,0.0,0.0,0.0,0.0,0.0,0.0,1.0,0.0,0.0,0.0,0.0,0.0,0.0,0.0,0.0,0.0,0.0,0.0,0.0,1.0,0.0,1.0,0.0,0.0,0.0,0.0,0.0,0.0,0.0,0.0,0.0,1.0,0.0,0.0,0.0,0.0,0.0,0.0,0.0,0.0,0.0,0.0,0.0,0.0,0.0,0.0,0.0,0f1f8400,c1018d48,8bc1eb0c,000f1f80,00000000,8b5df48b,c8c1f905,f085148e,008b450c,008bca81,01a90000,088b04b9,f8000000,098bc1c1,e817a801,0f85e300,0facc214,f0010000,20040000,a810751b,0d83ff06,45f88b73,1f83ff06,00000006,1af6c101,07c745f0,02000000,8b45f889,45f8660f,8b45108b,058bcb8b,0000d3e0,75108078,8b4dfcc6,81582000,348b5514,108b088b,017599eb,5dc21400,cccccccc
1788306671.9937513,27512,7.006492321624085e-45,8.407790785948902e-45,1.401298464324817e-45,1.401298464324817e-45,1.0,0.0,0.0,0.0,0.0,0.0,0.0,1.0,0.0,0.0,0.0,0.0,0.0,0.0,0.0,0.0,0.0,0.0,0.0,0.0,1.0,0.0,1.0,0.0,0.0,0.0,0.0,0.0,0.0,0.0,0.0,0.0,1.0,0.0,0.0,0.0,0.0,0.0,0.0,0.0,0.0,0.0,0.0,0.0,0.0,0.0,0.0,0.0,0f1f8400,c1018d48,8bc1eb0c,000f1f80,00000000,8b5df48b,c8c1f905,f085148e,008b450c,008bca81,01a90000,088b04b9,f8000000,098bc1c1,e817a801,0f85e300,0facc214,f0010000,20040000,a810751b,0d83ff06,45f88b73,1f83ff06,00000006,1af6c101,07c745f0,02000000,8b45f889,45f8660f,8b45108b,058bcb8b,0000d3e0,75108078,8b4dfcc6,81582000,348b5514,108b088b,017599eb,5dc21400,cccccccc
1788306672.0945897,27512,7.006492321624085e-45,8.407790785948902e-45,1.401298464324817e-45,1.401298464324817e-45,1.0,0.0,0.0,0.0,0.0,0.0,0.0,1.0,0.0,0.0,0.0,0.0,0.0,0.0,0.0,0.0,0.0,0.0,0.0,0.0,1.0,0.0,1.0,0.0,0.0,0.0,0.0,0.0,0.0,0.0,0.0,0.0,1.0,0.0,0.0,0.0,0.0,0.0,0.0,0.0,0.0,0.0,0.0,0.0,0.0,0.0,0.0,0.0,0f1f8400,c1018d48,8bc1eb0c,000f1f80,00000000,8b5df48b,c8c1f905,f085148e,008b450c,008bca81,01a90000,088b04b9,f8000000,098bc1c1,e817a801,0f85e300,0facc214,f0010000,20040000,a810751b,0d83ff06,45f88b73,1f83ff06,00000006,1af6c101,07c745f0,02000000,8b45f889,45f8660f,8b45108b,058bcb8b,0000d3e0,75108078,8b4dfcc6,81582000,348b5514,108b088b,017599eb,5dc21400,cccccccc
1788306672.1949654,27512,7.006492321624085e-45,8.407790785948902e-45,1.401298464324817e-45,1.401298464324817e-45,1.0,0.0,0.0,0.0,0.0,0.0,0.0,1.0,0.0,0.0,0.0,0.0,0.0,0.0,0.0,0.0,0.0,0.0,0.0,0.0,1.0,0.0,1.0,0.0,0.0,0.0,0.0,0.0,0.0,0.0,0.0,0.0,1.0,0.0,0.0,0.0,0.0,0.0,0.0,0.0,0.0,0.0,0.0,0.0,0.0,0.0,0.0,0.0,0f1f8400,c1018d48,8bc1eb0c,000f1f80,00000000,8b5df48b,c8c1f905,f085148e,008b450c,008bca81,01a90000,088b04b9,f8000000,098bc1c1,e817a801,0f85e300,0facc214,f0010000,20040000,a810751b,0d83ff06,45f88b73,1f83ff06,00000006,1af6c101,07c745f0,02000000,8b45f889,45f8660f,8b45108b,058bcb8b,0000d3e0,75108078,8b4dfcc6,81582000,348b5514,108b088b,017599eb,5dc21400,cccccccc
1788306672.2958539,27512,7.006492321624085e-45,8.407790785948902e-45,1.401298464324817e-45,1.401298464324817e-45,1.0,0.0,0.0,0.0,0.0,0.0,0.0,1.0,0.0,0.0,0.0,0.0,0.0,0.0,0.0,0.0,0.0,0.0,0.0,0.0,1.0,0.0,1.0,0.0,0.0,0.0,0.0,0.0,0.0,0.0,0.0,0.0,1.0,0.0,0.0,0.0,0.0,0.0,0.0,0.0,0.0,0.0,0.0,0.0,0.0,0.0,0.0,0.0,0f1f8400,c1018d48,8bc1eb0c,000f1f80,00000000,8b5df48b,c8c1f905,f085148e,008b450c,008bca81,01a90000,088b04b9,f8000000,098bc1c1,e817a801,0f85e300,0facc214,f0010000,20040000,a810751b,0d83ff06,45f88b73,1f83ff06,00000006,1af6c101,07c745f0,02000000,8b45f889,45f8660f,8b45108b,058bcb8b,0000d3e0,75108078,8b4dfcc6,81582000,348b5514,108b088b,017599eb,5dc21400,cccccccc
1788306672.3970165,27512,7.006492321624085e-45,8.407790785948902e-45,1.401298464324817e-45,1.401298464324817e-45,1.0,0.0,0.0,0.0,0.0,0.0,0.0,1.0,0.0,0.0,0.0,0.0,0.0,0.0,0.0,0.0,0.0,0.0,0.0,0.0,1.0,0.0,1.0,0.0,0.0,0.0,0.0,0.0,0.0,0.0,0.0,0.0,1.0,0.0,0.0,0.0,0.0,0.0,0.0,0.0,0.0,0.0,0.0,0.0,0.0,0.0,0.0,0.0,0f1f8400,c1018d48,8bc1eb0c,000f1f80,00000000,8b5df48b,c8c1f905,f085148e,008b450c,008bca81,01a90000,088b04b9,f8000000,098bc1c1,e817a801,0f85e300,0facc214,f0010000,20040000,a810751b,0d83ff06,45f88b73,1f83ff06,00000006,1af6c101,07c745f0,02000000,8b45f889,45f8660f,8b45108b,058bcb8b,0000d3e0,75108078,8b4dfcc6,81582000,348b5514,108b088b,017599eb,5dc21400,cccccccc
1788306672.497466,27512,7.006492321624085e-45,8.407790785948902e-45,1.401298464324817e-45,1.401298464324817e-45,1.0,0.0,0.0,0.0,0.0,0.0,0.0,1.0,0.0,0.0,0.0,0.0,0.0,0.0,0.0,0.0,0.0,0.0,0.0,0.0,1.0,0.0,1.0,0.0,0.0,0.0,0.0,0.0,0.0,0.0,0.0,0.0,1.0,0.0,0.0,0.0,0.0,0.0,0.0,0.0,0.0,0.0,0.0,0.0,0.0,0.0,0.0,0.0,0f1f8400,c1018d48,8bc1eb0c,000f1f80,00000000,8b5df48b,c8c1f905,f085148e,008b450c,008bca81,01a90000,088b04b9,f8000000,098bc1c1,e817a801,0f85e300,0facc214,f0010000,20040000,a810751b,0d83ff06,45f88b73,1f83ff06,00000006,1af6c101,07c745f0,02000000,8b45f889,45f8660f,8b45108b,058bcb8b,0000d3e0,75108078,8b4dfcc6,81582000,348b5514,108b088b,017599eb,5dc21400,cccccccc
1788306672.5978456,27512,7.006492321624085e-45,8.407790785948902e-45,1.401298464324817e-45,1.401298464324817e-45,1.0,0.0,0.0,0.0,0.0,0.0,0.0,1.0,0.0,0.0,0.0,0.0,0.0,0.0,0.0,0.0,0.0,0.0,0.0,0.0,1.0,0.0,1.0,0.0,0.0,0.0,0.0,0.0,0.0,0.0,0.0,0.0,1.0,0.0,0.0,0.0,0.0,0.0,0.0,0.0,0.0,0.0,0.0,0.0,0.0,0.0,0.0,0.0,0f1f8400,c1018d48,8bc1eb0c,000f1f80,00000000,8b5df48b,c8c1f905,f085148e,008b450c,008bca81,01a90000,088b04b9,f8000000,098bc1c1,e817a801,0f85e300,0facc214,f0010000,20040000,a810751b,0d83ff06,45f88b73,1f83ff06,00000006,1af6c101,07c745f0,02000000,8b45f889,45f8660f,8b45108b,058bcb8b,0000d3e0,75108078,8b4dfcc6,81582000,348b5514,108b088b,017599eb,5dc21400,cccccccc
1788306672.698459,27512,7.006492321624085e-45,8.407790785948902e-45,1.401298464324817e-45,1.401298464324817e-45,1.0,0.0,0.0,0.0,0.0,0.0,0.0,1.0,0.0,0.0,0.0,0.0,0.0,0.0,0.0,0.0,0.0,0.0,0.0,0.0,1.0,0.0,1.0,0.0,0.0,0.0,0.0,0.0,0.0,0.0,0.0,0.0,1.0,0.0,0.0,0.0,0.0,0.0,0.0,0.0,0.0,0.0,0.0,0.0,0.0,0.0,0.0,0.0,0f1f8400,c1018d48,8bc1eb0c,000f1f80,00000000,8b5df48b,c8c1f905,f085148e,008b450c,008bca81,01a90000,088b04b9,f8000000,098bc1c1,e817a801,0f85e300,0facc214,f0010000,20040000,a810751b,0d83ff06,45f88b73,1f83ff06,00000006,1af6c101,07c745f0,02000000,8b45f889,45f8660f,8b45108b,058bcb8b,0000d3e0,75108078,8b4dfcc6,81582000,348b5514,108b088b,017599eb,5dc21400,cccccccc
1788306672.7991953,27512,7.006492321624085e-45,8.407790785948902e-45,1.401298464324817e-45,1.401298464324817e-45,1.0,0.0,0.0,0.0,0.0,0.0,0.0,1.0,0.0,0.0,0.0,0.0,0.0,0.0,0.0,0.0,0.0,0.0,0.0,0.0,1.0,0.0,1.0,0.0,0.0,0.0,0.0,0.0,0.0,0.0,0.0,0.0,1.0,0.0,0.0,0.0,0.0,0.0,0.0,0.0,0.0,0.0,0.0,0.0,0.0,0.0,0.0,0.0,0f1f8400,c1018d48,8bc1eb0c,000f1f80,00000000,8b5df48b,c8c1f905,f085148e,008b450c,008bca81,01a90000,088b04b9,f8000000,098bc1c1,e817a801,0f85e300,0facc214,f0010000,20040000,a810751b,0d83ff06,45f88b73,1f83ff06,00000006,1af6c101,07c745f0,02000000,8b45f889,45f8660f,8b45108b,058bcb8b,0000d3e0,75108078,8b4dfcc6,81582000,348b5514,108b088b,017599eb,5dc21400,cccccccc
1788306672.900074,27512,7.006492321624085e-45,8.407790785948902e-45,1.401298464324817e-45,1.401298464324817e-45,1.0,0.0,0.0,0.0,0.0,0.0,0.0,1.0,0.0,0.0,0.0,0.0,0.0,0.0,0.0,0.0,0.0,0.0,0.0,0.0,1.0,0.0,1.0,0.0,0.0,0.0,0.0,0.0,0.0,0.0,0.0,0.0,1.0,0.0,0.0,0.0,0.0,0.0,0.0,0.0,0.0,0.0,0.0,0.0,0.0,0.0,0.0,0.0,0f1f8400,c1018d48,8bc1eb0c,000f1f80,00000000,8b5df48b,c8c1f905,f085148e,008b450c,008bca81,01a90000,088b04b9,f8000000,098bc1c1,e817a801,0f85e300,0facc214,f0010000,20040000,a810751b,0d83ff06,45f88b73,1f83ff06,00000006,1af6c101,07c745f0,02000000,8b45f889,45f8660f,8b45108b,058bcb8b,0000d3e0,75108078,8b4dfcc6,81582000,348b5514,108b088b,017599eb,5dc21400,cccccccc
1788306673.000523,27512,7.006492321624085e-45,8.407790785948902e-45,1.401298464324817e-45,1.401298464324817e-45,1.0,0.0,0.0,0.0,0.0,0.0,0.0,1.0,0.0,0.0,0.0,0.0,0.0,0.0,0.0,0.0,0.0,0.0,0.0,0.0,1.0,0.0,1.0,0.0,0.0,0.0,0.0,0.0,0.0,0.0,0.0,0.0,1.0,0.0,0.0,0.0,0.0,0.0,0.0,0.0,0.0,0.0,0.0,0.0,0.0,0.0,0.0,0.0,0f1f8400,c1018d48,8bc1eb0c,000f1f80,00000000,8b5df48b,c8c1f905,f085148e,008b450c,008bca81,01a90000,088b04b9,f8000000,098bc1c1,e817a801,0f85e300,0facc214,f0010000,20040000,a810751b,0d83ff06,45f88b73,1f83ff06,00000006,1af6c101,07c745f0,02000000,8b45f889,45f8660f,8b45108b,058bcb8b,0000d3e0,75108078,8b4dfcc6,81582000,348b5514,108b088b,017599eb,5dc21400,cccccccc
1788306673.1009119,27512,7.006492321624085e-45,8.407790785948902e-45,1.401298464324817e-45,1.401298464324817e-45,1.0,0.0,0.0,0.0,0.0,0.0,0.0,1.0,0.0,0.0,0.0,0.0,0.0,0.0,0.0,0.0,0.0,0.0,0.0,0.0,1.0,0.0,1.0,0.0,0.0,0.0,0.0,0.0,0.0,0.0,0.0,0.0,1.0,0.0,0.0,0.0,0.0,0.0,0.0,0.0,0.0,0.0,0.0,0.0,0.0,0.0,0.0,0.0,0f1f8400,c1018d48,8bc1eb0c,000f1f80,00000000,8b5df48b,c8c1f905,f085148e,008b450c,008bca81,01a90000,088b04b9,f8000000,098bc1c1,e817a801,0f85e300,0facc214,f0010000,20040000,a810751b,0d83ff06,45f88b73,1f83ff06,00000006,1af6c101,07c745f0,02000000,8b45f889,45f8660f,8b45108b,058bcb8b,0000d3e0,75108078,8b4dfcc6,81582000,348b5514,108b088b,017599eb,5dc21400,cccccccc
1788306673.2024105,27512,7.006492321624085e-45,8.407790785948902e-45,1.401298464324817e-45,1.401298464324817e-45,1.0,0.0,0.0,0.0,0.0,0.0,0.0,1.0,0.0,0.0,0.0,0.0,0.0,0.0,0.0,0.0,0.0,0.0,0.0,0.0,1.0,0.0,1.0,0.0,0.0,0.0,0.0,0.0,0.0,0.0,0.0,0.0,1.0,0.0,0.0,0.0,0.0,0.0,0.0,0.0,0.0,0.0,0.0,0.0,0.0,0.0,0.0,0.0,0f1f8400,c1018d48,8bc1eb0c,000f1f80,00000000,8b5df48b,c8c1f905,f085148e,008b450c,008bca81,01a90000,088b04b9,f8000000,098bc1c1,e817a801,0f85e300,0facc214,f0010000,20040000,a810751b,0d83ff06,45f88b73,1f83ff06,00000006,1af6c101,07c745f0,02000000,8b45f889,45f8660f,8b45108b,058bcb8b,0000d3e0,75108078,8b4dfcc6,81582000,348b5514,108b088b,017599eb,5dc21400,cccccccc
1788306673.3030477,27512,7.006492321624085e-45,8.407790785948902e-45,1.401298464324817e-45,1.401298464324817e-45,1.0,0.0,0.0,0.0,0.0,0.0,0.0,1.0,0.0,0.0,0.0,0.0,0.0,0.0,0.0,0.0,0.0,0.0,0.0,0.0,1.0,0.0,1.0,0.0,0.0,0.0,0.0,0.0,0.0,0.0,0.0,0.0,1.0,0.0,0.0,0.0,0.0,0.0,0.0,0.0,0.0,0.0,0.0,0.0,0.0,0.0,0.0,0.0,0f1f8400,c1018d48,8bc1eb0c,000f1f80,00000000,8b5df48b,c8c1f905,f085148e,008b450c,008bca81,01a90000,088b04b9,f8000000,098bc1c1,e817a801,0f85e300,0facc214,f0010000,20040000,a810751b,0d83ff06,45f88b73,1f83ff06,00000006,1af6c101,07c745f0,02000000,8b45f889,45f8660f,8b45108b,058bcb8b,0000d3e0,75108078,8b4dfcc6,81582000,348b5514,108b088b,017599eb,5dc21400,cccccccc
1788306673.4038408,27512,7.006492321624085e-45,8.407790785948902e-45,1.401298464324817e-45,1.401298464324817e-45,1.0,0.0,0.0,0.0,0.0,0.0,0.0,1.0,0.0,0.0,0.0,0.0,0.0,0.0,0.0,0.0,0.0,0.0,0.0,0.0,1.0,0.0,1.0,0.0,0.0,0.0,0.0,0.0,0.0,0.0,0.0,0.0,1.0,0.0,0.0,0.0,0.0,0.0,0.0,0.0,0.0,0.0,0.0,0.0,0.0,0.0,0.0,0.0,0f1f8400,c1018d48,8bc1eb0c,000f1f80,00000000,8b5df48b,c8c1f905,f085148e,008b450c,008bca81,01a90000,088b04b9,f8000000,098bc1c1,e817a801,0f85e300,0facc214,f0010000,20040000,a810751b,0d83ff06,45f88b73,1f83ff06,00000006,1af6c101,07c745f0,02000000,8b45f889,45f8660f,8b45108b,058bcb8b,0000d3e0,75108078,8b4dfcc6,81582000,348b5514,108b088b,017599eb,5dc21400,cccccccc
1788306673.504441,27512,7.006492321624085e-45,8.407790785948902e-45,1.401298464324817e-45,1.401298464324817e-45,1.0,0.0,0.0,0.0,0.0,0.0,0.0,1.0,0.0,0.0,0.0,0.0,0.0,0.0,0.0,0.0,0.0,0.0,0.0,0.0,1.0,0.0,1.0,0.0,0.0,0.0,0.0,0.0,0.0,0.0,0.0,0.0,1.0,0.0,0.0,0.0,0.0,0.0,0.0,0.0,0.0,0.0,0.0,0.0,0.0,0.0,0.0,0.0,0f1f8400,c1018d48,8bc1eb0c,000f1f80,00000000,8b5df48b,c8c1f905,f085148e,008b450c,008bca81,01a90000,088b04b9,f8000000,098bc1c1,e817a801,0f85e300,0facc214,f0010000,20040000,a810751b,0d83ff06,45f88b73,1f83ff06,00000006,1af6c101,07c745f0,02000000,8b45f889,45f8660f,8b45108b,058bcb8b,0000d3e0,75108078,8b4dfcc6,81582000,348b5514,108b088b,017599eb,5dc21400,cccccccc
1788306673.605051,27512,7.006492321624085e-45,8.407790785948902e-45,1.401298464324817e-45,1.401298464324817e-45,1.0,0.0,0.0,0.0,0.0,0.0,0.0,1.0,0.0,0.0,0.0,0.0,0.0,0.0,0.0,0.0,0.0,0.0,0.0,0.0,1.0,0.0,1.0,0.0,0.0,0.0,0.0,0.0,0.0,0.0,0.0,0.0,1.0,0.0,0.0,0.0,0.0,0.0,0.0,0.0,0.0,0.0,0.0,0.0,0.0,0.0,0.0,0.0,0f1f8400,c1018d48,8bc1eb0c,000f1f80,00000000,8b5df48b,c8c1f905,f085148e,008b450c,008bca81,01a90000,088b04b9,f8000000,098bc1c1,e817a801,0f85e300,0facc214,f0010000,20040000,a810751b,0d83ff06,45f88b73,1f83ff06,00000006,1af6c101,07c745f0,02000000,8b45f889,45f8660f,8b45108b,058bcb8b,0000d3e0,75108078,8b4dfcc6,81582000,348b5514,108b088b,017599eb,5dc21400,cccccccc
1788306673.7059443,27512,7.006492321624085e-45,8.407790785948902e-45,1.401298464324817e-45,1.401298464324817e-45,1.0,0.0,0.0,0.0,0.0,0.0,0.0,1.0,0.0,0.0,0.0,0.0,0.0,0.0,0.0,0.0,0.0,0.0,0.0,0.0,1.0,0.0,1.0,0.0,0.0,0.0,0.0,0.0,0.0,0.0,0.0,0.0,1.0,0.0,0.0,0.0,0.0,0.0,0.0,0.0,0.0,0.0,0.0,0.0,0.0,0.0,0.0,0.0,0f1f8400,c1018d48,8bc1eb0c,000f1f80,00000000,8b5df48b,c8c1f905,f085148e,008b450c,008bca81,01a90000,088b04b9,f8000000,098bc1c1,e817a801,0f85e300,0facc214,f0010000,20040000,a810751b,0d83ff06,45f88b73,1f83ff06,00000006,1af6c101,07c745f0,02000000,8b45f889,45f8660f,8b45108b,058bcb8b,0000d3e0,75108078,8b4dfcc6,81582000,348b5514,108b088b,017599eb,5dc21400,cccccccc
1788306673.8073728,27512,7.006492321624085e-45,8.407790785948902e-45,1.401298464324817e-45,1.401298464324817e-45,1.0,0.0,0.0,0.0,0.0,0.0,0.0,1.0,0.0,0.0,0.0,0.0,0.0,0.0,0.0,0.0,0.0,0.0,0.0,0.0,1.0,0.0,1.0,0.0,0.0,0.0,0.0,0.0,0.0,0.0,0.0,0.0,1.0,0.0,0.0,0.0,0.0,0.0,0.0,0.0,0.0,0.0,0.0,0.0,0.0,0.0,0.0,0.0,0f1f8400,c1018d48,8bc1eb0c,000f1f80,00000000,8b5df48b,c8c1f905,f085148e,008b450c,008bca81,01a90000,088b04b9,f8000000,098bc1c1,e817a801,0f85e300,0facc214,f0010000,20040000,a810751b,0d83ff06,45f88b73,1f83ff06,00000006,1af6c101,07c745f0,02000000,8b45f889,45f8660f,8b45108b,058bcb8b,0000d3e0,75108078,8b4dfcc6,81582000,348b5514,108b088b,017599eb,5dc21400,cccccccc
1788306673.9083343,27512,7.006492321624085e-45,8.407790785948902e-45,1.401298464324817e-45,1.401298464324817e-45,1.0,0.0,0.0,0.0,0.0,0.0,0.0,1.0,0.0,0.0,0.0,0.0,0.0,0.0,0.0,0.0,0.0,0.0,0.0,0.0,1.0,0.0,1.0,0.0,0.0,0.0,0.0,0.0,0.0,0.0,0.0,0.0,1.0,0.0,0.0,0.0,0.0,0.0,0.0,0.0,0.0,0.0,0.0,0.0,0.0,0.0,0.0,0.0,0f1f8400,c1018d48,8bc1eb0c,000f1f80,00000000,8b5df48b,c8c1f905,f085148e,008b450c,008bca81,01a90000,088b04b9,f8000000,098bc1c1,e817a801,0f85e300,0facc214,f0010000,20040000,a810751b,0d83ff06,45f88b73,1f83ff06,00000006,1af6c101,07c745f0,02000000,8b45f889,45f8660f,8b45108b,058bcb8b,0000d3e0,75108078,8b4dfcc6,81582000,348b5514,108b088b,017599eb,5dc21400,cccccccc
1788306674.0088458,27512,7.006492321624085e-45,8.407790785948902e-45,1.401298464324817e-45,1.401298464324817e-45,1.0,0.0,0.0,0.0,0.0,0.0,0.0,1.0,0.0,0.0,0.0,0.0,0.0,0.0,0.0,0.0,0.0,0.0,0.0,0.0,1.0,0.0,1.0,0.0,0.0,0.0,0.0,0.0,0.0,0.0,0.0,0.0,1.0,0.0,0.0,0.0,0.0,0.0,0.0,0.0,0.0,0.0,0.0,0.0,0.0,0.0,0.0,0.0,0f1f8400,c1018d48,8bc1eb0c,000f1f80,00000000,8b5df48b,c8c1f905,f085148e,008b450c,008bca81,01a90000,088b04b9,f8000000,098bc1c1,e817a801,0f85e300,0facc214,f0010000,20040000,a810751b,0d83ff06,45f88b73,1f83ff06,00000006,1af6c101,07c745f0,02000000,8b45f889,45f8660f,8b45108b,058bcb8b,0000d3e0,75108078,8b4dfcc6,81582000,348b5514,108b088b,017599eb,5dc21400,cccccccc
1788306674.1103477,27512,7.006492321624085e-45,8.407790785948902e-45,1.401298464324817e-45,1.401298464324817e-45,1.0,0.0,0.0,0.0,0.0,0.0,0.0,1.0,0.0,0.0,0.0,0.0,0.0,0.0,0.0,0.0,0.0,0.0,0.0,0.0,1.0,0.0,1.0,0.0,0.0,0.0,0.0,0.0,0.0,0.0,0.0,0.0,1.0,0.0,0.0,0.0,0.0,0.0,0.0,0.0,0.0,0.0,0.0,0.0,0.0,0.0,0.0,0.0,0f1f8400,c1018d48,8bc1eb0c,000f1f80,00000000,8b5df48b,c8c1f905,f085148e,008b450c,008bca81,01a90000,088b04b9,f8000000,098bc1c1,e817a801,0f85e300,0facc214,f0010000,20040000,a810751b,0d83ff06,45f88b73,1f83ff06,00000006,1af6c101,07c745f0,02000000,8b45f889,45f8660f,8b45108b,058bcb8b,0000d3e0,75108078,8b4dfcc6,81582000,348b5514,108b088b,017599eb,5dc21400,cccccccc
1788306674.2125723,27512,7.006492321624085e-45,8.407790785948902e-45,1.401298464324817e-45,1.401298464324817e-45,1.0,0.0,0.0,0.0,0.0,0.0,0.0,1.0,0.0,0.0,0.0,0.0,0.0,0.0,0.0,0.0,0.0,0.0,0.0,0.0,1.0,0.0,1.0,0.0,0.0,0.0,0.0,0.0,0.0,0.0,0.0,0.0,1.0,0.0,0.0,0.0,0.0,0.0,0.0,0.0,0.0,0.0,0.0,0.0,0.0,0.0,0.0,0.0,0f1f8400,c1018d48,8bc1eb0c,000f1f80,00000000,8b5df48b,c8c1f905,f085148e,008b450c,008bca81,01a90000,088b04b9,f8000000,098bc1c1,e817a801,0f85e300,0facc214,f0010000,20040000,a810751b,0d83ff06,45f88b73,1f83ff06,00000006,1af6c101,07c745f0,02000000,8b45f889,45f8660f,8b45108b,058bcb8b,0000d3e0,75108078,8b4dfcc6,81582000,348b5514,108b088b,017599eb,5dc21400,cccccccc
1788306674.314623,27512,7.006492321624085e-45,8.407790785948902e-45,1.401298464324817e-45,1.401298464324817e-45,1.0,0.0,0.0,0.0,0.0,0.0,0.0,1.0,0.0,0.0,0.0,0.0,0.0,0.0,0.0,0.0,0.0,0.0,0.0,0.0,1.0,0.0,1.0,0.0,0.0,0.0,0.0,0.0,0.0,0.0,0.0,0.0,1.0,0.0,0.0,0.0,0.0,0.0,0.0,0.0,0.0,0.0,0.0,0.0,0.0,0.0,0.0,0.0,0f1f8400,c1018d48,8bc1eb0c,000f1f80,00000000,8b5df48b,c8c1f905,f085148e,008b450c,008bca81,01a90000,088b04b9,f8000000,098bc1c1,e817a801,0f85e300,0facc214,f0010000,20040000,a810751b,0d83ff06,45f88b73,1f83ff06,00000006,1af6c101,07c745f0,02000000,8b45f889,45f8660f,8b45108b,058bcb8b,0000d3e0,75108078,8b4dfcc6,81582000,348b5514,108b088b,017599eb,5dc21400,cccccccc
1788306674.4152806,27512,7.006492321624085e-45,8.407790785948902e-45,1.401298464324817e-45,1.401298464324817e-45,1.0,0.0,0.0,0.0,0.0,0.0,0.0,1.0,0.0,0.0,0.0,0.0,0.0,0.0,0.0,0.0,0.0,0.0,0.0,0.0,1.0,0.0,1.0,0.0,0.0,0.0,0.0,0.0,0.0,0.0,0.0,0.0,1.0,0.0,0.0,0.0,0.0,0.0,0.0,0.0,0.0,0.0,0.0,0.0,0.0,0.0,0.0,0.0,0f1f8400,c1018d48,8bc1eb0c,000f1f80,00000000,8b5df48b,c8c1f905,f085148e,008b450c,008bca81,01a90000,088b04b9,f8000000,098bc1c1,e817a801,0f85e300,0facc214,f0010000,20040000,a810751b,0d83ff06,45f88b73,1f83ff06,00000006,1af6c101,07c745f0,02000000,8b45f889,45f8660f,8b45108b,058bcb8b,0000d3e0,75108078,8b4dfcc6,81582000,348b5514,108b088b,017599eb,5dc21400,cccccccc
1788306674.5159278,27512,7.006492321624085e-45,8.407790785948902e-45,1.401298464324817e-45,1.401298464324817e-45,1.0,0.0,0.0,0.0,0.0,0.0,0.0,1.0,0.0,0.0,0.0,0.0,0.0,0.0,0.0,0.0,0.0,0.0,0.0,0.0,1.0,0.0,1.0,0.0,0.0,0.0,0.0,0.0,0.0,0.0,0.0,0.0,1.0,0.0,0.0,0.0,0.0,0.0,0.0,0.0,0.0,0.0,0.0,0.0,0.0,0.0,0.0,0.0,0f1f8400,c1018d48,8bc1eb0c,000f1f80,00000000,8b5df48b,c8c1f905,f085148e,008b450c,008bca81,01a90000,088b04b9,f8000000,098bc1c1,e817a801,0f85e300,0facc214,f0010000,20040000,a810751b,0d83ff06,45f88b73,1f83ff06,00000006,1af6c101,07c745f0,02000000,8b45f889,45f8660f,8b45108b,058bcb8b,0000d3e0,75108078,8b4dfcc6,81582000,348b5514,108b088b,017599eb,5dc21400,cccccccc
1788306674.6165118,27512,7.006492321624085e-45,8.407790785948902e-45,1.401298464324817e-45,1.401298464324817e-45,1.0,0.0,0.0,0.0,0.0,0.0,0.0,1.0,0.0,0.0,0.0,0.0,0.0,0.0,0.0,0.0,0.0,0.0,0.0,0.0,1.0,0.0,1.0,0.0,0.0,0.0,0.0,0.0,0.0,0.0,0.0,0.0,1.0,0.0,0.0,0.0,0.0,0.0,0.0,0.0,0.0,0.0,0.0,0.0,0.0,0.0,0.0,0.0,0f1f8400,c1018d48,8bc1eb0c,000f1f80,00000000,8b5df48b,c8c1f905,f085148e,008b450c,008bca81,01a90000,088b04b9,f8000000,098bc1c1,e817a801,0f85e300,0facc214,f0010000,20040000,a810751b,0d83ff06,45f88b73,1f83ff06,00000006,1af6c101,07c745f0,02000000,8b45f889,45f8660f,8b45108b,058bcb8b,0000d3e0,75108078,8b4dfcc6,81582000,348b5514,108b088b,017599eb,5dc21400,cccccccc
1788306674.7169397,27512,7.006492321624085e-45,8.407790785948902e-45,1.401298464324817e-45,1.401298464324817e-45,1.0,0.0,0.0,0.0,0.0,0.0,0.0,1.0,0.0,0.0,0.0,0.0,0.0,0.0,0.0,0.0,0.0,0.0,0.0,0.0,1.0,0.0,1.0,0.0,0.0,0.0,0.0,0.0,0.0,0.0,0.0,0.0,1.0,0.0,0.0,0.0,0.0,0.0,0.0,0.0,0.0,0.0,0.0,0.0,0.0,0.0,0.0,0.0,0f1f8400,c1018d48,8bc1eb0c,000f1f80,00000000,8b5df48b,c8c1f905,f085148e,008b450c,008bca81,01a90000,088b04b9,f8000000,098bc1c1,e817a801,0f85e300,0facc214,f0010000,20040000,a810751b,0d83ff06,45f88b73,1f83ff06,00000006,1af6c101,07c745f0,02000000,8b45f889,45f8660f,8b45108b,058bcb8b,0000d3e0,75108078,8b4dfcc6,81582000,348b5514,108b088b,017599eb,5dc21400,cccccccc
1788306674.8173387,27512,7.006492321624085e-45,8.407790785948902e-45,1.401298464324817e-45,1.401298464324817e-45,1.0,0.0,0.0,0.0,0.0,0.0,0.0,1.0,0.0,0.0,0.0,0.0,0.0,0.0,0.0,0.0,0.0,0.0,0.0,0.0,1.0,0.0,1.0,0.0,0.0,0.0,0.0,0.0,0.0,0.0,0.0,0.0,1.0,0.0,0.0,0.0,0.0,0.0,0.0,0.0,0.0,0.0,0.0,0.0,0.0,0.0,0.0,0.0,0f1f8400,c1018d48,8bc1eb0c,000f1f80,00000000,8b5df48b,c8c1f905,f085148e,008b450c,008bca81,01a90000,088b04b9,f8000000,098bc1c1,e817a801,0f85e300,0facc214,f0010000,20040000,a810751b,0d83ff06,45f88b73,1f83ff06,00000006,1af6c101,07c745f0,02000000,8b45f889,45f8660f,8b45108b,058bcb8b,0000d3e0,75108078,8b4dfcc6,81582000,348b5514,108b088b,017599eb,5dc21400,cccccccc
1788306674.9179153,27512,7.006492321624085e-45,8.407790785948902e-45,1.401298464324817e-45,1.401298464324817e-45,1.0,0.0,0.0,0.0,0.0,0.0,0.0,1.0,0.0,0.0,0.0,0.0,0.0,0.0,0.0,0.0,0.0,0.0,0.0,0.0,1.0,0.0,1.0,0.0,0.0,0.0,0.0,0.0,0.0,0.0,0.0,0.0,1.0,0.0,0.0,0.0,0.0,0.0,0.0,0.0,0.0,0.0,0.0,0.0,0.0,0.0,0.0,0.0,0f1f8400,c1018d48,8bc1eb0c,000f1f80,00000000,8b5df48b,c8c1f905,f085148e,008b450c,008bca81,01a90000,088b04b9,f8000000,098bc1c1,e817a801,0f85e300,0facc214,f0010000,20040000,a810751b,0d83ff06,45f88b73,1f83ff06,00000006,1af6c101,07c745f0,02000000,8b45f889,45f8660f,8b45108b,058bcb8b,0000d3e0,75108078,8b4dfcc6,81582000,348b5514,108b088b,017599eb,5dc21400,cccccccc
1788306675.0184667,27512,7.006492321624085e-45,8.407790785948902e-45,1.401298464324817e-45,1.401298464324817e-45,1.0,0.0,0.0,0.0,0.0,0.0,0.0,1.0,0.0,0.0,0.0,0.0,0.0,0.0,0.0,0.0,0.0,0.0,0.0,0.0,1.0,0.0,1.0,0.0,0.0,0.0,0.0,0.0,0.0,0.0,0.0,0.0,1.0,0.0,0.0,0.0,0.0,0.0,0.0,0.0,0.0,0.0,0.0,0.0,0.0,0.0,0.0,0.0,0f1f8400,c1018d48,8bc1eb0c,000f1f80,00000000,8b5df48b,c8c1f905,f085148e,008b450c,008bca81,01a90000,088b04b9,f8000000,098bc1c1,e817a801,0f85e300,0facc214,f0010000,20040000,a810751b,0d83ff06,45f88b73,1f83ff06,00000006,1af6c101,07c745f0,02000000,8b45f889,45f8660f,8b45108b,058bcb8b,0000d3e0,75108078,8b4dfcc6,81582000,348b5514,108b088b,017599eb,5dc21400,cccccccc
1788306675.118753,27512,7.006492321624085e-45,8.407790785948902e-45,1.401298464324817e-45,1.401298464324817e-45,1.0,0.0,0.0,0.0,0.0,0.0,0.0,1.0,0.0,0.0,0.0,0.0,0.0,0.0,0.0,0.0,0.0,0.0,0.0,0.0,1.0,0.0,1.0,0.0,0.0,0.0,0.0,0.0,0.0,0.0,0.0,0.0,1.0,0.0,0.0,0.0,0.0,0.0,0.0,0.0,0.0,0.0,0.0,0.0,0.0,0.0,0.0,0.0,0f1f8400,c1018d48,8bc1eb0c,000f1f80,00000000,8b5df48b,c8c1f905,f085148e,008b450c,008bca81,01a90000,088b04b9,f8000000,098bc1c1,e817a801,0f85e300,0facc214,f0010000,20040000,a810751b,0d83ff06,45f88b73,1f83ff06,00000006,1af6c101,07c745f0,02000000,8b45f889,45f8660f,8b45108b,058bcb8b,0000d3e0,75108078,8b4dfcc6,81582000,348b5514,108b088b,017599eb,5dc21400,cccccccc
1788306675.219141,27512,7.006492321624085e-45,8.407790785948902e-45,1.401298464324817e-45,1.401298464324817e-45,1.0,0.0,0.0,0.0,0.0,0.0,0.0,1.0,0.0,0.0,0.0,0.0,0.0,0.0,0.0,0.0,0.0,0.0,0.0,0.0,1.0,0.0,1.0,0.0,0.0,0.0,0.0,0.0,0.0,0.0,0.0,0.0,1.0,0.0,0.0,0.0,0.0,0.0,0.0,0.0,0.0,0.0,0.0,0.0,0.0,0.0,0.0,0.0,0f1f8400,c1018d48,8bc1eb0c,000f1f80,00000000,8b5df48b,c8c1f905,f085148e,008b450c,008bca81,01a90000,088b04b9,f8000000,098bc1c1,e817a801,0f85e300,0facc214,f0010000,20040000,a810751b,0d83ff06,45f88b73,1f83ff06,00000006,1af6c101,07c745f0,02000000,8b45f889,45f8660f,8b45108b,058bcb8b,0000d3e0,75108078,8b4dfcc6,81582000,348b5514,108b088b,017599eb,5dc21400,cccccccc
1788306675.3196013,27512,7.006492321624085e-45,8.407790785948902e-45,1.401298464324817e-45,1.401298464324817e-45,1.0,0.0,0.0,0.0,0.0,0.0,0.0,1.0,0.0,0.0,0.0,0.0,0.0,0.0,0.0,0.0,0.0,0.0,0.0,0.0,1.0,0.0,1.0,0.0,0.0,0.0,0.0,0.0,0.0,0.0,0.0,0.0,1.0,0.0,0.0,0.0,0.0,0.0,0.0,0.0,0.0,0.0,0.0,0.0,0.0,0.0,0.0,0.0,0f1f8400,c1018d48,8bc1eb0c,000f1f80,00000000,8b5df48b,c8c1f905,f085148e,008b450c,008bca81,01a90000,088b04b9,f8000000,098bc1c1,e817a801,0f85e300,0facc214,f0010000,20040000,a810751b,0d83ff06,45f88b73,1f83ff06,00000006,1af6c101,07c745f0,02000000,8b45f889,45f8660f,8b45108b,058bcb8b,0000d3e0,75108078,8b4dfcc6,81582000,348b5514,108b088b,017599eb,5dc21400,cccccccc
1788306675.4666893,27512,7.006492321624085e-45,8.407790785948902e-45,1.401298464324817e-45,1.401298464324817e-45,1.0,0.0,0.0,0.0,0.0,0.0,0.0,1.0,0.0,0.0,0.0,0.0,0.0,0.0,0.0,0.0,0.0,0.0,0.0,0.0,1.0,0.0,1.0,0.0,0.0,0.0,0.0,0.0,0.0,0.0,0.0,0.0,1.0,0.0,0.0,0.0,0.0,0.0,0.0,0.0,0.0,0.0,0.0,0.0,0.0,0.0,0.0,0.0,0f1f8400,c1018d48,8bc1eb0c,000f1f80,00000000,8b5df48b,c8c1f905,f085148e,008b450c,008bca81,01a90000,088b04b9,f8000000,098bc1c1,e817a801,0f85e300,0facc214,f0010000,20040000,a810751b,0d83ff06,45f88b73,1f83ff06,00000006,1af6c101,07c745f0,02000000,8b45f889,45f8660f,8b45108b,058bcb8b,0000d3e0,75108078,8b4dfcc6,81582000,348b5514,108b088b,017599eb,5dc21400,cccccccc
1788306675.5670629,27512,7.006492321624085e-45,8.407790785948902e-45,1.401298464324817e-45,1.401298464324817e-45,1.0,0.0,0.0,0.0,0.0,0.0,0.0,1.0,0.0,0.0,0.0,0.0,0.0,0.0,0.0,0.0,0.0,0.0,0.0,0.0,1.0,0.0,1.0,0.0,0.0,0.0,0.0,0.0,0.0,0.0,0.0,0.0,1.0,0.0,0.0,0.0,0.0,0.0,0.0,0.0,0.0,0.0,0.0,0.0,0.0,0.0,0.0,0.0,0f1f8400,c1018d48,8bc1eb0c,000f1f80,00000000,8b5df48b,c8c1f905,f085148e,008b450c,008bca81,01a90000,088b04b9,f8000000,098bc1c1,e817a801,0f85e300,0facc214,f0010000,20040000,a810751b,0d83ff06,45f88b73,1f83ff06,00000006,1af6c101,07c745f0,02000000,8b45f889,45f8660f,8b45108b,058bcb8b,0000d3e0,75108078,8b4dfcc6,81582000,348b5514,108b088b,017599eb,5dc21400,cccccccc
1788306675.724746,27512,7.006492321624085e-45,8.407790785948902e-45,1.401298464324817e-45,1.401298464324817e-45,1.0,0.0,0.0,0.0,0.0,0.0,0.0,1.0,0.0,0.0,0.0,0.0,0.0,0.0,0.0,0.0,0.0,0.0,0.0,0.0,1.0,0.0,1.0,0.0,0.0,0.0,0.0,0.0,0.0,0.0,0.0,0.0,1.0,0.0,0.0,0.0,0.0,0.0,0.0,0.0,0.0,0.0,0.0,0.0,0.0,0.0,0.0,0.0,0f1f8400,c1018d48,8bc1eb0c,000f1f80,00000000,8b5df48b,c8c1f905,f085148e,008b450c,008bca81,01a90000,088b04b9,f8000000,098bc1c1,e817a801,0f85e300,0facc214,f0010000,20040000,a810751b,0d83ff06,45f88b73,1f83ff06,00000006,1af6c101,07c745f0,02000000,8b45f889,45f8660f,8b45108b,058bcb8b,0000d3e0,75108078,8b4dfcc6,81582000,348b5514,108b088b,017599eb,5dc21400,cccccccc
1788306675.8252828,27512,7.006492321624085e-45,8.407790785948902e-45,1.401298464324817e-45,1.401298464324817e-45,1.0,0.0,0.0,0.0,0.0,0.0,0.0,1.0,0.0,0.0,0.0,0.0,0.0,0.0,0.0,0.0,0.0,0.0,0.0,0.0,1.0,0.0,1.0,0.0,0.0,0.0,0.0,0.0,0.0,0.0,0.0,0.0,1.0,0.0,0.0,0.0,0.0,0.0,0.0,0.0,0.0,0.0,0.0,0.0,0.0,0.0,0.0,0.0,0f1f8400,c1018d48,8bc1eb0c,000f1f80,00000000,8b5df48b,c8c1f905,f085148e,008b450c,008bca81,01a90000,088b04b9,f8000000,098bc1c1,e817a801,0f85e300,0facc214,f0010000,20040000,a810751b,0d83ff06,45f88b73,1f83ff06,00000006,1af6c101,07c745f0,02000000,8b45f889,45f8660f,8b45108b,058bcb8b,0000d3e0,75108078,8b4dfcc6,81582000,348b5514,108b088b,017599eb,5dc21400,cccccccc
1788306675.9494917,27512,7.006492321624085e-45,8.407790785948902e-45,1.401298464324817e-45,1.401298464324817e-45,1.0,0.0,0.0,0.0,0.0,0.0,0.0,1.0,0.0,0.0,0.0,0.0,0.0,0.0,0.0,0.0,0.0,0.0,0.0,0.0,1.0,0.0,1.0,0.0,0.0,0.0,0.0,0.0,0.0,0.0,0.0,0.0,1.0,0.0,0.0,0.0,0.0,0.0,0.0,0.0,0.0,0.0,0.0,0.0,0.0,0.0,0.0,0.0,0f1f8400,c1018d48,8bc1eb0c,000f1f80,00000000,8b5df48b,c8c1f905,f085148e,008b450c,008bca81,01a90000,088b04b9,f8000000,098bc1c1,e817a801,0f85e300,0facc214,f0010000,20040000,a810751b,0d83ff06,45f88b73,1f83ff06,00000006,1af6c101,07c745f0,02000000,8b45f889,45f8660f,8b45108b,058bcb8b,0000d3e0,75108078,8b4dfcc6,81582000,348b5514,108b088b,017599eb,5dc21400,cccccccc
1788306676.0501513,27512,7.006492321624085e-45,8.407790785948902e-45,1.401298464324817e-45,1.401298464324817e-45,1.0,0.0,0.0,0.0,0.0,0.0,0.0,1.0,0.0,0.0,0.0,0.0,0.0,0.0,0.0,0.0,0.0,0.0,0.0,0.0,1.0,0.0,1.0,0.0,0.0,0.0,0.0,0.0,0.0,0.0,0.0,0.0,1.0,0.0,0.0,0.0,0.0,0.0,0.0,0.0,0.0,0.0,0.0,0.0,0.0,0.0,0.0,0.0,0f1f8400,c1018d48,8bc1eb0c,000f1f80,00000000,8b5df48b,c8c1f905,f085148e,008b450c,008bca81,01a90000,088b04b9,f8000000,098bc1c1,e817a801,0f85e300,0facc214,f0010000,20040000,a810751b,0d83ff06,45f88b73,1f83ff06,00000006,1af6c101,07c745f0,02000000,8b45f889,45f8660f,8b45108b,058bcb8b,0000d3e0,75108078,8b4dfcc6,81582000,348b5514,108b088b,017599eb,5dc21400,cccccccc
1788306676.1507125,27512,7.006492321624085e-45,8.407790785948902e-45,1.401298464324817e-45,1.401298464324817e-45,1.0,0.0,0.0,0.0,0.0,0.0,0.0,1.0,0.0,0.0,0.0,0.0,0.0,0.0,0.0,0.0,0.0,0.0,0.0,0.0,1.0,0.0,1.0,0.0,0.0,0.0,0.0,0.0,0.0,0.0,0.0,0.0,1.0,0.0,0.0,0.0,0.0,0.0,0.0,0.0,0.0,0.0,0.0,0.0,0.0,0.0,0.0,0.0,0f1f8400,c1018d48,8bc1eb0c,000f1f80,00000000,8b5df48b,c8c1f905,f085148e,008b450c,008bca81,01a90000,088b04b9,f8000000,098bc1c1,e817a801,0f85e300,0facc214,f0010000,20040000,a810751b,0d83ff06,45f88b73,1f83ff06,00000006,1af6c101,07c745f0,02000000,8b45f889,45f8660f,8b45108b,058bcb8b,0000d3e0,75108078,8b4dfcc6,81582000,348b5514,108b088b,017599eb,5dc21400,cccccccc
1788306676.2515707,27512,7.006492321624085e-45,8.407790785948902e-45,1.401298464324817e-45,1.401298464324817e-45,1.0,0.0,0.0,0.0,0.0,0.0,0.0,1.0,0.0,0.0,0.0,0.0,0.0,0.0,0.0,0.0,0.0,0.0,0.0,0.0,1.0,0.0,1.0,0.0,0.0,0.0,0.0,0.0,0.0,0.0,0.0,0.0,1.0,0.0,0.0,0.0,0.0,0.0,0.0,0.0,0.0,0.0,0.0,0.0,0.0,0.0,0.0,0.0,0f1f8400,c1018d48,8bc1eb0c,000f1f80,00000000,8b5df48b,c8c1f905,f085148e,008b450c,008bca81,01a90000,088b04b9,f8000000,098bc1c1,e817a801,0f85e300,0facc214,f0010000,20040000,a810751b,0d83ff06,45f88b73,1f83ff06,00000006,1af6c101,07c745f0,02000000,8b45f889,45f8660f,8b45108b,058bcb8b,0000d3e0,75108078,8b4dfcc6,81582000,348b5514,108b088b,017599eb,5dc21400,cccccccc
1788306676.352533,27512,7.006492321624085e-45,8.407790785948902e-45,1.401298464324817e-45,1.401298464324817e-45,1.0,0.0,0.0,0.0,0.0,0.0,0.0,1.0,0.0,0.0,0.0,0.0,0.0,0.0,0.0,0.0,0.0,0.0,0.0,0.0,1.0,0.0,1.0,0.0,0.0,0.0,0.0,0.0,0.0,0.0,0.0,0.0,1.0,0.0,0.0,0.0,0.0,0.0,0.0,0.0,0.0,0.0,0.0,0.0,0.0,0.0,0.0,0.0,0f1f8400,c1018d48,8bc1eb0c,000f1f80,00000000,8b5df48b,c8c1f905,f085148e,008b450c,008bca81,01a90000,088b04b9,f8000000,098bc1c1,e817a801,0f85e300,0facc214,f0010000,20040000,a810751b,0d83ff06,45f88b73,1f83ff06,00000006,1af6c101,07c745f0,02000000,8b45f889,45f8660f,8b45108b,058bcb8b,0000d3e0,75108078,8b4dfcc6,81582000,348b5514,108b088b,017599eb,5dc21400,cccccccc
1788306676.4531715,27512,7.006492321624085e-45,8.407790785948902e-45,1.401298464324817e-45,1.401298464324817e-45,1.0,0.0,0.0,0.0,0.0,0.0,0.0,1.0,0.0,0.0,0.0,0.0,0.0,0.0,0.0,0.0,0.0,0.0,0.0,0.0,1.0,0.0,1.0,0.0,0.0,0.0,0.0,0.0,0.0,0.0,0.0,0.0,1.0,0.0,0.0,0.0,0.0,0.0,0.0,0.0,0.0,0.0,0.0,0.0,0.0,0.0,0.0,0.0,0f1f8400,c1018d48,8bc1eb0c,000f1f80,00000000,8b5df48b,c8c1f905,f085148e,008b450c,008bca81,01a90000,088b04b9,f8000000,098bc1c1,e817a801,0f85e300,0facc214,f0010000,20040000,a810751b,0d83ff06,45f88b73,1f83ff06,00000006,1af6c101,07c745f0,02000000,8b45f889,45f8660f,8b45108b,058bcb8b,0000d3e0,75108078,8b4dfcc6,81582000,348b5514,108b088b,017599eb,5dc21400,cccccccc
1788306676.5537305,27512,7.006492321624085e-45,8.407790785948902e-45,1.401298464324817e-45,1.401298464324817e-45,1.0,0.0,0.0,0.0,0.0,0.0,0.0,1.0,0.0,0.0,0.0,0.0,0.0,0.0,0.0,0.0,0.0,0.0,0.0,0.0,1.0,0.0,1.0,0.0,0.0,0.0,0.0,0.0,0.0,0.0,0.0,0.0,1.0,0.0,0.0,0.0,0.0,0.0,0.0,0.0,0.0,0.0,0.0,0.0,0.0,0.0,0.0,0.0,0f1f8400,c1018d48,8bc1eb0c,000f1f80,00000000,8b5df48b,c8c1f905,f085148e,008b450c,008bca81,01a90000,088b04b9,f8000000,098bc1c1,e817a801,0f85e300,0facc214,f0010000,20040000,a810751b,0d83ff06,45f88b73,1f83ff06,00000006,1af6c101,07c745f0,02000000,8b45f889,45f8660f,8b45108b,058bcb8b,0000d3e0,75108078,8b4dfcc6,81582000,348b5514,108b088b,017599eb,5dc21400,cccccccc
1788306676.6540747,27512,7.006492321624085e-45,8.407790785948902e-45,1.401298464324817e-45,1.401298464324817e-45,1.0,0.0,0.0,0.0,0.0,0.0,0.0,1.0,0.0,0.0,0.0,0.0,0.0,0.0,0.0,0.0,0.0,0.0,0.0,0.0,1.0,0.0,1.0,0.0,0.0,0.0,0.0,0.0,0.0,0.0,0.0,0.0,1.0,0.0,0.0,0.0,0.0,0.0,0.0,0.0,0.0,0.0,0.0,0.0,0.0,0.0,0.0,0.0,0f1f8400,c1018d48,8bc1eb0c,000f1f80,00000000,8b5df48b,c8c1f905,f085148e,008b450c,008bca81,01a90000,088b04b9,f8000000,098bc1c1,e817a801,0f85e300,0facc214,f0010000,20040000,a810751b,0d83ff06,45f88b73,1f83ff06,00000006,1af6c101,07c745f0,02000000,8b45f889,45f8660f,8b45108b,058bcb8b,0000d3e0,75108078,8b4dfcc6,81582000,348b5514,108b088b,017599eb,5dc21400,cccccccc
1788306676.75485,27512,7.006492321624085e-45,8.407790785948902e-45,1.401298464324817e-45,1.401298464324817e-45,1.0,0.0,0.0,0.0,0.0,0.0,0.0,1.0,0.0,0.0,0.0,0.0,0.0,0.0,0.0,0.0,0.0,0.0,0.0,0.0,1.0,0.0,1.0,0.0,0.0,0.0,0.0,0.0,0.0,0.0,0.0,0.0,1.0,0.0,0.0,0.0,0.0,0.0,0.0,0.0,0.0,0.0,0.0,0.0,0.0,0.0,0.0,0.0,0f1f8400,c1018d48,8bc1eb0c,000f1f80,00000000,8b5df48b,c8c1f905,f085148e,008b450c,008bca81,01a90000,088b04b9,f8000000,098bc1c1,e817a801,0f85e300,0facc214,f0010000,20040000,a810751b,0d83ff06,45f88b73,1f83ff06,00000006,1af6c101,07c745f0,02000000,8b45f889,45f8660f,8b45108b,058bcb8b,0000d3e0,75108078,8b4dfcc6,81582000,348b5514,108b088b,017599eb,5dc21400,cccccccc
1788306676.8555639,27512,7.006492321624085e-45,8.407790785948902e-45,1.401298464324817e-45,1.401298464324817e-45,1.0,0.0,0.0,0.0,0.0,0.0,0.0,1.0,0.0,0.0,0.0,0.0,0.0,0.0,0.0,0.0,0.0,0.0,0.0,0.0,1.0,0.0,1.0,0.0,0.0,0.0,0.0,0.0,0.0,0.0,0.0,0.0,1.0,0.0,0.0,0.0,0.0,0.0,0.0,0.0,0.0,0.0,0.0,0.0,0.0,0.0,0.0,0.0,0f1f8400,c1018d48,8bc1eb0c,000f1f80,00000000,8b5df48b,c8c1f905,f085148e,008b450c,008bca81,01a90000,088b04b9,f8000000,098bc1c1,e817a801,0f85e300,0facc214,f0010000,20040000,a810751b,0d83ff06,45f88b73,1f83ff06,00000006,1af6c101,07c745f0,02000000,8b45f889,45f8660f,8b45108b,058bcb8b,0000d3e0,75108078,8b4dfcc6,81582000,348b5514,108b088b,017599eb,5dc21400,cccccccc
1788306676.9627113,27512,7.006492321624085e-45,8.407790785948902e-45,1.401298464324817e-45,1.401298464324817e-45,1.0,0.0,0.0,0.0,0.0,0.0,0.0,1.0,0.0,0.0,0.0,0.0,0.0,0.0,0.0,0.0,0.0,0.0,0.0,0.0,1.0,0.0,1.0,0.0,0.0,0.0,0.0,0.0,0.0,0.0,0.0,0.0,1.0,0.0,0.0,0.0,0.0,0.0,0.0,0.0,0.0,0.0,0.0,0.0,0.0,0.0,0.0,0.0,0f1f8400,c1018d48,8bc1eb0c,000f1f80,00000000,8b5df48b,c8c1f905,f085148e,008b450c,008bca81,01a90000,088b04b9,f8000000,098bc1c1,e817a801,0f85e300,0facc214,f0010000,20040000,a810751b,0d83ff06,45f88b73,1f83ff06,00000006,1af6c101,07c745f0,02000000,8b45f889,45f8660f,8b45108b,058bcb8b,0000d3e0,75108078,8b4dfcc6,81582000,348b5514,108b088b,017599eb,5dc21400,cccccccc
1788306677.06365,27512,7.006492321624085e-45,8.407790785948902e-45,1.401298464324817e-45,1.401298464324817e-45,1.0,0.0,0.0,0.0,0.0,0.0,0.0,1.0,0.0,0.0,0.0,0.0,0.0,0.0,0.0,0.0,0.0,0.0,0.0,0.0,1.0,0.0,1.0,0.0,0.0,0.0,0.0,0.0,0.0,0.0,0.0,0.0,1.0,0.0,0.0,0.0,0.0,0.0,0.0,0.0,0.0,0.0,0.0,0.0,0.0,0.0,0.0,0.0,0f1f8400,c1018d48,8bc1eb0c,000f1f80,00000000,8b5df48b,c8c1f905,f085148e,008b450c,008bca81,01a90000,088b04b9,f8000000,098bc1c1,e817a801,0f85e300,0facc214,f0010000,20040000,a810751b,0d83ff06,45f88b73,1f83ff06,00000006,1af6c101,07c745f0,02000000,8b45f889,45f8660f,8b45108b,058bcb8b,0000d3e0,75108078,8b4dfcc6,81582000,348b5514,108b088b,017599eb,5dc21400,cccccccc
1788306677.1642466,27512,7.006492321624085e-45,8.407790785948902e-45,1.401298464324817e-45,1.401298464324817e-45,1.0,0.0,0.0,0.0,0.0,0.0,0.0,1.0,0.0,0.0,0.0,0.0,0.0,0.0,0.0,0.0,0.0,0.0,0.0,0.0,1.0,0.0,1.0,0.0,0.0,0.0,0.0,0.0,0.0,0.0,0.0,0.0,1.0,0.0,0.0,0.0,0.0,0.0,0.0,0.0,0.0,0.0,0.0,0.0,0.0,0.0,0.0,0.0,0f1f8400,c1018d48,8bc1eb0c,000f1f80,00000000,8b5df48b,c8c1f905,f085148e,008b450c,008bca81,01a90000,088b04b9,f8000000,098bc1c1,e817a801,0f85e300,0facc214,f0010000,20040000,a810751b,0d83ff06,45f88b73,1f83ff06,00000006,1af6c101,07c745f0,02000000,8b45f889,45f8660f,8b45108b,058bcb8b,0000d3e0,75108078,8b4dfcc6,81582000,348b5514,108b088b,017599eb,5dc21400,cccccccc
1788306677.265206,27512,7.006492321624085e-45,8.407790785948902e-45,1.401298464324817e-45,1.401298464324817e-45,1.0,0.0,0.0,0.0,0.0,0.0,0.0,1.0,0.0,0.0,0.0,0.0,0.0,0.0,0.0,0.0,0.0,0.0,0.0,0.0,1.0,0.0,1.0,0.0,0.0,0.0,0.0,0.0,0.0,0.0,0.0,0.0,1.0,0.0,0.0,0.0,0.0,0.0,0.0,0.0,0.0,0.0,0.0,0.0,0.0,0.0,0.0,0.0,0f1f8400,c1018d48,8bc1eb0c,000f1f80,00000000,8b5df48b,c8c1f905,f085148e,008b450c,008bca81,01a90000,088b04b9,f8000000,098bc1c1,e817a801,0f85e300,0facc214,f0010000,20040000,a810751b,0d83ff06,45f88b73,1f83ff06,00000006,1af6c101,07c745f0,02000000,8b45f889,45f8660f,8b45108b,058bcb8b,0000d3e0,75108078,8b4dfcc6,81582000,348b5514,108b088b,017599eb,5dc21400,cccccccc
1788306677.3658125,27512,7.006492321624085e-45,8.407790785948902e-45,1.401298464324817e-45,1.401298464324817e-45,1.0,0.0,0.0,0.0,0.0,0.0,0.0,1.0,0.0,0.0,0.0,0.0,0.0,0.0,0.0,0.0,0.0,0.0,0.0,0.0,1.0,0.0,1.0,0.0,0.0,0.0,0.0,0.0,0.0,0.0,0.0,0.0,1.0,0.0,0.0,0.0,0.0,0.0,0.0,0.0,0.0,0.0,0.0,0.0,0.0,0.0,0.0,0.0,0f1f8400,c1018d48,8bc1eb0c,000f1f80,00000000,8b5df48b,c8c1f905,f085148e,008b450c,008bca81,01a90000,088b04b9,f8000000,098bc1c1,e817a801,0f85e300,0facc214,f0010000,20040000,a810751b,0d83ff06,45f88b73,1f83ff06,00000006,1af6c101,07c745f0,02000000,8b45f889,45f8660f,8b45108b,058bcb8b,0000d3e0,75108078,8b4dfcc6,81582000,348b5514,108b088b,017599eb,5dc21400,cccccccc
1788306677.4666207,27512,7.006492321624085e-45,8.407790785948902e-45,1.401298464324817e-45,1.401298464324817e-45,1.0,0.0,0.0,0.0,0.0,0.0,0.0,1.0,0.0,0.0,0.0,0.0,0.0,0.0,0.0,0.0,0.0,0.0,0.0,0.0,1.0,0.0,1.0,0.0,0.0,0.0,0.0,0.0,0.0,0.0,0.0,0.0,1.0,0.0,0.0,0.0,0.0,0.0,0.0,0.0,0.0,0.0,0.0,0.0,0.0,0.0,0.0,0.0,0f1f8400,c1018d48,8bc1eb0c,000f1f80,00000000,8b5df48b,c8c1f905,f085148e,008b450c,008bca81,01a90000,088b04b9,f8000000,098bc1c1,e817a801,0f85e300,0facc214,f0010000,20040000,a810751b,0d83ff06,45f88b73,1f83ff06,00000006,1af6c101,07c745f0,02000000,8b45f889,45f8660f,8b45108b,058bcb8b,0000d3e0,75108078,8b4dfcc6,81582000,348b5514,108b088b,017599eb,5dc21400,cccccccc
1788306677.5673223,27512,7.006492321624085e-45,8.407790785948902e-45,1.401298464324817e-45,1.401298464324817e-45,1.0,0.0,0.0,0.0,0.0,0.0,0.0,1.0,0.0,0.0,0.0,0.0,0.0,0.0,0.0,0.0,0.0,0.0,0.0,0.0,1.0,0.0,1.0,0.0,0.0,0.0,0.0,0.0,0.0,0.0,0.0,0.0,1.0,0.0,0.0,0.0,0.0,0.0,0.0,0.0,0.0,0.0,0.0,0.0,0.0,0.0,0.0,0.0,0f1f8400,c1018d48,8bc1eb0c,000f1f80,00000000,8b5df48b,c8c1f905,f085148e,008b450c,008bca81,01a90000,088b04b9,f8000000,098bc1c1,e817a801,0f85e300,0facc214,f0010000,20040000,a810751b,0d83ff06,45f88b73,1f83ff06,00000006,1af6c101,07c745f0,02000000,8b45f889,45f8660f,8b45108b,058bcb8b,0000d3e0,75108078,8b4dfcc6,81582000,348b5514,108b088b,017599eb,5dc21400,cccccccc
1788306677.6683722,27512,7.006492321624085e-45,8.407790785948902e-45,1.401298464324817e-45,1.401298464324817e-45,1.0,0.0,0.0,0.0,0.0,0.0,0.0,1.0,0.0,0.0,0.0,0.0,0.0,0.0,0.0,0.0,0.0,0.0,0.0,0.0,1.0,0.0,1.0,0.0,0.0,0.0,0.0,0.0,0.0,0.0,0.0,0.0,1.0,0.0,0.0,0.0,0.0,0.0,0.0,0.0,0.0,0.0,0.0,0.0,0.0,0.0,0.0,0.0,0f1f8400,c1018d48,8bc1eb0c,000f1f80,00000000,8b5df48b,c8c1f905,f085148e,008b450c,008bca81,01a90000,088b04b9,f8000000,098bc1c1,e817a801,0f85e300,0facc214,f0010000,20040000,a810751b,0d83ff06,45f88b73,1f83ff06,00000006,1af6c101,07c745f0,02000000,8b45f889,45f8660f,8b45108b,058bcb8b,0000d3e0,75108078,8b4dfcc6,81582000,348b5514,108b088b,017599eb,5dc21400,cccccccc
1788306677.7687383,27512,7.006492321624085e-45,8.407790785948902e-45,1.401298464324817e-45,1.401298464324817e-45,1.0,0.0,0.0,0.0,0.0,0.0,0.0,1.0,0.0,0.0,0.0,0.0,0.0,0.0,0.0,0.0,0.0,0.0,0.0,0.0,1.0,0.0,1.0,0.0,0.0,0.0,0.0,0.0,0.0,0.0,0.0,0.0,1.0,0.0,0.0,0.0,0.0,0.0,0.0,0.0,0.0,0.0,0.0,0.0,0.0,0.0,0.0,0.0,0f1f8400,c1018d48,8bc1eb0c,000f1f80,00000000,8b5df48b,c8c1f905,f085148e,008b450c,008bca81,01a90000,088b04b9,f8000000,098bc1c1,e817a801,0f85e300,0facc214,f0010000,20040000,a810751b,0d83ff06,45f88b73,1f83ff06,00000006,1af6c101,07c745f0,02000000,8b45f889,45f8660f,8b45108b,058bcb8b,0000d3e0,75108078,8b4dfcc6,81582000,348b5514,108b088b,017599eb,5dc21400,cccccccc
1788306677.8697007,27512,7.006492321624085e-45,8.407790785948902e-45,1.401298464324817e-45,1.401298464324817e-45,1.0,0.0,0.0,0.0,0.0,0.0,0.0,1.0,0.0,0.0,0.0,0.0,0.0,0.0,0.0,0.0,0.0,0.0,0.0,0.0,1.0,0.0,1.0,0.0,0.0,0.0,0.0,0.0,0.0,0.0,0.0,0.0,1.0,0.0,0.0,0.0,0.0,0.0,0.0,0.0,0.0,0.0,0.0,0.0,0.0,0.0,0.0,0.0,0f1f8400,c1018d48,8bc1eb0c,000f1f80,00000000,8b5df48b,c8c1f905,f085148e,008b450c,008bca81,01a90000,088b04b9,f8000000,098bc1c1,e817a801,0f85e300,0facc214,f0010000,20040000,a810751b,0d83ff06,45f88b73,1f83ff06,00000006,1af6c101,07c745f0,02000000,8b45f889,45f8660f,8b45108b,058bcb8b,0000d3e0,75108078,8b4dfcc6,81582000,348b5514,108b088b,017599eb,5dc21400,cccccccc
1788306677.9708924,27512,7.006492321624085e-45,8.407790785948902e-45,1.401298464324817e-45,1.401298464324817e-45,1.0,0.0,0.0,0.0,0.0,0.0,0.0,1.0,0.0,0.0,0.0,0.0,0.0,0.0,0.0,0.0,0.0,0.0,0.0,0.0,1.0,0.0,1.0,0.0,0.0,0.0,0.0,0.0,0.0,0.0,0.0,0.0,1.0,0.0,0.0,0.0,0.0,0.0,0.0,0.0,0.0,0.0,0.0,0.0,0.0,0.0,0.0,0.0,0f1f8400,c1018d48,8bc1eb0c,000f1f80,00000000,8b5df48b,c8c1f905,f085148e,008b450c,008bca81,01a90000,088b04b9,f8000000,098bc1c1,e817a801,0f85e300,0facc214,f0010000,20040000,a810751b,0d83ff06,45f88b73,1f83ff06,00000006,1af6c101,07c745f0,02000000,8b45f889,45f8660f,8b45108b,058bcb8b,0000d3e0,75108078,8b4dfcc6,81582000,348b5514,108b088b,017599eb,5dc21400,cccccccc
1788306678.071498,27512,7.006492321624085e-45,8.407790785948902e-45,1.401298464324817e-45,1.401298464324817e-45,1.0,0.0,0.0,0.0,0.0,0.0,0.0,1.0,0.0,0.0,0.0,0.0,0.0,0.0,0.0,0.0,0.0,0.0,0.0,0.0,1.0,0.0,1.0,0.0,0.0,0.0,0.0,0.0,0.0,0.0,0.0,0.0,1.0,0.0,0.0,0.0,0.0,0.0,0.0,0.0,0.0,0.0,0.0,0.0,0.0,0.0,0.0,0.0,0f1f8400,c1018d48,8bc1eb0c,000f1f80,00000000,8b5df48b,c8c1f905,f085148e,008b450c,008bca81,01a90000,088b04b9,f8000000,098bc1c1,e817a801,0f85e300,0facc214,f0010000,20040000,a810751b,0d83ff06,45f88b73,1f83ff06,00000006,1af6c101,07c745f0,02000000,8b45f889,45f8660f,8b45108b,058bcb8b,0000d3e0,75108078,8b4dfcc6,81582000,348b5514,108b088b,017599eb,5dc21400,cccccccc
1788306678.1722414,27512,7.006492321624085e-45,8.407790785948902e-45,1.401298464324817e-45,1.401298464324817e-45,1.0,0.0,0.0,0.0,0.0,0.0,0.0,1.0,0.0,0.0,0.0,0.0,0.0,0.0,0.0,0.0,0.0,0.0,0.0,0.0,1.0,0.0,1.0,0.0,0.0,0.0,0.0,0.0,0.0,0.0,0.0,0.0,1.0,0.0,0.0,0.0,0.0,0.0,0.0,0.0,0.0,0.0,0.0,0.0,0.0,0.0,0.0,0.0,0f1f8400,c1018d48,8bc1eb0c,000f1f80,00000000,8b5df48b,c8c1f905,f085148e,008b450c,008bca81,01a90000,088b04b9,f8000000,098bc1c1,e817a801,0f85e300,0facc214,f0010000,20040000,a810751b,0d83ff06,45f88b73,1f83ff06,00000006,1af6c101,07c745f0,02000000,8b45f889,45f8660f,8b45108b,058bcb8b,0000d3e0,75108078,8b4dfcc6,81582000,348b5514,108b088b,017599eb,5dc21400,cccccccc
1788306678.2732177,27512,7.006492321624085e-45,8.407790785948902e-45,1.401298464324817e-45,1.401298464324817e-45,1.0,0.0,0.0,0.0,0.0,0.0,0.0,1.0,0.0,0.0,0.0,0.0,0.0,0.0,0.0,0.0,0.0,0.0,0.0,0.0,1.0,0.0,1.0,0.0,0.0,0.0,0.0,0.0,0.0,0.0,0.0,0.0,1.0,0.0,0.0,0.0,0.0,0.0,0.0,0.0,0.0,0.0,0.0,0.0,0.0,0.0,0.0,0.0,0f1f8400,c1018d48,8bc1eb0c,000f1f80,00000000,8b5df48b,c8c1f905,f085148e,008b450c,008bca81,01a90000,088b04b9,f8000000,098bc1c1,e817a801,0f85e300,0facc214,f0010000,20040000,a810751b,0d83ff06,45f88b73,1f83ff06,00000006,1af6c101,07c745f0,02000000,8b45f889,45f8660f,8b45108b,058bcb8b,0000d3e0,75108078,8b4dfcc6,81582000,348b5514,108b088b,017599eb,5dc21400,cccccccc
1788306678.3738015,27512,7.006492321624085e-45,8.407790785948902e-45,1.401298464324817e-45,1.401298464324817e-45,1.0,0.0,0.0,0.0,0.0,0.0,0.0,1.0,0.0,0.0,0.0,0.0,0.0,0.0,0.0,0.0,0.0,0.0,0.0,0.0,1.0,0.0,1.0,0.0,0.0,0.0,0.0,0.0,0.0,0.0,0.0,0.0,1.0,0.0,0.0,0.0,0.0,0.0,0.0,0.0,0.0,0.0,0.0,0.0,0.0,0.0,0.0,0.0,0f1f8400,c1018d48,8bc1eb0c,000f1f80,00000000,8b5df48b,c8c1f905,f085148e,008b450c,008bca81,01a90000,088b04b9,f8000000,098bc1c1,e817a801,0f85e300,0facc214,f0010000,20040000,a810751b,0d83ff06,45f88b73,1f83ff06,00000006,1af6c101,07c745f0,02000000,8b45f889,45f8660f,8b45108b,058bcb8b,0000d3e0,75108078,8b4dfcc6,81582000,348b5514,108b088b,017599eb,5dc21400,cccccccc
1788306678.4741738,27512,7.006492321624085e-45,8.407790785948902e-45,1.401298464324817e-45,1.401298464324817e-45,1.0,0.0,0.0,0.0,0.0,0.0,0.0,1.0,0.0,0.0,0.0,0.0,0.0,0.0,0.0,0.0,0.0,0.0,0.0,0.0,1.0,0.0,1.0,0.0,0.0,0.0,0.0,0.0,0.0,0.0,0.0,0.0,1.0,0.0,0.0,0.0,0.0,0.0,0.0,0.0,0.0,0.0,0.0,0.0,0.0,0.0,0.0,0.0,0f1f8400,c1018d48,8bc1eb0c,000f1f80,00000000,8b5df48b,c8c1f905,f085148e,008b450c,008bca81,01a90000,088b04b9,f8000000,098bc1c1,e817a801,0f85e300,0facc214,f0010000,20040000,a810751b,0d83ff06,45f88b73,1f83ff06,00000006,1af6c101,07c745f0,02000000,8b45f889,45f8660f,8b45108b,058bcb8b,0000d3e0,75108078,8b4dfcc6,81582000,348b5514,108b088b,017599eb,5dc21400,cccccccc
1788306678.5747883,27512,7.006492321624085e-45,8.407790785948902e-45,1.401298464324817e-45,1.401298464324817e-45,1.0,0.0,0.0,0.0,0.0,0.0,0.0,1.0,0.0,0.0,0.0,0.0,0.0,0.0,0.0,0.0,0.0,0.0,0.0,0.0,1.0,0.0,1.0,0.0,0.0,0.0,0.0,0.0,0.0,0.0,0.0,0.0,1.0,0.0,0.0,0.0,0.0,0.0,0.0,0.0,0.0,0.0,0.0,0.0,0.0,0.0,0.0,0.0,0f1f8400,c1018d48,8bc1eb0c,000f1f80,00000000,8b5df48b,c8c1f905,f085148e,008b450c,008bca81,01a90000,088b04b9,f8000000,098bc1c1,e817a801,0f85e300,0facc214,f0010000,20040000,a810751b,0d83ff06,45f88b73,1f83ff06,00000006,1af6c101,07c745f0,02000000,8b45f889,45f8660f,8b45108b,058bcb8b,0000d3e0,75108078,8b4dfcc6,81582000,348b5514,108b088b,017599eb,5dc21400,cccccccc
1788306678.6755533,27512,7.006492321624085e-45,8.407790785948902e-45,1.401298464324817e-45,1.401298464324817e-45,1.0,0.0,0.0,0.0,0.0,0.0,0.0,1.0,0.0,0.0,0.0,0.0,0.0,0.0,0.0,0.0,0.0,0.0,0.0,0.0,1.0,0.0,1.0,0.0,0.0,0.0,0.0,0.0,0.0,0.0,0.0,0.0,1.0,0.0,0.0,0.0,0.0,0.0,0.0,0.0,0.0,0.0,0.0,0.0,0.0,0.0,0.0,0.0,0f1f8400,c1018d48,8bc1eb0c,000f1f80,00000000,8b5df48b,c8c1f905,f085148e,008b450c,008bca81,01a90000,088b04b9,f8000000,098bc1c1,e817a801,0f85e300,0facc214,f0010000,20040000,a810751b,0d83ff06,45f88b73,1f83ff06,00000006,1af6c101,07c745f0,02000000,8b45f889,45f8660f,8b45108b,058bcb8b,0000d3e0,75108078,8b4dfcc6,81582000,348b5514,108b088b,017599eb,5dc21400,cccccccc
1788306678.77616,27512,7.006492321624085e-45,8.407790785948902e-45,1.401298464324817e-45,1.401298464324817e-45,1.0,0.0,0.0,0.0,0.0,0.0,0.0,1.0,0.0,0.0,0.0,0.0,0.0,0.0,0.0,0.0,0.0,0.0,0.0,0.0,1.0,0.0,1.0,0.0,0.0,0.0,0.0,0.0,0.0,0.0,0.0,0.0,1.0,0.0,0.0,0.0,0.0,0.0,0.0,0.0,0.0,0.0,0.0,0.0,0.0,0.0,0.0,0.0,0f1f8400,c1018d48,8bc1eb0c,000f1f80,00000000,8b5df48b,c8c1f905,f085148e,008b450c,008bca81,01a90000,088b04b9,f8000000,098bc1c1,e817a801,0f85e300,0facc214,f0010000,20040000,a810751b,0d83ff06,45f88b73,1f83ff06,00000006,1af6c101,07c745f0,02000000,8b45f889,45f8660f,8b45108b,058bcb8b,0000d3e0,75108078,8b4dfcc6,81582000,348b5514,108b088b,017599eb,5dc21400,cccccccc
1788306678.8766737,27512,7.006492321624085e-45,8.407790785948902e-45,1.401298464324817e-45,1.401298464324817e-45,1.0,0.0,0.0,0.0,0.0,0.0,0.0,1.0,0.0,0.0,0.0,0.0,0.0,0.0,0.0,0.0,0.0,0.0,0.0,0.0,1.0,0.0,1.0,0.0,0.0,0.0,0.0,0.0,0.0,0.0,0.0,0.0,1.0,0.0,0.0,0.0,0.0,0.0,0.0,0.0,0.0,0.0,0.0,0.0,0.0,0.0,0.0,0.0,0f1f8400,c1018d48,8bc1eb0c,000f1f80,00000000,8b5df48b,c8c1f905,f085148e,008b450c,008bca81,01a90000,088b04b9,f8000000,098bc1c1,e817a801,0f85e300,0facc214,f0010000,20040000,a810751b,0d83ff06,45f88b73,1f83ff06,00000006,1af6c101,07c745f0,02000000,8b45f889,45f8660f,8b45108b,058bcb8b,0000d3e0,75108078,8b4dfcc6,81582000,348b5514,108b088b,017599eb,5dc21400,cccccccc
1788306678.9769268,27512,7.006492321624085e-45,8.407790785948902e-45,1.401298464324817e-45,1.401298464324817e-45,1.0,0.0,0.0,0.0,0.0,0.0,0.0,1.0,0.0,0.0,0.0,0.0,0.0,0.0,0.0,0.0,0.0,0.0,0.0,0.0,1.0,0.0,1.0,0.0,0.0,0.0,0.0,0.0,0.0,0.0,0.0,0.0,1.0,0.0,0.0,0.0,0.0,0.0,0.0,0.0,0.0,0.0,0.0,0.0,0.0,0.0,0.0,0.0,0f1f8400,c1018d48,8bc1eb0c,000f1f80,00000000,8b5df48b,c8c1f905,f085148e,008b450c,008bca81,01a90000,088b04b9,f8000000,098bc1c1,e817a801,0f85e300,0facc214,f0010000,20040000,a810751b,0d83ff06,45f88b73,1f83ff06,00000006,1af6c101,07c745f0,02000000,8b45f889,45f8660f,8b45108b,058bcb8b,0000d3e0,75108078,8b4dfcc6,81582000,348b5514,108b088b,017599eb,5dc21400,cccccccc
1788306679.0776749,27512,7.006492321624085e-45,8.407790785948902e-45,1.401298464324817e-45,1.401298464324817e-45,1.0,0.0,0.0,0.0,0.0,0.0,0.0,1.0,0.0,0.0,0.0,0.0,0.0,0.0,0.0,0.0,0.0,0.0,0.0,0.0,1.0,0.0,1.0,0.0,0.0,0.0,0.0,0.0,0.0,0.0,0.0,0.0,1.0,0.0,0.0,0.0,0.0,0.0,0.0,0.0,0.0,0.0,0.0,0.0,0.0,0.0,0.0,0.0,0f1f8400,c1018d48,8bc1eb0c,000f1f80,00000000,8b5df48b,c8c1f905,f085148e,008b450c,008bca81,01a90000,088b04b9,f8000000,098bc1c1,e817a801,0f85e300,0facc214,f0010000,20040000,a810751b,0d83ff06,45f88b73,1f83ff06,00000006,1af6c101,07c745f0,02000000,8b45f889,45f8660f,8b45108b,058bcb8b,0000d3e0,75108078,8b4dfcc6,81582000,348b5514,108b088b,017599eb,5dc21400,cccccccc
1788306679.1823938,27512,7.006492321624085e-45,8.407790785948902e-45,1.401298464324817e-45,1.401298464324817e-45,1.0,0.0,0.0,0.0,0.0,0.0,0.0,1.0,0.0,0.0,0.0,0.0,0.0,0.0,0.0,0.0,0.0,0.0,0.0,0.0,1.0,0.0,1.0,0.0,0.0,0.0,0.0,0.0,0.0,0.0,0.0,0.0,1.0,0.0,0.0,0.0,0.0,0.0,0.0,0.0,0.0,0.0,0.0,0.0,0.0,0.0,0.0,0.0,0f1f8400,c1018d48,8bc1eb0c,000f1f80,00000000,8b5df48b,c8c1f905,f085148e,008b450c,008bca81,01a90000,088b04b9,f8000000,098bc1c1,e817a801,0f85e300,0facc214,f0010000,20040000,a810751b,0d83ff06,45f88b73,1f83ff06,00000006,1af6c101,07c745f0,02000000,8b45f889,45f8660f,8b45108b,058bcb8b,0000d3e0,75108078,8b4dfcc6,81582000,348b5514,108b088b,017599eb,5dc21400,cccccccc
1788306679.28368,27512,7.006492321624085e-45,8.407790785948902e-45,1.401298464324817e-45,1.401298464324817e-45,1.0,0.0,0.0,0.0,0.0,0.0,0.0,1.0,0.0,0.0,0.0,0.0,0.0,0.0,0.0,0.0,0.0,0.0,0.0,0.0,1.0,0.0,1.0,0.0,0.0,0.0,0.0,0.0,0.0,0.0,0.0,0.0,1.0,0.0,0.0,0.0,0.0,0.0,0.0,0.0,0.0,0.0,0.0,0.0,0.0,0.0,0.0,0.0,0f1f8400,c1018d48,8bc1eb0c,000f1f80,00000000,8b5df48b,c8c1f905,f085148e,008b450c,008bca81,01a90000,088b04b9,f8000000,098bc1c1,e817a801,0f85e300,0facc214,f0010000,20040000,a810751b,0d83ff06,45f88b73,1f83ff06,00000006,1af6c101,07c745f0,02000000,8b45f889,45f8660f,8b45108b,058bcb8b,0000d3e0,75108078,8b4dfcc6,81582000,348b5514,108b088b,017599eb,5dc21400,cccccccc
1788306679.3844395,27512,7.006492321624085e-45,8.407790785948902e-45,1.401298464324817e-45,1.401298464324817e-45,1.0,0.0,0.0,0.0,0.0,0.0,0.0,1.0,0.0,0.0,0.0,0.0,0.0,0.0,0.0,0.0,0.0,0.0,0.0,0.0,1.0,0.0,1.0,0.0,0.0,0.0,0.0,0.0,0.0,0.0,0.0,0.0,1.0,0.0,0.0,0.0,0.0,0.0,0.0,0.0,0.0,0.0,0.0,0.0,0.0,0.0,0.0,0.0,0f1f8400,c1018d48,8bc1eb0c,000f1f80,00000000,8b5df48b,c8c1f905,f085148e,008b450c,008bca81,01a90000,088b04b9,f8000000,098bc1c1,e817a801,0f85e300,0facc214,f0010000,20040000,a810751b,0d83ff06,45f88b73,1f83ff06,00000006,1af6c101,07c745f0,02000000,8b45f889,45f8660f,8b45108b,058bcb8b,0000d3e0,75108078,8b4dfcc6,81582000,348b5514,108b088b,017599eb,5dc21400,cccccccc
1788306679.4849932,27512,7.006492321624085e-45,8.407790785948902e-45,1.401298464324817e-45,1.401298464324817e-45,1.0,0.0,0.0,0.0,0.0,0.0,0.0,1.0,0.0,0.0,0.0,0.0,0.0,0.0,0.0,0.0,0.0,0.0,0.0,0.0,1.0,0.0,1.0,0.0,0.0,0.0,0.0,0.0,0.0,0.0,0.0,0.0,1.0,0.0,0.0,0.0,0.0,0.0,0.0,0.0,0.0,0.0,0.0,0.0,0.0,0.0,0.0,0.0,0f1f8400,c1018d48,8bc1eb0c,000f1f80,00000000,8b5df48b,c8c1f905,f085148e,008b450c,008bca81,01a90000,088b04b9,f8000000,098bc1c1,e817a801,0f85e300,0facc214,f0010000,20040000,a810751b,0d83ff06,45f88b73,1f83ff06,00000006,1af6c101,07c745f0,02000000,8b45f889,45f8660f,8b45108b,058bcb8b,0000d3e0,75108078,8b4dfcc6,81582000,348b5514,108b088b,017599eb,5dc21400,cccccccc
1788306679.5857298,27512,7.006492321624085e-45,8.407790785948902e-45,1.401298464324817e-45,1.401298464324817e-45,1.0,0.0,0.0,0.0,0.0,0.0,0.0,1.0,0.0,0.0,0.0,0.0,0.0,0.0,0.0,0.0,0.0,0.0,0.0,0.0,1.0,0.0,1.0,0.0,0.0,0.0,0.0,0.0,0.0,0.0,0.0,0.0,1.0,0.0,0.0,0.0,0.0,0.0,0.0,0.0,0.0,0.0,0.0,0.0,0.0,0.0,0.0,0.0,0f1f8400,c1018d48,8bc1eb0c,000f1f80,00000000,8b5df48b,c8c1f905,f085148e,008b450c,008bca81,01a90000,088b04b9,f8000000,098bc1c1,e817a801,0f85e300,0facc214,f0010000,20040000,a810751b,0d83ff06,45f88b73,1f83ff06,00000006,1af6c101,07c745f0,02000000,8b45f889,45f8660f,8b45108b,058bcb8b,0000d3e0,75108078,8b4dfcc6,81582000,348b5514,108b088b,017599eb,5dc21400,cccccccc
1788306679.6863778,27512,7.006492321624085e-45,8.407790785948902e-45,1.401298464324817e-45,1.401298464324817e-45,1.0,0.0,0.0,0.0,0.0,0.0,0.0,1.0,0.0,0.0,0.0,0.0,0.0,0.0,0.0,0.0,0.0,0.0,0.0,0.0,1.0,0.0,1.0,0.0,0.0,0.0,0.0,0.0,0.0,0.0,0.0,0.0,1.0,0.0,0.0,0.0,0.0,0.0,0.0,0.0,0.0,0.0,0.0,0.0,0.0,0.0,0.0,0.0,0f1f8400,c1018d48,8bc1eb0c,000f1f80,00000000,8b5df48b,c8c1f905,f085148e,008b450c,008bca81,01a90000,088b04b9,f8000000,098bc1c1,e817a801,0f85e300,0facc214,f0010000,20040000,a810751b,0d83ff06,45f88b73,1f83ff06,00000006,1af6c101,07c745f0,02000000,8b45f889,45f8660f,8b45108b,058bcb8b,0000d3e0,75108078,8b4dfcc6,81582000,348b5514,108b088b,017599eb,5dc21400,cccccccc
1788306679.787888,27512,7.006492321624085e-45,8.407790785948902e-45,1.401298464324817e-45,1.401298464324817e-45,1.0,0.0,0.0,0.0,0.0,0.0,0.0,1.0,0.0,0.0,0.0,0.0,0.0,0.0,0.0,0.0,0.0,0.0,0.0,0.0,1.0,0.0,1.0,0.0,0.0,0.0,0.0,0.0,0.0,0.0,0.0,0.0,1.0,0.0,0.0,0.0,0.0,0.0,0.0,0.0,0.0,0.0,0.0,0.0,0.0,0.0,0.0,0.0,0f1f8400,c1018d48,8bc1eb0c,000f1f80,00000000,8b5df48b,c8c1f905,f085148e,008b450c,008bca81,01a90000,088b04b9,f8000000,098bc1c1,e817a801,0f85e300,0facc214,f0010000,20040000,a810751b,0d83ff06,45f88b73,1f83ff06,00000006,1af6c101,07c745f0,02000000,8b45f889,45f8660f,8b45108b,058bcb8b,0000d3e0,75108078,8b4dfcc6,81582000,348b5514,108b088b,017599eb,5dc21400,cccccccc
1788306679.8889196,27512,7.006492321624085e-45,8.407790785948902e-45,1.401298464324817e-45,1.401298464324817e-45,1.0,0.0,0.0,0.0,0.0,0.0,0.0,1.0,0.0,0.0,0.0,0.0,0.0,0.0,0.0,0.0,0.0,0.0,0.0,0.0,1.0,0.0,1.0,0.0,0.0,0.0,0.0,0.0,0.0,0.0,0.0,0.0,1.0,0.0,0.0,0.0,0.0,0.0,0.0,0.0,0.0,0.0,0.0,0.0,0.0,0.0,0.0,0.0,0f1f8400,c1018d48,8bc1eb0c,000f1f80,00000000,8b5df48b,c8c1f905,f085148e,008b450c,008bca81,01a90000,088b04b9,f8000000,098bc1c1,e817a801,0f85e300,0facc214,f0010000,20040000,a810751b,0d83ff06,45f88b73,1f83ff06,00000006,1af6c101,07c745f0,02000000,8b45f889,45f8660f,8b45108b,058bcb8b,0000d3e0,75108078,8b4dfcc6,81582000,348b5514,108b088b,017599eb,5dc21400,cccccccc
1788306679.9896336,27512,7.006492321624085e-45,8.407790785948902e-45,1.401298464324817e-45,1.401298464324817e-45,1.0,0.0,0.0,0.0,0.0,0.0,0.0,1.0,0.0,0.0,0.0,0.0,0.0,0.0,0.0,0.0,0.0,0.0,0.0,0.0,1.0,0.0,1.0,0.0,0.0,0.0,0.0,0.0,0.0,0.0,0.0,0.0,1.0,0.0,0.0,0.0,0.0,0.0,0.0,0.0,0.0,0.0,0.0,0.0,0.0,0.0,0.0,0.0,0f1f8400,c1018d48,8bc1eb0c,000f1f80,00000000,8b5df48b,c8c1f905,f085148e,008b450c,008bca81,01a90000,088b04b9,f8000000,098bc1c1,e817a801,0f85e300,0facc214,f0010000,20040000,a810751b,0d83ff06,45f88b73,1f83ff06,00000006,1af6c101,07c745f0,02000000,8b45f889,45f8660f,8b45108b,058bcb8b,0000d3e0,75108078,8b4dfcc6,81582000,348b5514,108b088b,017599eb,5dc21400,cccccccc
1788306680.090274,27512,7.006492321624085e-45,8.407790785948902e-45,1.401298464324817e-45,1.401298464324817e-45,1.0,0.0,0.0,0.0,0.0,0.0,0.0,1.0,0.0,0.0,0.0,0.0,0.0,0.0,0.0,0.0,0.0,0.0,0.0,0.0,1.0,0.0,1.0,0.0,0.0,0.0,0.0,0.0,0.0,0.0,0.0,0.0,1.0,0.0,0.0,0.0,0.0,0.0,0.0,0.0,0.0,0.0,0.0,0.0,0.0,0.0,0.0,0.0,0f1f8400,c1018d48,8bc1eb0c,000f1f80,00000000,8b5df48b,c8c1f905,f085148e,008b450c,008bca81,01a90000,088b04b9,f8000000,098bc1c1,e817a801,0f85e300,0facc214,f0010000,20040000,a810751b,0d83ff06,45f88b73,1f83ff06,00000006,1af6c101,07c745f0,02000000,8b45f889,45f8660f,8b45108b,058bcb8b,0000d3e0,75108078,8b4dfcc6,81582000,348b5514,108b088b,017599eb,5dc21400,cccccccc
1788306680.19093,27512,7.006492321624085e-45,8.407790785948902e-45,1.401298464324817e-45,1.401298464324817e-45,1.0,0.0,0.0,0.0,0.0,0.0,0.0,1.0,0.0,0.0,0.0,0.0,0.0,0.0,0.0,0.0,0.0,0.0,0.0,0.0,1.0,0.0,1.0,0.0,0.0,0.0,0.0,0.0,0.0,0.0,0.0,0.0,1.0,0.0,0.0,0.0,0.0,0.0,0.0,0.0,0.0,0.0,0.0,0.0,0.0,0.0,0.0,0.0,0f1f8400,c1018d48,8bc1eb0c,000f1f80,00000000,8b5df48b,c8c1f905,f085148e,008b450c,008bca81,01a90000,088b04b9,f8000000,098bc1c1,e817a801,0f85e300,0facc214,f0010000,20040000,a810751b,0d83ff06,45f88b73,1f83ff06,00000006,1af6c101,07c745f0,02000000,8b45f889,45f8660f,8b45108b,058bcb8b,0000d3e0,75108078,8b4dfcc6,81582000,348b5514,108b088b,017599eb,5dc21400,cccccccc
1788306680.2922657,27512,7.006492321624085e-45,8.407790785948902e-45,1.401298464324817e-45,1.401298464324817e-45,1.0,0.0,0.0,0.0,0.0,0.0,0.0,1.0,0.0,0.0,0.0,0.0,0.0,0.0,0.0,0.0,0.0,0.0,0.0,0.0,1.0,0.0,1.0,0.0,0.0,0.0,0.0,0.0,0.0,0.0,0.0,0.0,1.0,0.0,0.0,0.0,0.0,0.0,0.0,0.0,0.0,0.0,0.0,0.0,0.0,0.0,0.0,0.0,0f1f8400,c1018d48,8bc1eb0c,000f1f80,00000000,8b5df48b,c8c1f905,f085148e,008b450c,008bca81,01a90000,088b04b9,f8000000,098bc1c1,e817a801,0f85e300,0facc214,f0010000,20040000,a810751b,0d83ff06,45f88b73,1f83ff06,00000006,1af6c101,07c745f0,02000000,8b45f889,45f8660f,8b45108b,058bcb8b,0000d3e0,75108078,8b4dfcc6,81582000,348b5514,108b088b,017599eb,5dc21400,cccccccc
1788306680.3939369,27512,7.006492321624085e-45,8.407790785948902e-45,1.401298464324817e-45,1.401298464324817e-45,1.0,0.0,0.0,0.0,0.0,0.0,0.0,1.0,0.0,0.0,0.0,0.0,0.0,0.0,0.0,0.0,0.0,0.0,0.0,0.0,1.0,0.0,1.0,0.0,0.0,0.0,0.0,0.0,0.0,0.0,0.0,0.0,1.0,0.0,0.0,0.0,0.0,0.0,0.0,0.0,0.0,0.0,0.0,0.0,0.0,0.0,0.0,0.0,0f1f8400,c1018d48,8bc1eb0c,000f1f80,00000000,8b5df48b,c8c1f905,f085148e,008b450c,008bca81,01a90000,088b04b9,f8000000,098bc1c1,e817a801,0f85e300,0facc214,f0010000,20040000,a810751b,0d83ff06,45f88b73,1f83ff06,00000006,1af6c101,07c745f0,02000000,8b45f889,45f8660f,8b45108b,058bcb8b,0000d3e0,75108078,8b4dfcc6,81582000,348b5514,108b088b,017599eb,5dc21400,cccccccc
1788306680.4950085,27512,7.006492321624085e-45,8.407790785948902e-45,1.401298464324817e-45,1.401298464324817e-45,1.0,0.0,0.0,0.0,0.0,0.0,0.0,1.0,0.0,0.0,0.0,0.0,0.0,0.0,0.0,0.0,0.0,0.0,0.0,0.0,1.0,0.0,1.0,0.0,0.0,0.0,0.0,0.0,0.0,0.0,0.0,0.0,1.0,0.0,0.0,0.0,0.0,0.0,0.0,0.0,0.0,0.0,0.0,0.0,0.0,0.0,0.0,0.0,0f1f8400,c1018d48,8bc1eb0c,000f1f80,00000000,8b5df48b,c8c1f905,f085148e,008b450c,008bca81,01a90000,088b04b9,f8000000,098bc1c1,e817a801,0f85e300,0facc214,f0010000,20040000,a810751b,0d83ff06,45f88b73,1f83ff06,00000006,1af6c101,07c745f0,02000000,8b45f889,45f8660f,8b45108b,058bcb8b,0000d3e0,75108078,8b4dfcc6,81582000,348b5514,108b088b,017599eb,5dc21400,cccccccc
1788306680.5956085,27512,7.006492321624085e-45,8.407790785948902e-45,1.401298464324817e-45,1.401298464324817e-45,1.0,0.0,0.0,0.0,0.0,0.0,0.0,1.0,0.0,0.0,0.0,0.0,0.0,0.0,0.0,0.0,0.0,0.0,0.0,0.0,1.0,0.0,1.0,0.0,0.0,0.0,0.0,0.0,0.0,0.0,0.0,0.0,1.0,0.0,0.0,0.0,0.0,0.0,0.0,0.0,0.0,0.0,0.0,0.0,0.0,0.0,0.0,0.0,0f1f8400,c1018d48,8bc1eb0c,000f1f80,00000000,8b5df48b,c8c1f905,f085148e,008b450c,008bca81,01a90000,088b04b9,f8000000,098bc1c1,e817a801,0f85e300,0facc214,f0010000,20040000,a810751b,0d83ff06,45f88b73,1f83ff06,00000006,1af6c101,07c745f0,02000000,8b45f889,45f8660f,8b45108b,058bcb8b,0000d3e0,75108078,8b4dfcc6,81582000,348b5514,108b088b,017599eb,5dc21400,cccccccc
1788306680.6962895,27512,7.006492321624085e-45,8.407790785948902e-45,1.401298464324817e-45,1.401298464324817e-45,1.0,0.0,0.0,0.0,0.0,0.0,0.0,1.0,0.0,0.0,0.0,0.0,0.0,0.0,0.0,0.0,0.0,0.0,0.0,0.0,1.0,0.0,1.0,0.0,0.0,0.0,0.0,0.0,0.0,0.0,0.0,0.0,1.0,0.0,0.0,0.0,0.0,0.0,0.0,0.0,0.0,0.0,0.0,0.0,0.0,0.0,0.0,0.0,0f1f8400,c1018d48,8bc1eb0c,000f1f80,00000000,8b5df48b,c8c1f905,f085148e,008b450c,008bca81,01a90000,088b04b9,f8000000,098bc1c1,e817a801,0f85e300,0facc214,f0010000,20040000,a810751b,0d83ff06,45f88b73,1f83ff06,00000006,1af6c101,07c745f0,02000000,8b45f889,45f8660f,8b45108b,058bcb8b,0000d3e0,75108078,8b4dfcc6,81582000,348b5514,108b088b,017599eb,5dc21400,cccccccc
1788306680.796845,27512,7.006492321624085e-45,8.407790785948902e-45,1.401298464324817e-45,1.401298464324817e-45,1.0,0.0,0.0,0.0,0.0,0.0,0.0,1.0,0.0,0.0,0.0,0.0,0.0,0.0,0.0,0.0,0.0,0.0,0.0,0.0,1.0,0.0,1.0,0.0,0.0,0.0,0.0,0.0,0.0,0.0,0.0,0.0,1.0,0.0,0.0,0.0,0.0,0.0,0.0,0.0,0.0,0.0,0.0,0.0,0.0,0.0,0.0,0.0,0f1f8400,c1018d48,8bc1eb0c,000f1f80,00000000,8b5df48b,c8c1f905,f085148e,008b450c,008bca81,01a90000,088b04b9,f8000000,098bc1c1,e817a801,0f85e300,0facc214,f0010000,20040000,a810751b,0d83ff06,45f88b73,1f83ff06,00000006,1af6c101,07c745f0,02000000,8b45f889,45f8660f,8b45108b,058bcb8b,0000d3e0,75108078,8b4dfcc6,81582000,348b5514,108b088b,017599eb,5dc21400,cccccccc
1788306680.8975892,27512,7.006492321624085e-45,8.407790785948902e-45,1.401298464324817e-45,1.401298464324817e-45,1.0,0.0,0.0,0.0,0.0,0.0,0.0,1.0,0.0,0.0,0.0,0.0,0.0,0.0,0.0,0.0,0.0,0.0,0.0,0.0,1.0,0.0,1.0,0.0,0.0,0.0,0.0,0.0,0.0,0.0,0.0,0.0,1.0,0.0,0.0,0.0,0.0,0.0,0.0,0.0,0.0,0.0,0.0,0.0,0.0,0.0,0.0,0.0,0f1f8400,c1018d48,8bc1eb0c,000f1f80,00000000,8b5df48b,c8c1f905,f085148e,008b450c,008bca81,01a90000,088b04b9,f8000000,098bc1c1,e817a801,0f85e300,0facc214,f0010000,20040000,a810751b,0d83ff06,45f88b73,1f83ff06,00000006,1af6c101,07c745f0,02000000,8b45f889,45f8660f,8b45108b,058bcb8b,0000d3e0,75108078,8b4dfcc6,81582000,348b5514,108b088b,017599eb,5dc21400,cccccccc
1788306680.9980407,27512,7.006492321624085e-45,8.407790785948902e-45,1.401298464324817e-45,1.401298464324817e-45,1.0,0.0,0.0,0.0,0.0,0.0,0.0,1.0,0.0,0.0,0.0,0.0,0.0,0.0,0.0,0.0,0.0,0.0,0.0,0.0,1.0,0.0,1.0,0.0,0.0,0.0,0.0,0.0,0.0,0.0,0.0,0.0,1.0,0.0,0.0,0.0,0.0,0.0,0.0,0.0,0.0,0.0,0.0,0.0,0.0,0.0,0.0,0.0,0f1f8400,c1018d48,8bc1eb0c,000f1f80,00000000,8b5df48b,c8c1f905,f085148e,008b450c,008bca81,01a90000,088b04b9,f8000000,098bc1c1,e817a801,0f85e300,0facc214,f0010000,20040000,a810751b,0d83ff06,45f88b73,1f83ff06,00000006,1af6c101,07c745f0,02000000,8b45f889,45f8660f,8b45108b,058bcb8b,0000d3e0,75108078,8b4dfcc6,81582000,348b5514,108b088b,017599eb,5dc21400,cccccccc
1788306681.0986435,27512,7.006492321624085e-45,8.407790785948902e-45,1.401298464324817e-45,1.401298464324817e-45,1.0,0.0,0.0,0.0,0.0,0.0,0.0,1.0,0.0,0.0,0.0,0.0,0.0,0.0,0.0,0.0,0.0,0.0,0.0,0.0,1.0,0.0,1.0,0.0,0.0,0.0,0.0,0.0,0.0,0.0,0.0,0.0,1.0,0.0,0.0,0.0,0.0,0.0,0.0,0.0,0.0,0.0,0.0,0.0,0.0,0.0,0.0,0.0,0f1f8400,c1018d48,8bc1eb0c,000f1f80,00000000,8b5df48b,c8c1f905,f085148e,008b450c,008bca81,01a90000,088b04b9,f8000000,098bc1c1,e817a801,0f85e300,0facc214,f0010000,20040000,a810751b,0d83ff06,45f88b73,1f83ff06,00000006,1af6c101,07c745f0,02000000,8b45f889,45f8660f,8b45108b,058bcb8b,0000d3e0,75108078,8b4dfcc6,81582000,348b5514,108b088b,017599eb,5dc21400,cccccccc
1788306681.1994388,27512,7.006492321624085e-45,8.407790785948902e-45,1.401298464324817e-45,1.401298464324817e-45,1.0,0.0,0.0,0.0,0.0,0.0,0.0,1.0,0.0,0.0,0.0,0.0,0.0,0.0,0.0,0.0,0.0,0.0,0.0,0.0,1.0,0.0,1.0,0.0,0.0,0.0,0.0,0.0,0.0,0.0,0.0,0.0,1.0,0.0,0.0,0.0,0.0,0.0,0.0,0.0,0.0,0.0,0.0,0.0,0.0,0.0,0.0,0.0,0f1f8400,c1018d48,8bc1eb0c,000f1f80,00000000,8b5df48b,c8c1f905,f085148e,008b450c,008bca81,01a90000,088b04b9,f8000000,098bc1c1,e817a801,0f85e300,0facc214,f0010000,20040000,a810751b,0d83ff06,45f88b73,1f83ff06,00000006,1af6c101,07c745f0,02000000,8b45f889,45f8660f,8b45108b,058bcb8b,0000d3e0,75108078,8b4dfcc6,81582000,348b5514,108b088b,017599eb,5dc21400,cccccccc
1788306681.3004947,27512,7.006492321624085e-45,8.407790785948902e-45,1.401298464324817e-45,1.401298464324817e-45,1.0,0.0,0.0,0.0,0.0,0.0,0.0,1.0,0.0,0.0,0.0,0.0,0.0,0.0,0.0,0.0,0.0,0.0,0.0,0.0,1.0,0.0,1.0,0.0,0.0,0.0,0.0,0.0,0.0,0.0,0.0,0.0,1.0,0.0,0.0,0.0,0.0,0.0,0.0,0.0,0.0,0.0,0.0,0.0,0.0,0.0,0.0,0.0,0f1f8400,c1018d48,8bc1eb0c,000f1f80,00000000,8b5df48b,c8c1f905,f085148e,008b450c,008bca81,01a90000,088b04b9,f8000000,098bc1c1,e817a801,0f85e300,0facc214,f0010000,20040000,a810751b,0d83ff06,45f88b73,1f83ff06,00000006,1af6c101,07c745f0,02000000,8b45f889,45f8660f,8b45108b,058bcb8b,0000d3e0,75108078,8b4dfcc6,81582000,348b5514,108b088b,017599eb,5dc21400,cccccccc
1788306681.4010499,27512,7.006492321624085e-45,8.407790785948902e-45,1.401298464324817e-45,1.401298464324817e-45,1.0,0.0,0.0,0.0,0.0,0.0,0.0,1.0,0.0,0.0,0.0,0.0,0.0,0.0,0.0,0.0,0.0,0.0,0.0,0.0,1.0,0.0,1.0,0.0,0.0,0.0,0.0,0.0,0.0,0.0,0.0,0.0,1.0,0.0,0.0,0.0,0.0,0.0,0.0,0.0,0.0,0.0,0.0,0.0,0.0,0.0,0.0,0.0,0f1f8400,c1018d48,8bc1eb0c,000f1f80,00000000,8b5df48b,c8c1f905,f085148e,008b450c,008bca81,01a90000,088b04b9,f8000000,098bc1c1,e817a801,0f85e300,0facc214,f0010000,20040000,a810751b,0d83ff06,45f88b73,1f83ff06,00000006,1af6c101,07c745f0,02000000,8b45f889,45f8660f,8b45108b,058bcb8b,0000d3e0,75108078,8b4dfcc6,81582000,348b5514,108b088b,017599eb,5dc21400,cccccccc
1788306681.501423,27512,7.006492321624085e-45,8.407790785948902e-45,1.401298464324817e-45,1.401298464324817e-45,1.0,0.0,0.0,0.0,0.0,0.0,0.0,1.0,0.0,0.0,0.0,0.0,0.0,0.0,0.0,0.0,0.0,0.0,0.0,0.0,1.0,0.0,1.0,0.0,0.0,0.0,0.0,0.0,0.0,0.0,0.0,0.0,1.0,0.0,0.0,0.0,0.0,0.0,0.0,0.0,0.0,0.0,0.0,0.0,0.0,0.0,0.0,0.0,0f1f8400,c1018d48,8bc1eb0c,000f1f80,00000000,8b5df48b,c8c1f905,f085148e,008b450c,008bca81,01a90000,088b04b9,f8000000,098bc1c1,e817a801,0f85e300,0facc214,f0010000,20040000,a810751b,0d83ff06,45f88b73,1f83ff06,00000006,1af6c101,07c745f0,02000000,8b45f889,45f8660f,8b45108b,058bcb8b,0000d3e0,75108078,8b4dfcc6,81582000,348b5514,108b088b,017599eb,5dc21400,cccccccc
1788306681.602392,27512,7.006492321624085e-45,8.407790785948902e-45,1.401298464324817e-45,1.401298464324817e-45,1.0,0.0,0.0,0.0,0.0,0.0,0.0,1.0,0.0,0.0,0.0,0.0,0.0,0.0,0.0,0.0,0.0,0.0,0.0,0.0,1.0,0.0,1.0,0.0,0.0,0.0,0.0,0.0,0.0,0.0,0.0,0.0,1.0,0.0,0.0,0.0,0.0,0.0,0.0,0.0,0.0,0.0,0.0,0.0,0.0,0.0,0.0,0.0,0f1f8400,c1018d48,8bc1eb0c,000f1f80,00000000,8b5df48b,c8c1f905,f085148e,008b450c,008bca81,01a90000,088b04b9,f8000000,098bc1c1,e817a801,0f85e300,0facc214,f0010000,20040000,a810751b,0d83ff06,45f88b73,1f83ff06,00000006,1af6c101,07c745f0,02000000,8b45f889,45f8660f,8b45108b,058bcb8b,0000d3e0,75108078,8b4dfcc6,81582000,348b5514,108b088b,017599eb,5dc21400,cccccccc
1788306681.7036467,27512,7.006492321624085e-45,8.407790785948902e-45,1.401298464324817e-45,1.401298464324817e-45,1.0,0.0,0.0,0.0,0.0,0.0,0.0,1.0,0.0,0.0,0.0,0.0,0.0,0.0,0.0,0.0,0.0,0.0,0.0,0.0,1.0,0.0,1.0,0.0,0.0,0.0,0.0,0.0,0.0,0.0,0.0,0.0,1.0,0.0,0.0,0.0,0.0,0.0,0.0,0.0,0.0,0.0,0.0,0.0,0.0,0.0,0.0,0.0,0f1f8400,c1018d48,8bc1eb0c,000f1f80,00000000,8b5df48b,c8c1f905,f085148e,008b450c,008bca81,01a90000,088b04b9,f8000000,098bc1c1,e817a801,0f85e300,0facc214,f0010000,20040000,a810751b,0d83ff06,45f88b73,1f83ff06,00000006,1af6c101,07c745f0,02000000,8b45f889,45f8660f,8b45108b,058bcb8b,0000d3e0,75108078,8b4dfcc6,81582000,348b5514,108b088b,017599eb,5dc21400,cccccccc
1788306681.8048985,27512,7.006492321624085e-45,8.407790785948902e-45,1.401298464324817e-45,1.401298464324817e-45,1.0,0.0,0.0,0.0,0.0,0.0,0.0,1.0,0.0,0.0,0.0,0.0,0.0,0.0,0.0,0.0,0.0,0.0,0.0,0.0,1.0,0.0,1.0,0.0,0.0,0.0,0.0,0.0,0.0,0.0,0.0,0.0,1.0,0.0,0.0,0.0,0.0,0.0,0.0,0.0,0.0,0.0,0.0,0.0,0.0,0.0,0.0,0.0,0f1f8400,c1018d48,8bc1eb0c,000f1f80,00000000,8b5df48b,c8c1f905,f085148e,008b450c,008bca81,01a90000,088b04b9,f8000000,098bc1c1,e817a801,0f85e300,0facc214,f0010000,20040000,a810751b,0d83ff06,45f88b73,1f83ff06,00000006,1af6c101,07c745f0,02000000,8b45f889,45f8660f,8b45108b,058bcb8b,0000d3e0,75108078,8b4dfcc6,81582000,348b5514,108b088b,017599eb,5dc21400,cccccccc
1788306681.905397,27512,7.006492321624085e-45,8.407790785948902e-45,1.401298464324817e-45,1.401298464324817e-45,1.0,0.0,0.0,0.0,0.0,0.0,0.0,1.0,0.0,0.0,0.0,0.0,0.0,0.0,0.0,0.0,0.0,0.0,0.0,0.0,1.0,0.0,1.0,0.0,0.0,0.0,0.0,0.0,0.0,0.0,0.0,0.0,1.0,0.0,0.0,0.0,0.0,0.0,0.0,0.0,0.0,0.0,0.0,0.0,0.0,0.0,0.0,0.0,0f1f8400,c1018d48,8bc1eb0c,000f1f80,00000000,8b5df48b,c8c1f905,f085148e,008b450c,008bca81,01a90000,088b04b9,f8000000,098bc1c1,e817a801,0f85e300,0facc214,f0010000,20040000,a810751b,0d83ff06,45f88b73,1f83ff06,00000006,1af6c101,07c745f0,02000000,8b45f889,45f8660f,8b45108b,058bcb8b,0000d3e0,75108078,8b4dfcc6,81582000,348b5514,108b088b,017599eb,5dc21400,cccccccc
1788306682.0064495,27512,7.006492321624085e-45,8.407790785948902e-45,1.401298464324817e-45,1.401298464324817e-45,1.0,0.0,0.0,0.0,0.0,0.0,0.0,1.0,0.0,0.0,0.0,0.0,0.0,0.0,0.0,0.0,0.0,0.0,0.0,0.0,1.0,0.0,1.0,0.0,0.0,0.0,0.0,0.0,0.0,0.0,0.0,0.0,1.0,0.0,0.0,0.0,0.0,0.0,0.0,0.0,0.0,0.0,0.0,0.0,0.0,0.0,0.0,0.0,0f1f8400,c1018d48,8bc1eb0c,000f1f80,00000000,8b5df48b,c8c1f905,f085148e,008b450c,008bca81,01a90000,088b04b9,f8000000,098bc1c1,e817a801,0f85e300,0facc214,f0010000,20040000,a810751b,0d83ff06,45f88b73,1f83ff06,00000006,1af6c101,07c745f0,02000000,8b45f889,45f8660f,8b45108b,058bcb8b,0000d3e0,75108078,8b4dfcc6,81582000,348b5514,108b088b,017599eb,5dc21400,cccccccc
1788306682.1067462,27512,7.006492321624085e-45,8.407790785948902e-45,1.401298464324817e-45,1.401298464324817e-45,1.0,0.0,0.0,0.0,0.0,0.0,0.0,1.0,0.0,0.0,0.0,0.0,0.0,0.0,0.0,0.0,0.0,0.0,0.0,0.0,1.0,0.0,1.0,0.0,0.0,0.0,0.0,0.0,0.0,0.0,0.0,0.0,1.0,0.0,0.0,0.0,0.0,0.0,0.0,0.0,0.0,0.0,0.0,0.0,0.0,0.0,0.0,0.0,0f1f8400,c1018d48,8bc1eb0c,000f1f80,00000000,8b5df48b,c8c1f905,f085148e,008b450c,008bca81,01a90000,088b04b9,f8000000,098bc1c1,e817a801,0f85e300,0facc214,f0010000,20040000,a810751b,0d83ff06,45f88b73,1f83ff06,00000006,1af6c101,07c745f0,02000000,8b45f889,45f8660f,8b45108b,058bcb8b,0000d3e0,75108078,8b4dfcc6,81582000,348b5514,108b088b,017599eb,5dc21400,cccccccc
1788306682.2075272,27512,7.006492321624085e-45,8.407790785948902e-45,1.401298464324817e-45,1.401298464324817e-45,1.0,0.0,0.0,0.0,0.0,0.0,0.0,1.0,0.0,0.0,0.0,0.0,0.0,0.0,0.0,0.0,0.0,0.0,0.0,0.0,1.0,0.0,1.0,0.0,0.0,0.0,0.0,0.0,0.0,0.0,0.0,0.0,1.0,0.0,0.0,0.0,0.0,0.0,0.0,0.0,0.0,0.0,0.0,0.0,0.0,0.0,0.0,0.0,0f1f8400,c1018d48,8bc1eb0c,000f1f80,00000000,8b5df48b,c8c1f905,f085148e,008b450c,008bca81,01a90000,088b04b9,f8000000,098bc1c1,e817a801,0f85e300,0facc214,f0010000,20040000,a810751b,0d83ff06,45f88b73,1f83ff06,00000006,1af6c101,07c745f0,02000000,8b45f889,45f8660f,8b45108b,058bcb8b,0000d3e0,75108078,8b4dfcc6,81582000,348b5514,108b088b,017599eb,5dc21400,cccccccc
1788306682.3079054,27512,7.006492321624085e-45,8.407790785948902e-45,1.401298464324817e-45,1.401298464324817e-45,1.0,0.0,0.0,0.0,0.0,0.0,0.0,1.0,0.0,0.0,0.0,0.0,0.0,0.0,0.0,0.0,0.0,0.0,0.0,0.0,1.0,0.0,1.0,0.0,0.0,0.0,0.0,0.0,0.0,0.0,0.0,0.0,1.0,0.0,0.0,0.0,0.0,0.0,0.0,0.0,0.0,0.0,0.0,0.0,0.0,0.0,0.0,0.0,0f1f8400,c1018d48,8bc1eb0c,000f1f80,00000000,8b5df48b,c8c1f905,f085148e,008b450c,008bca81,01a90000,088b04b9,f8000000,098bc1c1,e817a801,0f85e300,0facc214,f0010000,20040000,a810751b,0d83ff06,45f88b73,1f83ff06,00000006,1af6c101,07c745f0,02000000,8b45f889,45f8660f,8b45108b,058bcb8b,0000d3e0,75108078,8b4dfcc6,81582000,348b5514,108b088b,017599eb,5dc21400,cccccccc
1788306682.4085927,27512,7.006492321624085e-45,8.407790785948902e-45,1.401298464324817e-45,1.401298464324817e-45,1.0,0.0,0.0,0.0,0.0,0.0,0.0,1.0,0.0,0.0,0.0,0.0,0.0,0.0,0.0,0.0,0.0,0.0,0.0,0.0,1.0,0.0,1.0,0.0,0.0,0.0,0.0,0.0,0.0,0.0,0.0,0.0,1.0,0.0,0.0,0.0,0.0,0.0,0.0,0.0,0.0,0.0,0.0,0.0,0.0,0.0,0.0,0.0,0f1f8400,c1018d48,8bc1eb0c,000f1f80,00000000,8b5df48b,c8c1f905,f085148e,008b450c,008bca81,01a90000,088b04b9,f8000000,098bc1c1,e817a801,0f85e300,0facc214,f0010000,20040000,a810751b,0d83ff06,45f88b73,1f83ff06,00000006,1af6c101,07c745f0,02000000,8b45f889,45f8660f,8b45108b,058bcb8b,0000d3e0,75108078,8b4dfcc6,81582000,348b5514,108b088b,017599eb,5dc21400,cccccccc
1788306682.5090044,27512,7.006492321624085e-45,8.407790785948902e-45,1.401298464324817e-45,1.401298464324817e-45,1.0,0.0,0.0,0.0,0.0,0.0,0.0,1.0,0.0,0.0,0.0,0.0,0.0,0.0,0.0,0.0,0.0,0.0,0.0,0.0,1.0,0.0,1.0,0.0,0.0,0.0,0.0,0.0,0.0,0.0,0.0,0.0,1.0,0.0,0.0,0.0,0.0,0.0,0.0,0.0,0.0,0.0,0.0,0.0,0.0,0.0,0.0,0.0,0f1f8400,c1018d48,8bc1eb0c,000f1f80,00000000,8b5df48b,c8c1f905,f085148e,008b450c,008bca81,01a90000,088b04b9,f8000000,098bc1c1,e817a801,0f85e300,0facc214,f0010000,20040000,a810751b,0d83ff06,45f88b73,1f83ff06,00000006,1af6c101,07c745f0,02000000,8b45f889,45f8660f,8b45108b,058bcb8b,0000d3e0,75108078,8b4dfcc6,81582000,348b5514,108b088b,017599eb,5dc21400,cccccccc
1788306682.6098888,27512,7.006492321624085e-45,8.407790785948902e-45,1.401298464324817e-45,1.401298464324817e-45,1.0,0.0,0.0,0.0,0.0,0.0,0.0,1.0,0.0,0.0,0.0,0.0,0.0,0.0,0.0,0.0,0.0,0.0,0.0,0.0,1.0,0.0,1.0,0.0,0.0,0.0,0.0,0.0,0.0,0.0,0.0,0.0,1.0,0.0,0.0,0.0,0.0,0.0,0.0,0.0,0.0,0.0,0.0,0.0,0.0,0.0,0.0,0.0,0f1f8400,c1018d48,8bc1eb0c,000f1f80,00000000,8b5df48b,c8c1f905,f085148e,008b450c,008bca81,01a90000,088b04b9,f8000000,098bc1c1,e817a801,0f85e300,0facc214,f0010000,20040000,a810751b,0d83ff06,45f88b73,1f83ff06,00000006,1af6c101,07c745f0,02000000,8b45f889,45f8660f,8b45108b,058bcb8b,0000d3e0,75108078,8b4dfcc6,81582000,348b5514,108b088b,017599eb,5dc21400,cccccccc
1788306682.710548,27512,7.006492321624085e-45,8.407790785948902e-45,1.401298464324817e-45,1.401298464324817e-45,1.0,0.0,0.0,0.0,0.0,0.0,0.0,1.0,0.0,0.0,0.0,0.0,0.0,0.0,0.0,0.0,0.0,0.0,0.0,0.0,1.0,0.0,1.0,0.0,0.0,0.0,0.0,0.0,0.0,0.0,0.0,0.0,1.0,0.0,0.0,0.0,0.0,0.0,0.0,0.0,0.0,0.0,0.0,0.0,0.0,0.0,0.0,0.0,0f1f8400,c1018d48,8bc1eb0c,000f1f80,00000000,8b5df48b,c8c1f905,f085148e,008b450c,008bca81,01a90000,088b04b9,f8000000,098bc1c1,e817a801,0f85e300,0facc214,f0010000,20040000,a810751b,0d83ff06,45f88b73,1f83ff06,00000006,1af6c101,07c745f0,02000000,8b45f889,45f8660f,8b45108b,058bcb8b,0000d3e0,75108078,8b4dfcc6,81582000,348b5514,108b088b,017599eb,5dc21400,cccccccc
1788306682.8114038,27512,7.006492321624085e-45,8.407790785948902e-45,1.401298464324817e-45,1.401298464324817e-45,1.0,0.0,0.0,0.0,0.0,0.0,0.0,1.0,0.0,0.0,0.0,0.0,0.0,0.0,0.0,0.0,0.0,0.0,0.0,0.0,1.0,0.0,1.0,0.0,0.0,0.0,0.0,0.0,0.0,0.0,0.0,0.0,1.0,0.0,0.0,0.0,0.0,0.0,0.0,0.0,0.0,0.0,0.0,0.0,0.0,0.0,0.0,0.0,0f1f8400,c1018d48,8bc1eb0c,000f1f80,00000000,8b5df48b,c8c1f905,f085148e,008b450c,008bca81,01a90000,088b04b9,f8000000,098bc1c1,e817a801,0f85e300,0facc214,f0010000,20040000,a810751b,0d83ff06,45f88b73,1f83ff06,00000006,1af6c101,07c745f0,02000000,8b45f889,45f8660f,8b45108b,058bcb8b,0000d3e0,75108078,8b4dfcc6,81582000,348b5514,108b088b,017599eb,5dc21400,cccccccc
1788306682.912109,27512,7.006492321624085e-45,8.407790785948902e-45,1.401298464324817e-45,1.401298464324817e-45,1.0,0.0,0.0,0.0,0.0,0.0,0.0,1.0,0.0,0.0,0.0,0.0,0.0,0.0,0.0,0.0,0.0,0.0,0.0,0.0,1.0,0.0,1.0,0.0,0.0,0.0,0.0,0.0,0.0,0.0,0.0,0.0,1.0,0.0,0.0,0.0,0.0,0.0,0.0,0.0,0.0,0.0,0.0,0.0,0.0,0.0,0.0,0.0,0f1f8400,c1018d48,8bc1eb0c,000f1f80,00000000,8b5df48b,c8c1f905,f085148e,008b450c,008bca81,01a90000,088b04b9,f8000000,098bc1c1,e817a801,0f85e300,0facc214,f0010000,20040000,a810751b,0d83ff06,45f88b73,1f83ff06,00000006,1af6c101,07c745f0,02000000,8b45f889,45f8660f,8b45108b,058bcb8b,0000d3e0,75108078,8b4dfcc6,81582000,348b5514,108b088b,017599eb,5dc21400,cccccccc
1788306683.0126724,27512,7.006492321624085e-45,8.407790785948902e-45,1.401298464324817e-45,1.401298464324817e-45,1.0,0.0,0.0,0.0,0.0,0.0,0.0,1.0,0.0,0.0,0.0,0.0,0.0,0.0,0.0,0.0,0.0,0.0,0.0,0.0,1.0,0.0,1.0,0.0,0.0,0.0,0.0,0.0,0.0,0.0,0.0,0.0,1.0,0.0,0.0,0.0,0.0,0.0,0.0,0.0,0.0,0.0,0.0,0.0,0.0,0.0,0.0,0.0,0f1f8400,c1018d48,8bc1eb0c,000f1f80,00000000,8b5df48b,c8c1f905,f085148e,008b450c,008bca81,01a90000,088b04b9,f8000000,098bc1c1,e817a801,0f85e300,0facc214,f0010000,20040000,a810751b,0d83ff06,45f88b73,1f83ff06,00000006,1af6c101,07c745f0,02000000,8b45f889,45f8660f,8b45108b,058bcb8b,0000d3e0,75108078,8b4dfcc6,81582000,348b5514,108b088b,017599eb,5dc21400,cccccccc
1788306683.11391,27512,7.006492321624085e-45,8.407790785948902e-45,1.401298464324817e-45,1.401298464324817e-45,1.0,0.0,0.0,0.0,0.0,0.0,0.0,1.0,0.0,0.0,0.0,0.0,0.0,0.0,0.0,0.0,0.0,0.0,0.0,0.0,1.0,0.0,1.0,0.0,0.0,0.0,0.0,0.0,0.0,0.0,0.0,0.0,1.0,0.0,0.0,0.0,0.0,0.0,0.0,0.0,0.0,0.0,0.0,0.0,0.0,0.0,0.0,0.0,0f1f8400,c1018d48,8bc1eb0c,000f1f80,00000000,8b5df48b,c8c1f905,f085148e,008b450c,008bca81,01a90000,088b04b9,f8000000,098bc1c1,e817a801,0f85e300,0facc214,f0010000,20040000,a810751b,0d83ff06,45f88b73,1f83ff06,00000006,1af6c101,07c745f0,02000000,8b45f889,45f8660f,8b45108b,058bcb8b,0000d3e0,75108078,8b4dfcc6,81582000,348b5514,108b088b,017599eb,5dc21400,cccccccc
1788306683.2145023,27512,7.006492321624085e-45,8.407790785948902e-45,1.401298464324817e-45,1.401298464324817e-45,1.0,0.0,0.0,0.0,0.0,0.0,0.0,1.0,0.0,0.0,0.0,0.0,0.0,0.0,0.0,0.0,0.0,0.0,0.0,0.0,1.0,0.0,1.0,0.0,0.0,0.0,0.0,0.0,0.0,0.0,0.0,0.0,1.0,0.0,0.0,0.0,0.0,0.0,0.0,0.0,0.0,0.0,0.0,0.0,0.0,0.0,0.0,0.0,0f1f8400,c1018d48,8bc1eb0c,000f1f80,00000000,8b5df48b,c8c1f905,f085148e,008b450c,008bca81,01a90000,088b04b9,f8000000,098bc1c1,e817a801,0f85e300,0facc214,f0010000,20040000,a810751b,0d83ff06,45f88b73,1f83ff06,00000006,1af6c101,07c745f0,02000000,8b45f889,45f8660f,8b45108b,058bcb8b,0000d3e0,75108078,8b4dfcc6,81582000,348b5514,108b088b,017599eb,5dc21400,cccccccc
1788306683.3152614,27512,7.006492321624085e-45,8.407790785948902e-45,1.401298464324817e-45,1.401298464324817e-45,1.0,0.0,0.0,0.0,0.0,0.0,0.0,1.0,0.0,0.0,0.0,0.0,0.0,0.0,0.0,0.0,0.0,0.0,0.0,0.0,1.0,0.0,1.0,0.0,0.0,0.0,0.0,0.0,0.0,0.0,0.0,0.0,1.0,0.0,0.0,0.0,0.0,0.0,0.0,0.0,0.0,0.0,0.0,0.0,0.0,0.0,0.0,0.0,0f1f8400,c1018d48,8bc1eb0c,000f1f80,00000000,8b5df48b,c8c1f905,f085148e,008b450c,008bca81,01a90000,088b04b9,f8000000,098bc1c1,e817a801,0f85e300,0facc214,f0010000,20040000,a810751b,0d83ff06,45f88b73,1f83ff06,00000006,1af6c101,07c745f0,02000000,8b45f889,45f8660f,8b45108b,058bcb8b,0000d3e0,75108078,8b4dfcc6,81582000,348b5514,108b088b,017599eb,5dc21400,cccccccc
1788306683.416962,27512,7.006492321624085e-45,8.407790785948902e-45,1.401298464324817e-45,1.401298464324817e-45,1.0,0.0,0.0,0.0,0.0,0.0,0.0,1.0,0.0,0.0,0.0,0.0,0.0,0.0,0.0,0.0,0.0,0.0,0.0,0.0,1.0,0.0,1.0,0.0,0.0,0.0,0.0,0.0,0.0,0.0,0.0,0.0,1.0,0.0,0.0,0.0,0.0,0.0,0.0,0.0,0.0,0.0,0.0,0.0,0.0,0.0,0.0,0.0,0f1f8400,c1018d48,8bc1eb0c,000f1f80,00000000,8b5df48b,c8c1f905,f085148e,008b450c,008bca81,01a90000,088b04b9,f8000000,098bc1c1,e817a801,0f85e300,0facc214,f0010000,20040000,a810751b,0d83ff06,45f88b73,1f83ff06,00000006,1af6c101,07c745f0,02000000,8b45f889,45f8660f,8b45108b,058bcb8b,0000d3e0,75108078,8b4dfcc6,81582000,348b5514,108b088b,017599eb,5dc21400,cccccccc
1788306683.5178738,27512,7.006492321624085e-45,8.407790785948902e-45,1.401298464324817e-45,1.401298464324817e-45,1.0,0.0,0.0,0.0,0.0,0.0,0.0,1.0,0.0,0.0,0.0,0.0,0.0,0.0,0.0,0.0,0.0,0.0,0.0,0.0,1.0,0.0,1.0,0.0,0.0,0.0,0.0,0.0,0.0,0.0,0.0,0.0,1.0,0.0,0.0,0.0,0.0,0.0,0.0,0.0,0.0,0.0,0.0,0.0,0.0,0.0,0.0,0.0,0f1f8400,c1018d48,8bc1eb0c,000f1f80,00000000,8b5df48b,c8c1f905,f085148e,008b450c,008bca81,01a90000,088b04b9,f8000000,098bc1c1,e817a801,0f85e300,0facc214,f0010000,20040000,a810751b,0d83ff06,45f88b73,1f83ff06,00000006,1af6c101,07c745f0,02000000,8b45f889,45f8660f,8b45108b,058bcb8b,0000d3e0,75108078,8b4dfcc6,81582000,348b5514,108b088b,017599eb,5dc21400,cccccccc
1788306683.639422,27512,7.006492321624085e-45,8.407790785948902e-45,1.401298464324817e-45,1.401298464324817e-45,1.0,0.0,0.0,0.0,0.0,0.0,0.0,1.0,0.0,0.0,0.0,0.0,0.0,0.0,0.0,0.0,0.0,0.0,0.0,0.0,1.0,0.0,1.0,0.0,0.0,0.0,0.0,0.0,0.0,0.0,0.0,0.0,1.0,0.0,0.0,0.0,0.0,0.0,0.0,0.0,0.0,0.0,0.0,0.0,0.0,0.0,0.0,0.0,0f1f8400,c1018d48,8bc1eb0c,000f1f80,00000000,8b5df48b,c8c1f905,f085148e,008b450c,008bca81,01a90000,088b04b9,f8000000,098bc1c1,e817a801,0f85e300,0facc214,f0010000,20040000,a810751b,0d83ff06,45f88b73,1f83ff06,00000006,1af6c101,07c745f0,02000000,8b45f889,45f8660f,8b45108b,058bcb8b,0000d3e0,75108078,8b4dfcc6,81582000,348b5514,108b088b,017599eb,5dc21400,cccccccc
1788306683.7398236,27512,7.006492321624085e-45,8.407790785948902e-45,1.401298464324817e-45,1.401298464324817e-45,1.0,0.0,0.0,0.0,0.0,0.0,0.0,1.0,0.0,0.0,0.0,0.0,0.0,0.0,0.0,0.0,0.0,0.0,0.0,0.0,1.0,0.0,1.0,0.0,0.0,0.0,0.0,0.0,0.0,0.0,0.0,0.0,1.0,0.0,0.0,0.0,0.0,0.0,0.0,0.0,0.0,0.0,0.0,0.0,0.0,0.0,0.0,0.0,0f1f8400,c1018d48,8bc1eb0c,000f1f80,00000000,8b5df48b,c8c1f905,f085148e,008b450c,008bca81,01a90000,088b04b9,f8000000,098bc1c1,e817a801,0f85e300,0facc214,f0010000,20040000,a810751b,0d83ff06,45f88b73,1f83ff06,00000006,1af6c101,07c745f0,02000000,8b45f889,45f8660f,8b45108b,058bcb8b,0000d3e0,75108078,8b4dfcc6,81582000,348b5514,108b088b,017599eb,5dc21400,cccccccc
1788306683.8407097,27512,7.006492321624085e-45,8.407790785948902e-45,1.401298464324817e-45,1.401298464324817e-45,1.0,0.0,0.0,0.0,0.0,0.0,0.0,1.0,0.0,0.0,0.0,0.0,0.0,0.0,0.0,0.0,0.0,0.0,0.0,0.0,1.0,0.0,1.0,0.0,0.0,0.0,0.0,0.0,0.0,0.0,0.0,0.0,1.0,0.0,0.0,0.0,0.0,0.0,0.0,0.0,0.0,0.0,0.0,0.0,0.0,0.0,0.0,0.0,0f1f8400,c1018d48,8bc1eb0c,000f1f80,00000000,8b5df48b,c8c1f905,f085148e,008b450c,008bca81,01a90000,088b04b9,f8000000,098bc1c1,e817a801,0f85e300,0facc214,f0010000,20040000,a810751b,0d83ff06,45f88b73,1f83ff06,00000006,1af6c101,07c745f0,02000000,8b45f889,45f8660f,8b45108b,058bcb8b,0000d3e0,75108078,8b4dfcc6,81582000,348b5514,108b088b,017599eb,5dc21400,cccccccc
1788306683.9411771,27512,7.006492321624085e-45,8.407790785948902e-45,1.401298464324817e-45,1.401298464324817e-45,1.0,0.0,0.0,0.0,0.0,0.0,0.0,1.0,0.0,0.0,0.0,0.0,0.0,0.0,0.0,0.0,0.0,0.0,0.0,0.0,1.0,0.0,1.0,0.0,0.0,0.0,0.0,0.0,0.0,0.0,0.0,0.0,1.0,0.0,0.0,0.0,0.0,0.0,0.0,0.0,0.0,0.0,0.0,0.0,0.0,0.0,0.0,0.0,0f1f8400,c1018d48,8bc1eb0c,000f1f80,00000000,8b5df48b,c8c1f905,f085148e,008b450c,008bca81,01a90000,088b04b9,f8000000,098bc1c1,e817a801,0f85e300,0facc214,f0010000,20040000,a810751b,0d83ff06,45f88b73,1f83ff06,00000006,1af6c101,07c745f0,02000000,8b45f889,45f8660f,8b45108b,058bcb8b,0000d3e0,75108078,8b4dfcc6,81582000,348b5514,108b088b,017599eb,5dc21400,cccccccc
1788306684.0417845,27512,7.006492321624085e-45,8.407790785948902e-45,1.401298464324817e-45,1.401298464324817e-45,1.0,0.0,0.0,0.0,0.0,0.0,0.0,1.0,0.0,0.0,0.0,0.0,0.0,0.0,0.0,0.0,0.0,0.0,0.0,0.0,1.0,0.0,1.0,0.0,0.0,0.0,0.0,0.0,0.0,0.0,0.0,0.0,1.0,0.0,0.0,0.0,0.0,0.0,0.0,0.0,0.0,0.0,0.0,0.0,0.0,0.0,0.0,0.0,0f1f8400,c1018d48,8bc1eb0c,000f1f80,00000000,8b5df48b,c8c1f905,f085148e,008b450c,008bca81,01a90000,088b04b9,f8000000,098bc1c1,e817a801,0f85e300,0facc214,f0010000,20040000,a810751b,0d83ff06,45f88b73,1f83ff06,00000006,1af6c101,07c745f0,02000000,8b45f889,45f8660f,8b45108b,058bcb8b,0000d3e0,75108078,8b4dfcc6,81582000,348b5514,108b088b,017599eb,5dc21400,cccccccc
1788306684.142229,27512,7.006492321624085e-45,8.407790785948902e-45,1.401298464324817e-45,1.401298464324817e-45,1.0,0.0,0.0,0.0,0.0,0.0,0.0,1.0,0.0,0.0,0.0,0.0,0.0,0.0,0.0,0.0,0.0,0.0,0.0,0.0,1.0,0.0,1.0,0.0,0.0,0.0,0.0,0.0,0.0,0.0,0.0,0.0,1.0,0.0,0.0,0.0,0.0,0.0,0.0,0.0,0.0,0.0,0.0,0.0,0.0,0.0,0.0,0.0,0f1f8400,c1018d48,8bc1eb0c,000f1f80,00000000,8b5df48b,c8c1f905,f085148e,008b450c,008bca81,01a90000,088b04b9,f8000000,098bc1c1,e817a801,0f85e300,0facc214,f0010000,20040000,a810751b,0d83ff06,45f88b73,1f83ff06,00000006,1af6c101,07c745f0,02000000,8b45f889,45f8660f,8b45108b,058bcb8b,0000d3e0,75108078,8b4dfcc6,81582000,348b5514,108b088b,017599eb,5dc21400,cccccccc
1788306684.2432702,27512,7.006492321624085e-45,8.407790785948902e-45,1.401298464324817e-45,1.401298464324817e-45,1.0,0.0,0.0,0.0,0.0,0.0,0.0,1.0,0.0,0.0,0.0,0.0,0.0,0.0,0.0,0.0,0.0,0.0,0.0,0.0,1.0,0.0,1.0,0.0,0.0,0.0,0.0,0.0,0.0,0.0,0.0,0.0,1.0,0.0,0.0,0.0,0.0,0.0,0.0,0.0,0.0,0.0,0.0,0.0,0.0,0.0,0.0,0.0,0f1f8400,c1018d48,8bc1eb0c,000f1f80,00000000,8b5df48b,c8c1f905,f085148e,008b450c,008bca81,01a90000,088b04b9,f8000000,098bc1c1,e817a801,0f85e300,0facc214,f0010000,20040000,a810751b,0d83ff06,45f88b73,1f83ff06,00000006,1af6c101,07c745f0,02000000,8b45f889,45f8660f,8b45108b,058bcb8b,0000d3e0,75108078,8b4dfcc6,81582000,348b5514,108b088b,017599eb,5dc21400,cccccccc
1788306684.3436892,27512,7.006492321624085e-45,8.407790785948902e-45,1.401298464324817e-45,1.401298464324817e-45,1.0,0.0,0.0,0.0,0.0,0.0,0.0,1.0,0.0,0.0,0.0,0.0,0.0,0.0,0.0,0.0,0.0,0.0,0.0,0.0,1.0,0.0,1.0,0.0,0.0,0.0,0.0,0.0,0.0,0.0,0.0,0.0,1.0,0.0,0.0,0.0,0.0,0.0,0.0,0.0,0.0,0.0,0.0,0.0,0.0,0.0,0.0,0.0,0f1f8400,c1018d48,8bc1eb0c,000f1f80,00000000,8b5df48b,c8c1f905,f085148e,008b450c,008bca81,01a90000,088b04b9,f8000000,098bc1c1,e817a801,0f85e300,0facc214,f0010000,20040000,a810751b,0d83ff06,45f88b73,1f83ff06,00000006,1af6c101,07c745f0,02000000,8b45f889,45f8660f,8b45108b,058bcb8b,0000d3e0,75108078,8b4dfcc6,81582000,348b5514,108b088b,017599eb,5dc21400,cccccccc
1788306684.4445999,27512,7.006492321624085e-45,8.407790785948902e-45,1.401298464324817e-45,1.401298464324817e-45,1.0,0.0,0.0,0.0,0.0,0.0,0.0,1.0,0.0,0.0,0.0,0.0,0.0,0.0,0.0,0.0,0.0,0.0,0.0,0.0,1.0,0.0,1.0,0.0,0.0,0.0,0.0,0.0,0.0,0.0,0.0,0.0,1.0,0.0,0.0,0.0,0.0,0.0,0.0,0.0,0.0,0.0,0.0,0.0,0.0,0.0,0.0,0.0,0f1f8400,c1018d48,8bc1eb0c,000f1f80,00000000,8b5df48b,c8c1f905,f085148e,008b450c,008bca81,01a90000,088b04b9,f8000000,098bc1c1,e817a801,0f85e300,0facc214,f0010000,20040000,a810751b,0d83ff06,45f88b73,1f83ff06,00000006,1af6c101,07c745f0,02000000,8b45f889,45f8660f,8b45108b,058bcb8b,0000d3e0,75108078,8b4dfcc6,81582000,348b5514,108b088b,017599eb,5dc21400,cccccccc
1788306684.5454698,27512,7.006492321624085e-45,8.407790785948902e-45,1.401298464324817e-45,1.401298464324817e-45,1.0,0.0,0.0,0.0,0.0,0.0,0.0,1.0,0.0,0.0,0.0,0.0,0.0,0.0,0.0,0.0,0.0,0.0,0.0,0.0,1.0,0.0,1.0,0.0,0.0,0.0,0.0,0.0,0.0,0.0,0.0,0.0,1.0,0.0,0.0,0.0,0.0,0.0,0.0,0.0,0.0,0.0,0.0,0.0,0.0,0.0,0.0,0.0,0f1f8400,c1018d48,8bc1eb0c,000f1f80,00000000,8b5df48b,c8c1f905,f085148e,008b450c,008bca81,01a90000,088b04b9,f8000000,098bc1c1,e817a801,0f85e300,0facc214,f0010000,20040000,a810751b,0d83ff06,45f88b73,1f83ff06,00000006,1af6c101,07c745f0,02000000,8b45f889,45f8660f,8b45108b,058bcb8b,0000d3e0,75108078,8b4dfcc6,81582000,348b5514,108b088b,017599eb,5dc21400,cccccccc
1788306684.6463337,27512,7.006492321624085e-45,8.407790785948902e-45,1.401298464324817e-45,1.401298464324817e-45,1.0,0.0,0.0,0.0,0.0,0.0,0.0,1.0,0.0,0.0,0.0,0.0,0.0,0.0,0.0,0.0,0.0,0.0,0.0,0.0,1.0,0.0,1.0,0.0,0.0,0.0,0.0,0.0,0.0,0.0,0.0,0.0,1.0,0.0,0.0,0.0,0.0,0.0,0.0,0.0,0.0,0.0,0.0,0.0,0.0,0.0,0.0,0.0,0f1f8400,c1018d48,8bc1eb0c,000f1f80,00000000,8b5df48b,c8c1f905,f085148e,008b450c,008bca81,01a90000,088b04b9,f8000000,098bc1c1,e817a801,0f85e300,0facc214,f0010000,20040000,a810751b,0d83ff06,45f88b73,1f83ff06,00000006,1af6c101,07c745f0,02000000,8b45f889,45f8660f,8b45108b,058bcb8b,0000d3e0,75108078,8b4dfcc6,81582000,348b5514,108b088b,017599eb,5dc21400,cccccccc
1788306684.7471807,27512,7.006492321624085e-45,8.407790785948902e-45,1.401298464324817e-45,1.401298464324817e-45,1.0,0.0,0.0,0.0,0.0,0.0,0.0,1.0,0.0,0.0,0.0,0.0,0.0,0.0,0.0,0.0,0.0,0.0,0.0,0.0,1.0,0.0,1.0,0.0,0.0,0.0,0.0,0.0,0.0,0.0,0.0,0.0,1.0,0.0,0.0,0.0,0.0,0.0,0.0,0.0,0.0,0.0,0.0,0.0,0.0,0.0,0.0,0.0,0f1f8400,c1018d48,8bc1eb0c,000f1f80,00000000,8b5df48b,c8c1f905,f085148e,008b450c,008bca81,01a90000,088b04b9,f8000000,098bc1c1,e817a801,0f85e300,0facc214,f0010000,20040000,a810751b,0d83ff06,45f88b73,1f83ff06,00000006,1af6c101,07c745f0,02000000,8b45f889,45f8660f,8b45108b,058bcb8b,0000d3e0,75108078,8b4dfcc6,81582000,348b5514,108b088b,017599eb,5dc21400,cccccccc
1788306684.8475473,27512,7.006492321624085e-45,8.407790785948902e-45,1.401298464324817e-45,1.401298464324817e-45,1.0,0.0,0.0,0.0,0.0,0.0,0.0,1.0,0.0,0.0,0.0,0.0,0.0,0.0,0.0,0.0,0.0,0.0,0.0,0.0,1.0,0.0,1.0,0.0,0.0,0.0,0.0,0.0,0.0,0.0,0.0,0.0,1.0,0.0,0.0,0.0,0.0,0.0,0.0,0.0,0.0,0.0,0.0,0.0,0.0,0.0,0.0,0.0,0f1f8400,c1018d48,8bc1eb0c,000f1f80,00000000,8b5df48b,c8c1f905,f085148e,008b450c,008bca81,01a90000,088b04b9,f8000000,098bc1c1,e817a801,0f85e300,0facc214,f0010000,20040000,a810751b,0d83ff06,45f88b73,1f83ff06,00000006,1af6c101,07c745f0,02000000,8b45f889,45f8660f,8b45108b,058bcb8b,0000d3e0,75108078,8b4dfcc6,81582000,348b5514,108b088b,017599eb,5dc21400,cccccccc
1788306684.9482076,27512,7.006492321624085e-45,8.407790785948902e-45,1.401298464324817e-45,1.401298464324817e-45,1.0,0.0,0.0,0.0,0.0,0.0,0.0,1.0,0.0,0.0,0.0,0.0,0.0,0.0,0.0,0.0,0.0,0.0,0.0,0.0,1.0,0.0,1.0,0.0,0.0,0.0,0.0,0.0,0.0,0.0,0.0,0.0,1.0,0.0,0.0,0.0,0.0,0.0,0.0,0.0,0.0,0.0,0.0,0.0,0.0,0.0,0.0,0.0,0f1f8400,c1018d48,8bc1eb0c,000f1f80,00000000,8b5df48b,c8c1f905,f085148e,008b450c,008bca81,01a90000,088b04b9,f8000000,098bc1c1,e817a801,0f85e300,0facc214,f0010000,20040000,a810751b,0d83ff06,45f88b73,1f83ff06,00000006,1af6c101,07c745f0,02000000,8b45f889,45f8660f,8b45108b,058bcb8b,0000d3e0,75108078,8b4dfcc6,81582000,348b5514,108b088b,017599eb,5dc21400,cccccccc
1788306685.0491402,27512,7.006492321624085e-45,8.407790785948902e-45,1.401298464324817e-45,1.401298464324817e-45,1.0,0.0,0.0,0.0,0.0,0.0,0.0,1.0,0.0,0.0,0.0,0.0,0.0,0.0,0.0,0.0,0.0,0.0,0.0,0.0,1.0,0.0,1.0,0.0,0.0,0.0,0.0,0.0,0.0,0.0,0.0,0.0,1.0,0.0,0.0,0.0,0.0,0.0,0.0,0.0,0.0,0.0,0.0,0.0,0.0,0.0,0.0,0.0,0f1f8400,c1018d48,8bc1eb0c,000f1f80,00000000,8b5df48b,c8c1f905,f085148e,008b450c,008bca81,01a90000,088b04b9,f8000000,098bc1c1,e817a801,0f85e300,0facc214,f0010000,20040000,a810751b,0d83ff06,45f88b73,1f83ff06,00000006,1af6c101,07c745f0,02000000,8b45f889,45f8660f,8b45108b,058bcb8b,0000d3e0,75108078,8b4dfcc6,81582000,348b5514,108b088b,017599eb,5dc21400,cccccccc
1788306685.1501667,27512,7.006492321624085e-45,8.407790785948902e-45,1.401298464324817e-45,1.401298464324817e-45,1.0,0.0,0.0,0.0,0.0,0.0,0.0,1.0,0.0,0.0,0.0,0.0,0.0,0.0,0.0,0.0,0.0,0.0,0.0,0.0,1.0,0.0,1.0,0.0,0.0,0.0,0.0,0.0,0.0,0.0,0.0,0.0,1.0,0.0,0.0,0.0,0.0,0.0,0.0,0.0,0.0,0.0,0.0,0.0,0.0,0.0,0.0,0.0,0f1f8400,c1018d48,8bc1eb0c,000f1f80,00000000,8b5df48b,c8c1f905,f085148e,008b450c,008bca81,01a90000,088b04b9,f8000000,098bc1c1,e817a801,0f85e300,0facc214,f0010000,20040000,a810751b,0d83ff06,45f88b73,1f83ff06,00000006,1af6c101,07c745f0,02000000,8b45f889,45f8660f,8b45108b,058bcb8b,0000d3e0,75108078,8b4dfcc6,81582000,348b5514,108b088b,017599eb,5dc21400,cccccccc
1788306685.2508385,27512,7.006492321624085e-45,8.407790785948902e-45,1.401298464324817e-45,1.401298464324817e-45,1.0,0.0,0.0,0.0,0.0,0.0,0.0,1.0,0.0,0.0,0.0,0.0,0.0,0.0,0.0,0.0,0.0,0.0,0.0,0.0,1.0,0.0,1.0,0.0,0.0,0.0,0.0,0.0,0.0,0.0,0.0,0.0,1.0,0.0,0.0,0.0,0.0,0.0,0.0,0.0,0.0,0.0,0.0,0.0,0.0,0.0,0.0,0.0,0f1f8400,c1018d48,8bc1eb0c,000f1f80,00000000,8b5df48b,c8c1f905,f085148e,008b450c,008bca81,01a90000,088b04b9,f8000000,098bc1c1,e817a801,0f85e300,0facc214,f0010000,20040000,a810751b,0d83ff06,45f88b73,1f83ff06,00000006,1af6c101,07c745f0,02000000,8b45f889,45f8660f,8b45108b,058bcb8b,0000d3e0,75108078,8b4dfcc6,81582000,348b5514,108b088b,017599eb,5dc21400,cccccccc
1788306685.3684204,27512,7.006492321624085e-45,8.407790785948902e-45,1.401298464324817e-45,1.401298464324817e-45,1.0,0.0,0.0,0.0,0.0,0.0,0.0,1.0,0.0,0.0,0.0,0.0,0.0,0.0,0.0,0.0,0.0,0.0,0.0,0.0,1.0,0.0,1.0,0.0,0.0,0.0,0.0,0.0,0.0,0.0,0.0,0.0,1.0,0.0,0.0,0.0,0.0,0.0,0.0,0.0,0.0,0.0,0.0,0.0,0.0,0.0,0.0,0.0,0f1f8400,c1018d48,8bc1eb0c,000f1f80,00000000,8b5df48b,c8c1f905,f085148e,008b450c,008bca81,01a90000,088b04b9,f8000000,098bc1c1,e817a801,0f85e300,0facc214,f0010000,20040000,a810751b,0d83ff06,45f88b73,1f83ff06,00000006,1af6c101,07c745f0,02000000,8b45f889,45f8660f,8b45108b,058bcb8b,0000d3e0,75108078,8b4dfcc6,81582000,348b5514,108b088b,017599eb,5dc21400,cccccccc
1788306685.470075,27512,7.006492321624085e-45,8.407790785948902e-45,1.401298464324817e-45,1.401298464324817e-45,1.0,0.0,0.0,0.0,0.0,0.0,0.0,1.0,0.0,0.0,0.0,0.0,0.0,0.0,0.0,0.0,0.0,0.0,0.0,0.0,1.0,0.0,1.0,0.0,0.0,0.0,0.0,0.0,0.0,0.0,0.0,0.0,1.0,0.0,0.0,0.0,0.0,0.0,0.0,0.0,0.0,0.0,0.0,0.0,0.0,0.0,0.0,0.0,0f1f8400,c1018d48,8bc1eb0c,000f1f80,00000000,8b5df48b,c8c1f905,f085148e,008b450c,008bca81,01a90000,088b04b9,f8000000,098bc1c1,e817a801,0f85e300,0facc214,f0010000,20040000,a810751b,0d83ff06,45f88b73,1f83ff06,00000006,1af6c101,07c745f0,02000000,8b45f889,45f8660f,8b45108b,058bcb8b,0000d3e0,75108078,8b4dfcc6,81582000,348b5514,108b088b,017599eb,5dc21400,cccccccc
1788306685.5709171,27512,7.006492321624085e-45,8.407790785948902e-45,1.401298464324817e-45,1.401298464324817e-45,1.0,0.0,0.0,0.0,0.0,0.0,0.0,1.0,0.0,0.0,0.0,0.0,0.0,0.0,0.0,0.0,0.0,0.0,0.0,0.0,1.0,0.0,1.0,0.0,0.0,0.0,0.0,0.0,0.0,0.0,0.0,0.0,1.0,0.0,0.0,0.0,0.0,0.0,0.0,0.0,0.0,0.0,0.0,0.0,0.0,0.0,0.0,0.0,0f1f8400,c1018d48,8bc1eb0c,000f1f80,00000000,8b5df48b,c8c1f905,f085148e,008b450c,008bca81,01a90000,088b04b9,f8000000,098bc1c1,e817a801,0f85e300,0facc214,f0010000,20040000,a810751b,0d83ff06,45f88b73,1f83ff06,00000006,1af6c101,07c745f0,02000000,8b45f889,45f8660f,8b45108b,058bcb8b,0000d3e0,75108078,8b4dfcc6,81582000,348b5514,108b088b,017599eb,5dc21400,cccccccc
1788306685.6722674,27512,7.006492321624085e-45,8.407790785948902e-45,1.401298464324817e-45,1.401298464324817e-45,1.0,0.0,0.0,0.0,0.0,0.0,0.0,1.0,0.0,0.0,0.0,0.0,0.0,0.0,0.0,0.0,0.0,0.0,0.0,0.0,1.0,0.0,1.0,0.0,0.0,0.0,0.0,0.0,0.0,0.0,0.0,0.0,1.0,0.0,0.0,0.0,0.0,0.0,0.0,0.0,0.0,0.0,0.0,0.0,0.0,0.0,0.0,0.0,0f1f8400,c1018d48,8bc1eb0c,000f1f80,00000000,8b5df48b,c8c1f905,f085148e,008b450c,008bca81,01a90000,088b04b9,f8000000,098bc1c1,e817a801,0f85e300,0facc214,f0010000,20040000,a810751b,0d83ff06,45f88b73,1f83ff06,00000006,1af6c101,07c745f0,02000000,8b45f889,45f8660f,8b45108b,058bcb8b,0000d3e0,75108078,8b4dfcc6,81582000,348b5514,108b088b,017599eb,5dc21400,cccccccc
1788306685.772715,27512,7.006492321624085e-45,8.407790785948902e-45,1.401298464324817e-45,1.401298464324817e-45,1.0,0.0,0.0,0.0,0.0,0.0,0.0,1.0,0.0,0.0,0.0,0.0,0.0,0.0,0.0,0.0,0.0,0.0,0.0,0.0,1.0,0.0,1.0,0.0,0.0,0.0,0.0,0.0,0.0,0.0,0.0,0.0,1.0,0.0,0.0,0.0,0.0,0.0,0.0,0.0,0.0,0.0,0.0,0.0,0.0,0.0,0.0,0.0,0f1f8400,c1018d48,8bc1eb0c,000f1f80,00000000,8b5df48b,c8c1f905,f085148e,008b450c,008bca81,01a90000,088b04b9,f8000000,098bc1c1,e817a801,0f85e300,0facc214,f0010000,20040000,a810751b,0d83ff06,45f88b73,1f83ff06,00000006,1af6c101,07c745f0,02000000,8b45f889,45f8660f,8b45108b,058bcb8b,0000d3e0,75108078,8b4dfcc6,81582000,348b5514,108b088b,017599eb,5dc21400,cccccccc
1788306685.8735447,27512,7.006492321624085e-45,8.407790785948902e-45,1.401298464324817e-45,1.401298464324817e-45,1.0,0.0,0.0,0.0,0.0,0.0,0.0,1.0,0.0,0.0,0.0,0.0,0.0,0.0,0.0,0.0,0.0,0.0,0.0,0.0,1.0,0.0,1.0,0.0,0.0,0.0,0.0,0.0,0.0,0.0,0.0,0.0,1.0,0.0,0.0,0.0,0.0,0.0,0.0,0.0,0.0,0.0,0.0,0.0,0.0,0.0,0.0,0.0,0f1f8400,c1018d48,8bc1eb0c,000f1f80,00000000,8b5df48b,c8c1f905,f085148e,008b450c,008bca81,01a90000,088b04b9,f8000000,098bc1c1,e817a801,0f85e300,0facc214,f0010000,20040000,a810751b,0d83ff06,45f88b73,1f83ff06,00000006,1af6c101,07c745f0,02000000,8b45f889,45f8660f,8b45108b,058bcb8b,0000d3e0,75108078,8b4dfcc6,81582000,348b5514,108b088b,017599eb,5dc21400,cccccccc
1788306685.9742944,27512,7.006492321624085e-45,8.407790785948902e-45,1.401298464324817e-45,1.401298464324817e-45,1.0,0.0,0.0,0.0,0.0,0.0,0.0,1.0,0.0,0.0,0.0,0.0,0.0,0.0,0.0,0.0,0.0,0.0,0.0,0.0,1.0,0.0,1.0,0.0,0.0,0.0,0.0,0.0,0.0,0.0,0.0,0.0,1.0,0.0,0.0,0.0,0.0,0.0,0.0,0.0,0.0,0.0,0.0,0.0,0.0,0.0,0.0,0.0,0f1f8400,c1018d48,8bc1eb0c,000f1f80,00000000,8b5df48b,c8c1f905,f085148e,008b450c,008bca81,01a90000,088b04b9,f8000000,098bc1c1,e817a801,0f85e300,0facc214,f0010000,20040000,a810751b,0d83ff06,45f88b73,1f83ff06,00000006,1af6c101,07c745f0,02000000,8b45f889,45f8660f,8b45108b,058bcb8b,0000d3e0,75108078,8b4dfcc6,81582000,348b5514,108b088b,017599eb,5dc21400,cccccccc
1788306686.074884,27512,7.006492321624085e-45,8.407790785948902e-45,1.401298464324817e-45,1.401298464324817e-45,1.0,0.0,0.0,0.0,0.0,0.0,0.0,1.0,0.0,0.0,0.0,0.0,0.0,0.0,0.0,0.0,0.0,0.0,0.0,0.0,1.0,0.0,1.0,0.0,0.0,0.0,0.0,0.0,0.0,0.0,0.0,0.0,1.0,0.0,0.0,0.0,0.0,0.0,0.0,0.0,0.0,0.0,0.0,0.0,0.0,0.0,0.0,0.0,0f1f8400,c1018d48,8bc1eb0c,000f1f80,00000000,8b5df48b,c8c1f905,f085148e,008b450c,008bca81,01a90000,088b04b9,f8000000,098bc1c1,e817a801,0f85e300,0facc214,f0010000,20040000,a810751b,0d83ff06,45f88b73,1f83ff06,00000006,1af6c101,07c745f0,02000000,8b45f889,45f8660f,8b45108b,058bcb8b,0000d3e0,75108078,8b4dfcc6,81582000,348b5514,108b088b,017599eb,5dc21400,cccccccc
1788306686.1752372,27512,7.006492321624085e-45,8.407790785948902e-45,1.401298464324817e-45,1.401298464324817e-45,1.0,0.0,0.0,0.0,0.0,0.0,0.0,1.0,0.0,0.0,0.0,0.0,0.0,0.0,0.0,0.0,0.0,0.0,0.0,0.0,1.0,0.0,1.0,0.0,0.0,0.0,0.0,0.0,0.0,0.0,0.0,0.0,1.0,0.0,0.0,0.0,0.0,0.0,0.0,0.0,0.0,0.0,0.0,0.0,0.0,0.0,0.0,0.0,0f1f8400,c1018d48,8bc1eb0c,000f1f80,00000000,8b5df48b,c8c1f905,f085148e,008b450c,008bca81,01a90000,088b04b9,f8000000,098bc1c1,e817a801,0f85e300,0facc214,f0010000,20040000,a810751b,0d83ff06,45f88b73,1f83ff06,00000006,1af6c101,07c745f0,02000000,8b45f889,45f8660f,8b45108b,058bcb8b,0000d3e0,75108078,8b4dfcc6,81582000,348b5514,108b088b,017599eb,5dc21400,cccccccc
1788306686.2777631,27512,7.006492321624085e-45,8.407790785948902e-45,1.401298464324817e-45,1.401298464324817e-45,1.0,0.0,0.0,0.0,0.0,0.0,0.0,1.0,0.0,0.0,0.0,0.0,0.0,0.0,0.0,0.0,0.0,0.0,0.0,0.0,1.0,0.0,1.0,0.0,0.0,0.0,0.0,0.0,0.0,0.0,0.0,0.0,1.0,0.0,0.0,0.0,0.0,0.0,0.0,0.0,0.0,0.0,0.0,0.0,0.0,0.0,0.0,0.0,0f1f8400,c1018d48,8bc1eb0c,000f1f80,00000000,8b5df48b,c8c1f905,f085148e,008b450c,008bca81,01a90000,088b04b9,f8000000,098bc1c1,e817a801,0f85e300,0facc214,f0010000,20040000,a810751b,0d83ff06,45f88b73,1f83ff06,00000006,1af6c101,07c745f0,02000000,8b45f889,45f8660f,8b45108b,058bcb8b,0000d3e0,75108078,8b4dfcc6,81582000,348b5514,108b088b,017599eb,5dc21400,cccccccc
1788306686.3790336,27512,7.006492321624085e-45,8.407790785948902e-45,1.401298464324817e-45,1.401298464324817e-45,1.0,0.0,0.0,0.0,0.0,0.0,0.0,1.0,0.0,0.0,0.0,0.0,0.0,0.0,0.0,0.0,0.0,0.0,0.0,0.0,1.0,0.0,1.0,0.0,0.0,0.0,0.0,0.0,0.0,0.0,0.0,0.0,1.0,0.0,0.0,0.0,0.0,0.0,0.0,0.0,0.0,0.0,0.0,0.0,0.0,0.0,0.0,0.0,0f1f8400,c1018d48,8bc1eb0c,000f1f80,00000000,8b5df48b,c8c1f905,f085148e,008b450c,008bca81,01a90000,088b04b9,f8000000,098bc1c1,e817a801,0f85e300,0facc214,f0010000,20040000,a810751b,0d83ff06,45f88b73,1f83ff06,00000006,1af6c101,07c745f0,02000000,8b45f889,45f8660f,8b45108b,058bcb8b,0000d3e0,75108078,8b4dfcc6,81582000,348b5514,108b088b,017599eb,5dc21400,cccccccc
1788306686.4798393,27512,7.006492321624085e-45,8.407790785948902e-45,1.401298464324817e-45,1.401298464324817e-45,1.0,0.0,0.0,0.0,0.0,0.0,0.0,1.0,0.0,0.0,0.0,0.0,0.0,0.0,0.0,0.0,0.0,0.0,0.0,0.0,1.0,0.0,1.0,0.0,0.0,0.0,0.0,0.0,0.0,0.0,0.0,0.0,1.0,0.0,0.0,0.0,0.0,0.0,0.0,0.0,0.0,0.0,0.0,0.0,0.0,0.0,0.0,0.0,0f1f8400,c1018d48,8bc1eb0c,000f1f80,00000000,8b5df48b,c8c1f905,f085148e,008b450c,008bca81,01a90000,088b04b9,f8000000,098bc1c1,e817a801,0f85e300,0facc214,f0010000,20040000,a810751b,0d83ff06,45f88b73,1f83ff06,00000006,1af6c101,07c745f0,02000000,8b45f889,45f8660f,8b45108b,058bcb8b,0000d3e0,75108078,8b4dfcc6,81582000,348b5514,108b088b,017599eb,5dc21400,cccccccc
1788306686.5804253,27512,7.006492321624085e-45,8.407790785948902e-45,1.401298464324817e-45,1.401298464324817e-45,1.0,0.0,0.0,0.0,0.0,0.0,0.0,1.0,0.0,0.0,0.0,0.0,0.0,0.0,0.0,0.0,0.0,0.0,0.0,0.0,1.0,0.0,1.0,0.0,0.0,0.0,0.0,0.0,0.0,0.0,0.0,0.0,1.0,0.0,0.0,0.0,0.0,0.0,0.0,0.0,0.0,0.0,0.0,0.0,0.0,0.0,0.0,0.0,0f1f8400,c1018d48,8bc1eb0c,000f1f80,00000000,8b5df48b,c8c1f905,f085148e,008b450c,008bca81,01a90000,088b04b9,f8000000,098bc1c1,e817a801,0f85e300,0facc214,f0010000,20040000,a810751b,0d83ff06,45f88b73,1f83ff06,00000006,1af6c101,07c745f0,02000000,8b45f889,45f8660f,8b45108b,058bcb8b,0000d3e0,75108078,8b4dfcc6,81582000,348b5514,108b088b,017599eb,5dc21400,cccccccc
1788306686.681302,27512,7.006492321624085e-45,8.407790785948902e-45,1.401298464324817e-45,1.401298464324817e-45,1.0,0.0,0.0,0.0,0.0,0.0,0.0,1.0,0.0,0.0,0.0,0.0,0.0,0.0,0.0,0.0,0.0,0.0,0.0,0.0,1.0,0.0,1.0,0.0,0.0,0.0,0.0,0.0,0.0,0.0,0.0,0.0,1.0,0.0,0.0,0.0,0.0,0.0,0.0,0.0,0.0,0.0,0.0,0.0,0.0,0.0,0.0,0.0,0f1f8400,c1018d48,8bc1eb0c,000f1f80,00000000,8b5df48b,c8c1f905,f085148e,008b450c,008bca81,01a90000,088b04b9,f8000000,098bc1c1,e817a801,0f85e300,0facc214,f0010000,20040000,a810751b,0d83ff06,45f88b73,1f83ff06,00000006,1af6c101,07c745f0,02000000,8b45f889,45f8660f,8b45108b,058bcb8b,0000d3e0,75108078,8b4dfcc6,81582000,348b5514,108b088b,017599eb,5dc21400,cccccccc
1788306686.7821007,27512,7.006492321624085e-45,8.407790785948902e-45,1.401298464324817e-45,1.401298464324817e-45,1.0,0.0,0.0,0.0,0.0,0.0,0.0,1.0,0.0,0.0,0.0,0.0,0.0,0.0,0.0,0.0,0.0,0.0,0.0,0.0,1.0,0.0,1.0,0.0,0.0,0.0,0.0,0.0,0.0,0.0,0.0,0.0,1.0,0.0,0.0,0.0,0.0,0.0,0.0,0.0,0.0,0.0,0.0,0.0,0.0,0.0,0.0,0.0,0f1f8400,c1018d48,8bc1eb0c,000f1f80,00000000,8b5df48b,c8c1f905,f085148e,008b450c,008bca81,01a90000,088b04b9,f8000000,098bc1c1,e817a801,0f85e300,0facc214,f0010000,20040000,a810751b,0d83ff06,45f88b73,1f83ff06,00000006,1af6c101,07c745f0,02000000,8b45f889,45f8660f,8b45108b,058bcb8b,0000d3e0,75108078,8b4dfcc6,81582000,348b5514,108b088b,017599eb,5dc21400,cccccccc
1788306686.8834898,27512,7.006492321624085e-45,8.407790785948902e-45,1.401298464324817e-45,1.401298464324817e-45,1.0,0.0,0.0,0.0,0.0,0.0,0.0,1.0,0.0,0.0,0.0,0.0,0.0,0.0,0.0,0.0,0.0,0.0,0.0,0.0,1.0,0.0,1.0,0.0,0.0,0.0,0.0,0.0,0.0,0.0,0.0,0.0,1.0,0.0,0.0,0.0,0.0,0.0,0.0,0.0,0.0,0.0,0.0,0.0,0.0,0.0,0.0,0.0,0f1f8400,c1018d48,8bc1eb0c,000f1f80,00000000,8b5df48b,c8c1f905,f085148e,008b450c,008bca81,01a90000,088b04b9,f8000000,098bc1c1,e817a801,0f85e300,0facc214,f0010000,20040000,a810751b,0d83ff06,45f88b73,1f83ff06,00000006,1af6c101,07c745f0,02000000,8b45f889,45f8660f,8b45108b,058bcb8b,0000d3e0,75108078,8b4dfcc6,81582000,348b5514,108b088b,017599eb,5dc21400,cccccccc
1788306686.9849095,27512,7.006492321624085e-45,8.407790785948902e-45,1.401298464324817e-45,1.401298464324817e-45,1.0,0.0,0.0,0.0,0.0,0.0,0.0,1.0,0.0,0.0,0.0,0.0,0.0,0.0,0.0,0.0,0.0,0.0,0.0,0.0,1.0,0.0,1.0,0.0,0.0,0.0,0.0,0.0,0.0,0.0,0.0,0.0,1.0,0.0,0.0,0.0,0.0,0.0,0.0,0.0,0.0,0.0,0.0,0.0,0.0,0.0,0.0,0.0,0f1f8400,c1018d48,8bc1eb0c,000f1f80,00000000,8b5df48b,c8c1f905,f085148e,008b450c,008bca81,01a90000,088b04b9,f8000000,098bc1c1,e817a801,0f85e300,0facc214,f0010000,20040000,a810751b,0d83ff06,45f88b73,1f83ff06,00000006,1af6c101,07c745f0,02000000,8b45f889,45f8660f,8b45108b,058bcb8b,0000d3e0,75108078,8b4dfcc6,81582000,348b5514,108b088b,017599eb,5dc21400,cccccccc
1788306687.09094,27512,7.006492321624085e-45,8.407790785948902e-45,1.401298464324817e-45,1.401298464324817e-45,1.0,0.0,0.0,0.0,0.0,0.0,0.0,1.0,0.0,0.0,0.0,0.0,0.0,0.0,0.0,0.0,0.0,0.0,0.0,0.0,1.0,0.0,1.0,0.0,0.0,0.0,0.0,0.0,0.0,0.0,0.0,0.0,1.0,0.0,0.0,0.0,0.0,0.0,0.0,0.0,0.0,0.0,0.0,0.0,0.0,0.0,0.0,0.0,0f1f8400,c1018d48,8bc1eb0c,000f1f80,00000000,8b5df48b,c8c1f905,f085148e,008b450c,008bca81,01a90000,088b04b9,f8000000,098bc1c1,e817a801,0f85e300,0facc214,f0010000,20040000,a810751b,0d83ff06,45f88b73,1f83ff06,00000006,1af6c101,07c745f0,02000000,8b45f889,45f8660f,8b45108b,058bcb8b,0000d3e0,75108078,8b4dfcc6,81582000,348b5514,108b088b,017599eb,5dc21400,cccccccc
1788306687.191735,27512,7.006492321624085e-45,8.407790785948902e-45,1.401298464324817e-45,1.401298464324817e-45,1.0,0.0,0.0,0.0,0.0,0.0,0.0,1.0,0.0,0.0,0.0,0.0,0.0,0.0,0.0,0.0,0.0,0.0,0.0,0.0,1.0,0.0,1.0,0.0,0.0,0.0,0.0,0.0,0.0,0.0,0.0,0.0,1.0,0.0,0.0,0.0,0.0,0.0,0.0,0.0,0.0,0.0,0.0,0.0,0.0,0.0,0.0,0.0,0f1f8400,c1018d48,8bc1eb0c,000f1f80,00000000,8b5df48b,c8c1f905,f085148e,008b450c,008bca81,01a90000,088b04b9,f8000000,098bc1c1,e817a801,0f85e300,0facc214,f0010000,20040000,a810751b,0d83ff06,45f88b73,1f83ff06,00000006,1af6c101,07c745f0,02000000,8b45f889,45f8660f,8b45108b,058bcb8b,0000d3e0,75108078,8b4dfcc6,81582000,348b5514,108b088b,017599eb,5dc21400,cccccccc
1788306687.2923095,27512,7.006492321624085e-45,8.407790785948902e-45,1.401298464324817e-45,1.401298464324817e-45,1.0,0.0,0.0,0.0,0.0,0.0,0.0,1.0,0.0,0.0,0.0,0.0,0.0,0.0,0.0,0.0,0.0,0.0,0.0,0.0,1.0,0.0,1.0,0.0,0.0,0.0,0.0,0.0,0.0,0.0,0.0,0.0,1.0,0.0,0.0,0.0,0.0,0.0,0.0,0.0,0.0,0.0,0.0,0.0,0.0,0.0,0.0,0.0,0f1f8400,c1018d48,8bc1eb0c,000f1f80,00000000,8b5df48b,c8c1f905,f085148e,008b450c,008bca81,01a90000,088b04b9,f8000000,098bc1c1,e817a801,0f85e300,0facc214,f0010000,20040000,a810751b,0d83ff06,45f88b73,1f83ff06,00000006,1af6c101,07c745f0,02000000,8b45f889,45f8660f,8b45108b,058bcb8b,0000d3e0,75108078,8b4dfcc6,81582000,348b5514,108b088b,017599eb,5dc21400,cccccccc
1788306687.3932583,27512,7.006492321624085e-45,8.407790785948902e-45,1.401298464324817e-45,1.401298464324817e-45,1.0,0.0,0.0,0.0,0.0,0.0,0.0,1.0,0.0,0.0,0.0,0.0,0.0,0.0,0.0,0.0,0.0,0.0,0.0,0.0,1.0,0.0,1.0,0.0,0.0,0.0,0.0,0.0,0.0,0.0,0.0,0.0,1.0,0.0,0.0,0.0,0.0,0.0,0.0,0.0,0.0,0.0,0.0,0.0,0.0,0.0,0.0,0.0,0f1f8400,c1018d48,8bc1eb0c,000f1f80,00000000,8b5df48b,c8c1f905,f085148e,008b450c,008bca81,01a90000,088b04b9,f8000000,098bc1c1,e817a801,0f85e300,0facc214,f0010000,20040000,a810751b,0d83ff06,45f88b73,1f83ff06,00000006,1af6c101,07c745f0,02000000,8b45f889,45f8660f,8b45108b,058bcb8b,0000d3e0,75108078,8b4dfcc6,81582000,348b5514,108b088b,017599eb,5dc21400,cccccccc
1788306687.4945889,27512,7.006492321624085e-45,8.407790785948902e-45,1.401298464324817e-45,1.401298464324817e-45,1.0,0.0,0.0,0.0,0.0,0.0,0.0,1.0,0.0,0.0,0.0,0.0,0.0,0.0,0.0,0.0,0.0,0.0,0.0,0.0,1.0,0.0,1.0,0.0,0.0,0.0,0.0,0.0,0.0,0.0,0.0,0.0,1.0,0.0,0.0,0.0,0.0,0.0,0.0,0.0,0.0,0.0,0.0,0.0,0.0,0.0,0.0,0.0,0f1f8400,c1018d48,8bc1eb0c,000f1f80,00000000,8b5df48b,c8c1f905,f085148e,008b450c,008bca81,01a90000,088b04b9,f8000000,098bc1c1,e817a801,0f85e300,0facc214,f0010000,20040000,a810751b,0d83ff06,45f88b73,1f83ff06,00000006,1af6c101,07c745f0,02000000,8b45f889,45f8660f,8b45108b,058bcb8b,0000d3e0,75108078,8b4dfcc6,81582000,348b5514,108b088b,017599eb,5dc21400,cccccccc
1788306687.5952852,27512,7.006492321624085e-45,8.407790785948902e-45,1.401298464324817e-45,1.401298464324817e-45,1.0,0.0,0.0,0.0,0.0,0.0,0.0,1.0,0.0,0.0,0.0,0.0,0.0,0.0,0.0,0.0,0.0,0.0,0.0,0.0,1.0,0.0,1.0,0.0,0.0,0.0,0.0,0.0,0.0,0.0,0.0,0.0,1.0,0.0,0.0,0.0,0.0,0.0,0.0,0.0,0.0,0.0,0.0,0.0,0.0,0.0,0.0,0.0,0f1f8400,c1018d48,8bc1eb0c,000f1f80,00000000,8b5df48b,c8c1f905,f085148e,008b450c,008bca81,01a90000,088b04b9,f8000000,098bc1c1,e817a801,0f85e300,0facc214,f0010000,20040000,a810751b,0d83ff06,45f88b73,1f83ff06,00000006,1af6c101,07c745f0,02000000,8b45f889,45f8660f,8b45108b,058bcb8b,0000d3e0,75108078,8b4dfcc6,81582000,348b5514,108b088b,017599eb,5dc21400,cccccccc
1788306687.6956956,27512,7.006492321624085e-45,8.407790785948902e-45,1.401298464324817e-45,1.401298464324817e-45,1.0,0.0,0.0,0.0,0.0,0.0,0.0,1.0,0.0,0.0,0.0,0.0,0.0,0.0,0.0,0.0,0.0,0.0,0.0,0.0,1.0,0.0,1.0,0.0,0.0,0.0,0.0,0.0,0.0,0.0,0.0,0.0,1.0,0.0,0.0,0.0,0.0,0.0,0.0,0.0,0.0,0.0,0.0,0.0,0.0,0.0,0.0,0.0,0f1f8400,c1018d48,8bc1eb0c,000f1f80,00000000,8b5df48b,c8c1f905,f085148e,008b450c,008bca81,01a90000,088b04b9,f8000000,098bc1c1,e817a801,0f85e300,0facc214,f0010000,20040000,a810751b,0d83ff06,45f88b73,1f83ff06,00000006,1af6c101,07c745f0,02000000,8b45f889,45f8660f,8b45108b,058bcb8b,0000d3e0,75108078,8b4dfcc6,81582000,348b5514,108b088b,017599eb,5dc21400,cccccccc
1788306687.797211,27512,7.006492321624085e-45,8.407790785948902e-45,1.401298464324817e-45,1.401298464324817e-45,1.0,0.0,0.0,0.0,0.0,0.0,0.0,1.0,0.0,0.0,0.0,0.0,0.0,0.0,0.0,0.0,0.0,0.0,0.0,0.0,1.0,0.0,1.0,0.0,0.0,0.0,0.0,0.0,0.0,0.0,0.0,0.0,1.0,0.0,0.0,0.0,0.0,0.0,0.0,0.0,0.0,0.0,0.0,0.0,0.0,0.0,0.0,0.0,0f1f8400,c1018d48,8bc1eb0c,000f1f80,00000000,8b5df48b,c8c1f905,f085148e,008b450c,008bca81,01a90000,088b04b9,f8000000,098bc1c1,e817a801,0f85e300,0facc214,f0010000,20040000,a810751b,0d83ff06,45f88b73,1f83ff06,00000006,1af6c101,07c745f0,02000000,8b45f889,45f8660f,8b45108b,058bcb8b,0000d3e0,75108078,8b4dfcc6,81582000,348b5514,108b088b,017599eb,5dc21400,cccccccc
1788306687.8978052,27512,7.006492321624085e-45,8.407790785948902e-45,1.401298464324817e-45,1.401298464324817e-45,1.0,0.0,0.0,0.0,0.0,0.0,0.0,1.0,0.0,0.0,0.0,0.0,0.0,0.0,0.0,0.0,0.0,0.0,0.0,0.0,1.0,0.0,1.0,0.0,0.0,0.0,0.0,0.0,0.0,0.0,0.0,0.0,1.0,0.0,0.0,0.0,0.0,0.0,0.0,0.0,0.0,0.0,0.0,0.0,0.0,0.0,0.0,0.0,0f1f8400,c1018d48,8bc1eb0c,000f1f80,00000000,8b5df48b,c8c1f905,f085148e,008b450c,008bca81,01a90000,088b04b9,f8000000,098bc1c1,e817a801,0f85e300,0facc214,f0010000,20040000,a810751b,0d83ff06,45f88b73,1f83ff06,00000006,1af6c101,07c745f0,02000000,8b45f889,45f8660f,8b45108b,058bcb8b,0000d3e0,75108078,8b4dfcc6,81582000,348b5514,108b088b,017599eb,5dc21400,cccccccc
1788306687.9985278,27512,7.006492321624085e-45,8.407790785948902e-45,1.401298464324817e-45,1.401298464324817e-45,1.0,0.0,0.0,0.0,0.0,0.0,0.0,1.0,0.0,0.0,0.0,0.0,0.0,0.0,0.0,0.0,0.0,0.0,0.0,0.0,1.0,0.0,1.0,0.0,0.0,0.0,0.0,0.0,0.0,0.0,0.0,0.0,1.0,0.0,0.0,0.0,0.0,0.0,0.0,0.0,0.0,0.0,0.0,0.0,0.0,0.0,0.0,0.0,0f1f8400,c1018d48,8bc1eb0c,000f1f80,00000000,8b5df48b,c8c1f905,f085148e,008b450c,008bca81,01a90000,088b04b9,f8000000,098bc1c1,e817a801,0f85e300,0facc214,f0010000,20040000,a810751b,0d83ff06,45f88b73,1f83ff06,00000006,1af6c101,07c745f0,02000000,8b45f889,45f8660f,8b45108b,058bcb8b,0000d3e0,75108078,8b4dfcc6,81582000,348b5514,108b088b,017599eb,5dc21400,cccccccc
1788306688.098855,27512,7.006492321624085e-45,8.407790785948902e-45,1.401298464324817e-45,1.401298464324817e-45,1.0,0.0,0.0,0.0,0.0,0.0,0.0,1.0,0.0,0.0,0.0,0.0,0.0,0.0,0.0,0.0,0.0,0.0,0.0,0.0,1.0,0.0,1.0,0.0,0.0,0.0,0.0,0.0,0.0,0.0,0.0,0.0,1.0,0.0,0.0,0.0,0.0,0.0,0.0,0.0,0.0,0.0,0.0,0.0,0.0,0.0,0.0,0.0,0f1f8400,c1018d48,8bc1eb0c,000f1f80,00000000,8b5df48b,c8c1f905,f085148e,008b450c,008bca81,01a90000,088b04b9,f8000000,098bc1c1,e817a801,0f85e300,0facc214,f0010000,20040000,a810751b,0d83ff06,45f88b73,1f83ff06,00000006,1af6c101,07c745f0,02000000,8b45f889,45f8660f,8b45108b,058bcb8b,0000d3e0,75108078,8b4dfcc6,81582000,348b5514,108b088b,017599eb,5dc21400,cccccccc
1788306688.1993885,27512,7.006492321624085e-45,8.407790785948902e-45,1.401298464324817e-45,1.401298464324817e-45,1.0,0.0,0.0,0.0,0.0,0.0,0.0,1.0,0.0,0.0,0.0,0.0,0.0,0.0,0.0,0.0,0.0,0.0,0.0,0.0,1.0,0.0,1.0,0.0,0.0,0.0,0.0,0.0,0.0,0.0,0.0,0.0,1.0,0.0,0.0,0.0,0.0,0.0,0.0,0.0,0.0,0.0,0.0,0.0,0.0,0.0,0.0,0.0,0f1f8400,c1018d48,8bc1eb0c,000f1f80,00000000,8b5df48b,c8c1f905,f085148e,008b450c,008bca81,01a90000,088b04b9,f8000000,098bc1c1,e817a801,0f85e300,0facc214,f0010000,20040000,a810751b,0d83ff06,45f88b73,1f83ff06,00000006,1af6c101,07c745f0,02000000,8b45f889,45f8660f,8b45108b,058bcb8b,0000d3e0,75108078,8b4dfcc6,81582000,348b5514,108b088b,017599eb,5dc21400,cccccccc
1788306688.299864,27512,7.006492321624085e-45,8.407790785948902e-45,1.401298464324817e-45,1.401298464324817e-45,1.0,0.0,0.0,0.0,0.0,0.0,0.0,1.0,0.0,0.0,0.0,0.0,0.0,0.0,0.0,0.0,0.0,0.0,0.0,0.0,1.0,0.0,1.0,0.0,0.0,0.0,0.0,0.0,0.0,0.0,0.0,0.0,1.0,0.0,0.0,0.0,0.0,0.0,0.0,0.0,0.0,0.0,0.0,0.0,0.0,0.0,0.0,0.0,0f1f8400,c1018d48,8bc1eb0c,000f1f80,00000000,8b5df48b,c8c1f905,f085148e,008b450c,008bca81,01a90000,088b04b9,f8000000,098bc1c1,e817a801,0f85e300,0facc214,f0010000,20040000,a810751b,0d83ff06,45f88b73,1f83ff06,00000006,1af6c101,07c745f0,02000000,8b45f889,45f8660f,8b45108b,058bcb8b,0000d3e0,75108078,8b4dfcc6,81582000,348b5514,108b088b,017599eb,5dc21400,cccccccc
1788306688.4005628,27512,7.006492321624085e-45,8.407790785948902e-45,1.401298464324817e-45,1.401298464324817e-45,1.0,0.0,0.0,0.0,0.0,0.0,0.0,1.0,0.0,0.0,0.0,0.0,0.0,0.0,0.0,0.0,0.0,0.0,0.0,0.0,1.0,0.0,1.0,0.0,0.0,0.0,0.0,0.0,0.0,0.0,0.0,0.0,1.0,0.0,0.0,0.0,0.0,0.0,0.0,0.0,0.0,0.0,0.0,0.0,0.0,0.0,0.0,0.0,0f1f8400,c1018d48,8bc1eb0c,000f1f80,00000000,8b5df48b,c8c1f905,f085148e,008b450c,008bca81,01a90000,088b04b9,f8000000,098bc1c1,e817a801,0f85e300,0facc214,f0010000,20040000,a810751b,0d83ff06,45f88b73,1f83ff06,00000006,1af6c101,07c745f0,02000000,8b45f889,45f8660f,8b45108b,058bcb8b,0000d3e0,75108078,8b4dfcc6,81582000,348b5514,108b088b,017599eb,5dc21400,cccccccc
1788306688.5010252,27512,7.006492321624085e-45,8.407790785948902e-45,1.401298464324817e-45,1.401298464324817e-45,1.0,0.0,0.0,0.0,0.0,0.0,0.0,1.0,0.0,0.0,0.0,0.0,0.0,0.0,0.0,0.0,0.0,0.0,0.0,0.0,1.0,0.0,1.0,0.0,0.0,0.0,0.0,0.0,0.0,0.0,0.0,0.0,1.0,0.0,0.0,0.0,0.0,0.0,0.0,0.0,0.0,0.0,0.0,0.0,0.0,0.0,0.0,0.0,0f1f8400,c1018d48,8bc1eb0c,000f1f80,00000000,8b5df48b,c8c1f905,f085148e,008b450c,008bca81,01a90000,088b04b9,f8000000,098bc1c1,e817a801,0f85e300,0facc214,f0010000,20040000,a810751b,0d83ff06,45f88b73,1f83ff06,00000006,1af6c101,07c745f0,02000000,8b45f889,45f8660f,8b45108b,058bcb8b,0000d3e0,75108078,8b4dfcc6,81582000,348b5514,108b088b,017599eb,5dc21400,cccccccc
1788306688.601986,27512,7.006492321624085e-45,8.407790785948902e-45,1.401298464324817e-45,1.401298464324817e-45,1.0,0.0,0.0,0.0,0.0,0.0,0.0,1.0,0.0,0.0,0.0,0.0,0.0,0.0,0.0,0.0,0.0,0.0,0.0,0.0,1.0,0.0,1.0,0.0,0.0,0.0,0.0,0.0,0.0,0.0,0.0,0.0,1.0,0.0,0.0,0.0,0.0,0.0,0.0,0.0,0.0,0.0,0.0,0.0,0.0,0.0,0.0,0.0,0f1f8400,c1018d48,8bc1eb0c,000f1f80,00000000,8b5df48b,c8c1f905,f085148e,008b450c,008bca81,01a90000,088b04b9,f8000000,098bc1c1,e817a801,0f85e300,0facc214,f0010000,20040000,a810751b,0d83ff06,45f88b73,1f83ff06,00000006,1af6c101,07c745f0,02000000,8b45f889,45f8660f,8b45108b,058bcb8b,0000d3e0,75108078,8b4dfcc6,81582000,348b5514,108b088b,017599eb,5dc21400,cccccccc
1788306688.702712,27512,7.006492321624085e-45,8.407790785948902e-45,1.401298464324817e-45,1.401298464324817e-45,1.0,0.0,0.0,0.0,0.0,0.0,0.0,1.0,0.0,0.0,0.0,0.0,0.0,0.0,0.0,0.0,0.0,0.0,0.0,0.0,1.0,0.0,1.0,0.0,0.0,0.0,0.0,0.0,0.0,0.0,0.0,0.0,1.0,0.0,0.0,0.0,0.0,0.0,0.0,0.0,0.0,0.0,0.0,0.0,0.0,0.0,0.0,0.0,0f1f8400,c1018d48,8bc1eb0c,000f1f80,00000000,8b5df48b,c8c1f905,f085148e,008b450c,008bca81,01a90000,088b04b9,f8000000,098bc1c1,e817a801,0f85e300,0facc214,f0010000,20040000,a810751b,0d83ff06,45f88b73,1f83ff06,00000006,1af6c101,07c745f0,02000000,8b45f889,45f8660f,8b45108b,058bcb8b,0000d3e0,75108078,8b4dfcc6,81582000,348b5514,108b088b,017599eb,5dc21400,cccccccc
1788306688.8032968,27512,7.006492321624085e-45,8.407790785948902e-45,1.401298464324817e-45,1.401298464324817e-45,1.0,0.0,0.0,0.0,0.0,0.0,0.0,1.0,0.0,0.0,0.0,0.0,0.0,0.0,0.0,0.0,0.0,0.0,0.0,0.0,1.0,0.0,1.0,0.0,0.0,0.0,0.0,0.0,0.0,0.0,0.0,0.0,1.0,0.0,0.0,0.0,0.0,0.0,0.0,0.0,0.0,0.0,0.0,0.0,0.0,0.0,0.0,0.0,0f1f8400,c1018d48,8bc1eb0c,000f1f80,00000000,8b5df48b,c8c1f905,f085148e,008b450c,008bca81,01a90000,088b04b9,f8000000,098bc1c1,e817a801,0f85e300,0facc214,f0010000,20040000,a810751b,0d83ff06,45f88b73,1f83ff06,00000006,1af6c101,07c745f0,02000000,8b45f889,45f8660f,8b45108b,058bcb8b,0000d3e0,75108078,8b4dfcc6,81582000,348b5514,108b088b,017599eb,5dc21400,cccccccc
1788306688.9042718,27512,7.006492321624085e-45,8.407790785948902e-45,1.401298464324817e-45,1.401298464324817e-45,1.0,0.0,0.0,0.0,0.0,0.0,0.0,1.0,0.0,0.0,0.0,0.0,0.0,0.0,0.0,0.0,0.0,0.0,0.0,0.0,1.0,0.0,1.0,0.0,0.0,0.0,0.0,0.0,0.0,0.0,0.0,0.0,1.0,0.0,0.0,0.0,0.0,0.0,0.0,0.0,0.0,0.0,0.0,0.0,0.0,0.0,0.0,0.0,0f1f8400,c1018d48,8bc1eb0c,000f1f80,00000000,8b5df48b,c8c1f905,f085148e,008b450c,008bca81,01a90000,088b04b9,f8000000,098bc1c1,e817a801,0f85e300,0facc214,f0010000,20040000,a810751b,0d83ff06,45f88b73,1f83ff06,00000006,1af6c101,07c745f0,02000000,8b45f889,45f8660f,8b45108b,058bcb8b,0000d3e0,75108078,8b4dfcc6,81582000,348b5514,108b088b,017599eb,5dc21400,cccccccc
1788306689.0048044,27512,7.006492321624085e-45,8.407790785948902e-45,1.401298464324817e-45,1.401298464324817e-45,1.0,0.0,0.0,0.0,0.0,0.0,0.0,1.0,0.0,0.0,0.0,0.0,0.0,0.0,0.0,0.0,0.0,0.0,0.0,0.0,1.0,0.0,1.0,0.0,0.0,0.0,0.0,0.0,0.0,0.0,0.0,0.0,1.0,0.0,0.0,0.0,0.0,0.0,0.0,0.0,0.0,0.0,0.0,0.0,0.0,0.0,0.0,0.0,0f1f8400,c1018d48,8bc1eb0c,000f1f80,00000000,8b5df48b,c8c1f905,f085148e,008b450c,008bca81,01a90000,088b04b9,f8000000,098bc1c1,e817a801,0f85e300,0facc214,f0010000,20040000,a810751b,0d83ff06,45f88b73,1f83ff06,00000006,1af6c101,07c745f0,02000000,8b45f889,45f8660f,8b45108b,058bcb8b,0000d3e0,75108078,8b4dfcc6,81582000,348b5514,108b088b,017599eb,5dc21400,cccccccc
1788306689.105418,27512,7.006492321624085e-45,8.407790785948902e-45,1.401298464324817e-45,1.401298464324817e-45,1.0,0.0,0.0,0.0,0.0,0.0,0.0,1.0,0.0,0.0,0.0,0.0,0.0,0.0,0.0,0.0,0.0,0.0,0.0,0.0,1.0,0.0,1.0,0.0,0.0,0.0,0.0,0.0,0.0,0.0,0.0,0.0,1.0,0.0,0.0,0.0,0.0,0.0,0.0,0.0,0.0,0.0,0.0,0.0,0.0,0.0,0.0,0.0,0f1f8400,c1018d48,8bc1eb0c,000f1f80,00000000,8b5df48b,c8c1f905,f085148e,008b450c,008bca81,01a90000,088b04b9,f8000000,098bc1c1,e817a801,0f85e300,0facc214,f0010000,20040000,a810751b,0d83ff06,45f88b73,1f83ff06,00000006,1af6c101,07c745f0,02000000,8b45f889,45f8660f,8b45108b,058bcb8b,0000d3e0,75108078,8b4dfcc6,81582000,348b5514,108b088b,017599eb,5dc21400,cccccccc
1788306689.2240496,27512,7.006492321624085e-45,8.407790785948902e-45,1.401298464324817e-45,1.401298464324817e-45,1.0,0.0,0.0,0.0,0.0,0.0,0.0,1.0,0.0,0.0,0.0,0.0,0.0,0.0,0.0,0.0,0.0,0.0,0.0,0.0,1.0,0.0,1.0,0.0,0.0,0.0,0.0,0.0,0.0,0.0,0.0,0.0,1.0,0.0,0.0,0.0,0.0,0.0,0.0,0.0,0.0,0.0,0.0,0.0,0.0,0.0,0.0,0.0,0f1f8400,c1018d48,8bc1eb0c,000f1f80,00000000,8b5df48b,c8c1f905,f085148e,008b450c,008bca81,01a90000,088b04b9,f8000000,098bc1c1,e817a801,0f85e300,0facc214,f0010000,20040000,a810751b,0d83ff06,45f88b73,1f83ff06,00000006,1af6c101,07c745f0,02000000,8b45f889,45f8660f,8b45108b,058bcb8b,0000d3e0,75108078,8b4dfcc6,81582000,348b5514,108b088b,017599eb,5dc21400,cccccccc
1788306689.32445,27512,7.006492321624085e-45,8.407790785948902e-45,1.401298464324817e-45,1.401298464324817e-45,1.0,0.0,0.0,0.0,0.0,0.0,0.0,1.0,0.0,0.0,0.0,0.0,0.0,0.0,0.0,0.0,0.0,0.0,0.0,0.0,1.0,0.0,1.0,0.0,0.0,0.0,0.0,0.0,0.0,0.0,0.0,0.0,1.0,0.0,0.0,0.0,0.0,0.0,0.0,0.0,0.0,0.0,0.0,0.0,0.0,0.0,0.0,0.0,0f1f8400,c1018d48,8bc1eb0c,000f1f80,00000000,8b5df48b,c8c1f905,f085148e,008b450c,008bca81,01a90000,088b04b9,f8000000,098bc1c1,e817a801,0f85e300,0facc214,f0010000,20040000,a810751b,0d83ff06,45f88b73,1f83ff06,00000006,1af6c101,07c745f0,02000000,8b45f889,45f8660f,8b45108b,058bcb8b,0000d3e0,75108078,8b4dfcc6,81582000,348b5514,108b088b,017599eb,5dc21400,cccccccc
1788306689.4251263,27512,7.006492321624085e-45,8.407790785948902e-45,1.401298464324817e-45,1.401298464324817e-45,1.0,0.0,0.0,0.0,0.0,0.0,0.0,1.0,0.0,0.0,0.0,0.0,0.0,0.0,0.0,0.0,0.0,0.0,0.0,0.0,1.0,0.0,1.0,0.0,0.0,0.0,0.0,0.0,0.0,0.0,0.0,0.0,1.0,0.0,0.0,0.0,0.0,0.0,0.0,0.0,0.0,0.0,0.0,0.0,0.0,0.0,0.0,0.0,0f1f8400,c1018d48,8bc1eb0c,000f1f80,00000000,8b5df48b,c8c1f905,f085148e,008b450c,008bca81,01a90000,088b04b9,f8000000,098bc1c1,e817a801,0f85e300,0facc214,f0010000,20040000,a810751b,0d83ff06,45f88b73,1f83ff06,00000006,1af6c101,07c745f0,02000000,8b45f889,45f8660f,8b45108b,058bcb8b,0000d3e0,75108078,8b4dfcc6,81582000,348b5514,108b088b,017599eb,5dc21400,cccccccc
1788306689.525973,27512,7.006492321624085e-45,8.407790785948902e-45,1.401298464324817e-45,1.401298464324817e-45,1.0,0.0,0.0,0.0,0.0,0.0,0.0,1.0,0.0,0.0,0.0,0.0,0.0,0.0,0.0,0.0,0.0,0.0,0.0,0.0,1.0,0.0,1.0,0.0,0.0,0.0,0.0,0.0,0.0,0.0,0.0,0.0,1.0,0.0,0.0,0.0,0.0,0.0,0.0,0.0,0.0,0.0,0.0,0.0,0.0,0.0,0.0,0.0,0f1f8400,c1018d48,8bc1eb0c,000f1f80,00000000,8b5df48b,c8c1f905,f085148e,008b450c,008bca81,01a90000,088b04b9,f8000000,098bc1c1,e817a801,0f85e300,0facc214,f0010000,20040000,a810751b,0d83ff06,45f88b73,1f83ff06,00000006,1af6c101,07c745f0,02000000,8b45f889,45f8660f,8b45108b,058bcb8b,0000d3e0,75108078,8b4dfcc6,81582000,348b5514,108b088b,017599eb,5dc21400,cccccccc
1788306689.6266465,27512,7.006492321624085e-45,8.407790785948902e-45,1.401298464324817e-45,1.401298464324817e-45,1.0,0.0,0.0,0.0,0.0,0.0,0.0,1.0,0.0,0.0,0.0,0.0,0.0,0.0,0.0,0.0,0.0,0.0,0.0,0.0,1.0,0.0,1.0,0.0,0.0,0.0,0.0,0.0,0.0,0.0,0.0,0.0,1.0,0.0,0.0,0.0,0.0,0.0,0.0,0.0,0.0,0.0,0.0,0.0,0.0,0.0,0.0,0.0,0f1f8400,c1018d48,8bc1eb0c,000f1f80,00000000,8b5df48b,c8c1f905,f085148e,008b450c,008bca81,01a90000,088b04b9,f8000000,098bc1c1,e817a801,0f85e300,0facc214,f0010000,20040000,a810751b,0d83ff06,45f88b73,1f83ff06,00000006,1af6c101,07c745f0,02000000,8b45f889,45f8660f,8b45108b,058bcb8b,0000d3e0,75108078,8b4dfcc6,81582000,348b5514,108b088b,017599eb,5dc21400,cccccccc
1788306689.7277658,27512,7.006492321624085e-45,8.407790785948902e-45,1.401298464324817e-45,1.401298464324817e-45,1.0,0.0,0.0,0.0,0.0,0.0,0.0,1.0,0.0,0.0,0.0,0.0,0.0,0.0,0.0,0.0,0.0,0.0,0.0,0.0,1.0,0.0,1.0,0.0,0.0,0.0,0.0,0.0,0.0,0.0,0.0,0.0,1.0,0.0,0.0,0.0,0.0,0.0,0.0,0.0,0.0,0.0,0.0,0.0,0.0,0.0,0.0,0.0,0f1f8400,c1018d48,8bc1eb0c,000f1f80,00000000,8b5df48b,c8c1f905,f085148e,008b450c,008bca81,01a90000,088b04b9,f8000000,098bc1c1,e817a801,0f85e300,0facc214,f0010000,20040000,a810751b,0d83ff06,45f88b73,1f83ff06,00000006,1af6c101,07c745f0,02000000,8b45f889,45f8660f,8b45108b,058bcb8b,0000d3e0,75108078,8b4dfcc6,81582000,348b5514,108b088b,017599eb,5dc21400,cccccccc
1788306689.8487809,27512,7.006492321624085e-45,8.407790785948902e-45,1.401298464324817e-45,1.401298464324817e-45,1.0,0.0,0.0,0.0,0.0,0.0,0.0,1.0,0.0,0.0,0.0,0.0,0.0,0.0,0.0,0.0,0.0,0.0,0.0,0.0,1.0,0.0,1.0,0.0,0.0,0.0,0.0,0.0,0.0,0.0,0.0,0.0,1.0,0.0,0.0,0.0,0.0,0.0,0.0,0.0,0.0,0.0,0.0,0.0,0.0,0.0,0.0,0.0,0f1f8400,c1018d48,8bc1eb0c,000f1f80,00000000,8b5df48b,c8c1f905,f085148e,008b450c,008bca81,01a90000,088b04b9,f8000000,098bc1c1,e817a801,0f85e300,0facc214,f0010000,20040000,a810751b,0d83ff06,45f88b73,1f83ff06,00000006,1af6c101,07c745f0,02000000,8b45f889,45f8660f,8b45108b,058bcb8b,0000d3e0,75108078,8b4dfcc6,81582000,348b5514,108b088b,017599eb,5dc21400,cccccccc
1788306689.950478,27512,7.006492321624085e-45,8.407790785948902e-45,1.401298464324817e-45,1.401298464324817e-45,1.0,0.0,0.0,0.0,0.0,0.0,0.0,1.0,0.0,0.0,0.0,0.0,0.0,0.0,0.0,0.0,0.0,0.0,0.0,0.0,1.0,0.0,1.0,0.0,0.0,0.0,0.0,0.0,0.0,0.0,0.0,0.0,1.0,0.0,0.0,0.0,0.0,0.0,0.0,0.0,0.0,0.0,0.0,0.0,0.0,0.0,0.0,0.0,0f1f8400,c1018d48,8bc1eb0c,000f1f80,00000000,8b5df48b,c8c1f905,f085148e,008b450c,008bca81,01a90000,088b04b9,f8000000,098bc1c1,e817a801,0f85e300,0facc214,f0010000,20040000,a810751b,0d83ff06,45f88b73,1f83ff06,00000006,1af6c101,07c745f0,02000000,8b45f889,45f8660f,8b45108b,058bcb8b,0000d3e0,75108078,8b4dfcc6,81582000,348b5514,108b088b,017599eb,5dc21400,cccccccc
1788306690.0510006,27512,7.006492321624085e-45,8.407790785948902e-45,1.401298464324817e-45,1.401298464324817e-45,1.0,0.0,0.0,0.0,0.0,0.0,0.0,1.0,0.0,0.0,0.0,0.0,0.0,0.0,0.0,0.0,0.0,0.0,0.0,0.0,1.0,0.0,1.0,0.0,0.0,0.0,0.0,0.0,0.0,0.0,0.0,0.0,1.0,0.0,0.0,0.0,0.0,0.0,0.0,0.0,0.0,0.0,0.0,0.0,0.0,0.0,0.0,0.0,0f1f8400,c1018d48,8bc1eb0c,000f1f80,00000000,8b5df48b,c8c1f905,f085148e,008b450c,008bca81,01a90000,088b04b9,f8000000,098bc1c1,e817a801,0f85e300,0facc214,f0010000,20040000,a810751b,0d83ff06,45f88b73,1f83ff06,00000006,1af6c101,07c745f0,02000000,8b45f889,45f8660f,8b45108b,058bcb8b,0000d3e0,75108078,8b4dfcc6,81582000,348b5514,108b088b,017599eb,5dc21400,cccccccc
1788306690.152515,27512,7.006492321624085e-45,8.407790785948902e-45,1.401298464324817e-45,1.401298464324817e-45,1.0,0.0,0.0,0.0,0.0,0.0,0.0,1.0,0.0,0.0,0.0,0.0,0.0,0.0,0.0,0.0,0.0,0.0,0.0,0.0,1.0,0.0,1.0,0.0,0.0,0.0,0.0,0.0,0.0,0.0,0.0,0.0,1.0,0.0,0.0,0.0,0.0,0.0,0.0,0.0,0.0,0.0,0.0,0.0,0.0,0.0,0.0,0.0,0f1f8400,c1018d48,8bc1eb0c,000f1f80,00000000,8b5df48b,c8c1f905,f085148e,008b450c,008bca81,01a90000,088b04b9,f8000000,098bc1c1,e817a801,0f85e300,0facc214,f0010000,20040000,a810751b,0d83ff06,45f88b73,1f83ff06,00000006,1af6c101,07c745f0,02000000,8b45f889,45f8660f,8b45108b,058bcb8b,0000d3e0,75108078,8b4dfcc6,81582000,348b5514,108b088b,017599eb,5dc21400,cccccccc
1788306690.2901456,27512,7.006492321624085e-45,8.407790785948902e-45,1.401298464324817e-45,1.401298464324817e-45,1.0,0.0,0.0,0.0,0.0,0.0,0.0,1.0,0.0,0.0,0.0,0.0,0.0,0.0,0.0,0.0,0.0,0.0,0.0,0.0,1.0,0.0,1.0,0.0,0.0,0.0,0.0,0.0,0.0,0.0,0.0,0.0,1.0,0.0,0.0,0.0,0.0,0.0,0.0,0.0,0.0,0.0,0.0,0.0,0.0,0.0,0.0,0.0,0f1f8400,c1018d48,8bc1eb0c,000f1f80,00000000,8b5df48b,c8c1f905,f085148e,008b450c,008bca81,01a90000,088b04b9,f8000000,098bc1c1,e817a801,0f85e300,0facc214,f0010000,20040000,a810751b,0d83ff06,45f88b73,1f83ff06,00000006,1af6c101,07c745f0,02000000,8b45f889,45f8660f,8b45108b,058bcb8b,0000d3e0,75108078,8b4dfcc6,81582000,348b5514,108b088b,017599eb,5dc21400,cccccccc
1788306690.3908803,27512,7.006492321624085e-45,8.407790785948902e-45,1.401298464324817e-45,1.401298464324817e-45,1.0,0.0,0.0,0.0,0.0,0.0,0.0,1.0,0.0,0.0,0.0,0.0,0.0,0.0,0.0,0.0,0.0,0.0,0.0,0.0,1.0,0.0,1.0,0.0,0.0,0.0,0.0,0.0,0.0,0.0,0.0,0.0,1.0,0.0,0.0,0.0,0.0,0.0,0.0,0.0,0.0,0.0,0.0,0.0,0.0,0.0,0.0,0.0,0f1f8400,c1018d48,8bc1eb0c,000f1f80,00000000,8b5df48b,c8c1f905,f085148e,008b450c,008bca81,01a90000,088b04b9,f8000000,098bc1c1,e817a801,0f85e300,0facc214,f0010000,20040000,a810751b,0d83ff06,45f88b73,1f83ff06,00000006,1af6c101,07c745f0,02000000,8b45f889,45f8660f,8b45108b,058bcb8b,0000d3e0,75108078,8b4dfcc6,81582000,348b5514,108b088b,017599eb,5dc21400,cccccccc
1788306690.4921508,27512,7.006492321624085e-45,8.407790785948902e-45,1.401298464324817e-45,1.401298464324817e-45,1.0,0.0,0.0,0.0,0.0,0.0,0.0,1.0,0.0,0.0,0.0,0.0,0.0,0.0,0.0,0.0,0.0,0.0,0.0,0.0,1.0,0.0,1.0,0.0,0.0,0.0,0.0,0.0,0.0,0.0,0.0,0.0,1.0,0.0,0.0,0.0,0.0,0.0,0.0,0.0,0.0,0.0,0.0,0.0,0.0,0.0,0.0,0.0,0f1f8400,c1018d48,8bc1eb0c,000f1f80,00000000,8b5df48b,c8c1f905,f085148e,008b450c,008bca81,01a90000,088b04b9,f8000000,098bc1c1,e817a801,0f85e300,0facc214,f0010000,20040000,a810751b,0d83ff06,45f88b73,1f83ff06,00000006,1af6c101,07c745f0,02000000,8b45f889,45f8660f,8b45108b,058bcb8b,0000d3e0,75108078,8b4dfcc6,81582000,348b5514,108b088b,017599eb,5dc21400,cccccccc
1788306690.592728,27512,7.006492321624085e-45,8.407790785948902e-45,1.401298464324817e-45,1.401298464324817e-45,1.0,0.0,0.0,0.0,0.0,0.0,0.0,1.0,0.0,0.0,0.0,0.0,0.0,0.0,0.0,0.0,0.0,0.0,0.0,0.0,1.0,0.0,1.0,0.0,0.0,0.0,0.0,0.0,0.0,0.0,0.0,0.0,1.0,0.0,0.0,0.0,0.0,0.0,0.0,0.0,0.0,0.0,0.0,0.0,0.0,0.0,0.0,0.0,0f1f8400,c1018d48,8bc1eb0c,000f1f80,00000000,8b5df48b,c8c1f905,f085148e,008b450c,008bca81,01a90000,088b04b9,f8000000,098bc1c1,e817a801,0f85e300,0facc214,f0010000,20040000,a810751b,0d83ff06,45f88b73,1f83ff06,00000006,1af6c101,07c745f0,02000000,8b45f889,45f8660f,8b45108b,058bcb8b,0000d3e0,75108078,8b4dfcc6,81582000,348b5514,108b088b,017599eb,5dc21400,cccccccc
1788306690.6934812,27512,7.006492321624085e-45,8.407790785948902e-45,1.401298464324817e-45,1.401298464324817e-45,1.0,0.0,0.0,0.0,0.0,0.0,0.0,1.0,0.0,0.0,0.0,0.0,0.0,0.0,0.0,0.0,0.0,0.0,0.0,0.0,1.0,0.0,1.0,0.0,0.0,0.0,0.0,0.0,0.0,0.0,0.0,0.0,1.0,0.0,0.0,0.0,0.0,0.0,0.0,0.0,0.0,0.0,0.0,0.0,0.0,0.0,0.0,0.0,0f1f8400,c1018d48,8bc1eb0c,000f1f80,00000000,8b5df48b,c8c1f905,f085148e,008b450c,008bca81,01a90000,088b04b9,f8000000,098bc1c1,e817a801,0f85e300,0facc214,f0010000,20040000,a810751b,0d83ff06,45f88b73,1f83ff06,00000006,1af6c101,07c745f0,02000000,8b45f889,45f8660f,8b45108b,058bcb8b,0000d3e0,75108078,8b4dfcc6,81582000,348b5514,108b088b,017599eb,5dc21400,cccccccc
1788306690.7953768,27512,7.006492321624085e-45,8.407790785948902e-45,1.401298464324817e-45,1.401298464324817e-45,1.0,0.0,0.0,0.0,0.0,0.0,0.0,1.0,0.0,0.0,0.0,0.0,0.0,0.0,0.0,0.0,0.0,0.0,0.0,0.0,1.0,0.0,1.0,0.0,0.0,0.0,0.0,0.0,0.0,0.0,0.0,0.0,1.0,0.0,0.0,0.0,0.0,0.0,0.0,0.0,0.0,0.0,0.0,0.0,0.0,0.0,0.0,0.0,0f1f8400,c1018d48,8bc1eb0c,000f1f80,00000000,8b5df48b,c8c1f905,f085148e,008b450c,008bca81,01a90000,088b04b9,f8000000,098bc1c1,e817a801,0f85e300,0facc214,f0010000,20040000,a810751b,0d83ff06,45f88b73,1f83ff06,00000006,1af6c101,07c745f0,02000000,8b45f889,45f8660f,8b45108b,058bcb8b,0000d3e0,75108078,8b4dfcc6,81582000,348b5514,108b088b,017599eb,5dc21400,cccccccc
1788306690.8963408,27512,7.006492321624085e-45,8.407790785948902e-45,1.401298464324817e-45,1.401298464324817e-45,1.0,0.0,0.0,0.0,0.0,0.0,0.0,1.0,0.0,0.0,0.0,0.0,0.0,0.0,0.0,0.0,0.0,0.0,0.0,0.0,1.0,0.0,1.0,0.0,0.0,0.0,0.0,0.0,0.0,0.0,0.0,0.0,1.0,0.0,0.0,0.0,0.0,0.0,0.0,0.0,0.0,0.0,0.0,0.0,0.0,0.0,0.0,0.0,0f1f8400,c1018d48,8bc1eb0c,000f1f80,00000000,8b5df48b,c8c1f905,f085148e,008b450c,008bca81,01a90000,088b04b9,f8000000,098bc1c1,e817a801,0f85e300,0facc214,f0010000,20040000,a810751b,0d83ff06,45f88b73,1f83ff06,00000006,1af6c101,07c745f0,02000000,8b45f889,45f8660f,8b45108b,058bcb8b,0000d3e0,75108078,8b4dfcc6,81582000,348b5514,108b088b,017599eb,5dc21400,cccccccc
1788306690.9973176,27512,7.006492321624085e-45,8.407790785948902e-45,1.401298464324817e-45,1.401298464324817e-45,1.0,0.0,0.0,0.0,0.0,0.0,0.0,1.0,0.0,0.0,0.0,0.0,0.0,0.0,0.0,0.0,0.0,0.0,0.0,0.0,1.0,0.0,1.0,0.0,0.0,0.0,0.0,0.0,0.0,0.0,0.0,0.0,1.0,0.0,0.0,0.0,0.0,0.0,0.0,0.0,0.0,0.0,0.0,0.0,0.0,0.0,0.0,0.0,0f1f8400,c1018d48,8bc1eb0c,000f1f80,00000000,8b5df48b,c8c1f905,f085148e,008b450c,008bca81,01a90000,088b04b9,f8000000,098bc1c1,e817a801,0f85e300,0facc214,f0010000,20040000,a810751b,0d83ff06,45f88b73,1f83ff06,00000006,1af6c101,07c745f0,02000000,8b45f889,45f8660f,8b45108b,058bcb8b,0000d3e0,75108078,8b4dfcc6,81582000,348b5514,108b088b,017599eb,5dc21400,cccccccc
1788306691.0980988,27512,7.006492321624085e-45,8.407790785948902e-45,1.401298464324817e-45,1.401298464324817e-45,1.0,0.0,0.0,0.0,0.0,0.0,0.0,1.0,0.0,0.0,0.0,0.0,0.0,0.0,0.0,0.0,0.0,0.0,0.0,0.0,1.0,0.0,1.0,0.0,0.0,0.0,0.0,0.0,0.0,0.0,0.0,0.0,1.0,0.0,0.0,0.0,0.0,0.0,0.0,0.0,0.0,0.0,0.0,0.0,0.0,0.0,0.0,0.0,0f1f8400,c1018d48,8bc1eb0c,000f1f80,00000000,8b5df48b,c8c1f905,f085148e,008b450c,008bca81,01a90000,088b04b9,f8000000,098bc1c1,e817a801,0f85e300,0facc214,f0010000,20040000,a810751b,0d83ff06,45f88b73,1f83ff06,00000006,1af6c101,07c745f0,02000000,8b45f889,45f8660f,8b45108b,058bcb8b,0000d3e0,75108078,8b4dfcc6,81582000,348b5514,108b088b,017599eb,5dc21400,cccccccc
1788306691.1990497,27512,7.006492321624085e-45,8.407790785948902e-45,1.401298464324817e-45,1.401298464324817e-45,1.0,0.0,0.0,0.0,0.0,0.0,0.0,1.0,0.0,0.0,0.0,0.0,0.0,0.0,0.0,0.0,0.0,0.0,0.0,0.0,1.0,0.0,1.0,0.0,0.0,0.0,0.0,0.0,0.0,0.0,0.0,0.0,1.0,0.0,0.0,0.0,0.0,0.0,0.0,0.0,0.0,0.0,0.0,0.0,0.0,0.0,0.0,0.0,0f1f8400,c1018d48,8bc1eb0c,000f1f80,00000000,8b5df48b,c8c1f905,f085148e,008b450c,008bca81,01a90000,088b04b9,f8000000,098bc1c1,e817a801,0f85e300,0facc214,f0010000,20040000,a810751b,0d83ff06,45f88b73,1f83ff06,00000006,1af6c101,07c745f0,02000000,8b45f889,45f8660f,8b45108b,058bcb8b,0000d3e0,75108078,8b4dfcc6,81582000,348b5514,108b088b,017599eb,5dc21400,cccccccc
1788306691.29993,27512,7.006492321624085e-45,8.407790785948902e-45,1.401298464324817e-45,1.401298464324817e-45,1.0,0.0,0.0,0.0,0.0,0.0,0.0,1.0,0.0,0.0,0.0,0.0,0.0,0.0,0.0,0.0,0.0,0.0,0.0,0.0,1.0,0.0,1.0,0.0,0.0,0.0,0.0,0.0,0.0,0.0,0.0,0.0,1.0,0.0,0.0,0.0,0.0,0.0,0.0,0.0,0.0,0.0,0.0,0.0,0.0,0.0,0.0,0.0,0f1f8400,c1018d48,8bc1eb0c,000f1f80,00000000,8b5df48b,c8c1f905,f085148e,008b450c,008bca81,01a90000,088b04b9,f8000000,098bc1c1,e817a801,0f85e300,0facc214,f0010000,20040000,a810751b,0d83ff06,45f88b73,1f83ff06,00000006,1af6c101,07c745f0,02000000,8b45f889,45f8660f,8b45108b,058bcb8b,0000d3e0,75108078,8b4dfcc6,81582000,348b5514,108b088b,017599eb,5dc21400,cccccccc
1788306691.4126587,27512,7.006492321624085e-45,8.407790785948902e-45,1.401298464324817e-45,1.401298464324817e-45,1.0,0.0,0.0,0.0,0.0,0.0,0.0,1.0,0.0,0.0,0.0,0.0,0.0,0.0,0.0,0.0,0.0,0.0,0.0,0.0,1.0,0.0,1.0,0.0,0.0,0.0,0.0,0.0,0.0,0.0,0.0,0.0,1.0,0.0,0.0,0.0,0.0,0.0,0.0,0.0,0.0,0.0,0.0,0.0,0.0,0.0,0.0,0.0,0f1f8400,c1018d48,8bc1eb0c,000f1f80,00000000,8b5df48b,c8c1f905,f085148e,008b450c,008bca81,01a90000,088b04b9,f8000000,098bc1c1,e817a801,0f85e300,0facc214,f0010000,20040000,a810751b,0d83ff06,45f88b73,1f83ff06,00000006,1af6c101,07c745f0,02000000,8b45f889,45f8660f,8b45108b,058bcb8b,0000d3e0,75108078,8b4dfcc6,81582000,348b5514,108b088b,017599eb,5dc21400,cccccccc
1788306691.5132039,27512,7.006492321624085e-45,8.407790785948902e-45,1.401298464324817e-45,1.401298464324817e-45,1.0,0.0,0.0,0.0,0.0,0.0,0.0,1.0,0.0,0.0,0.0,0.0,0.0,0.0,0.0,0.0,0.0,0.0,0.0,0.0,1.0,0.0,1.0,0.0,0.0,0.0,0.0,0.0,0.0,0.0,0.0,0.0,1.0,0.0,0.0,0.0,0.0,0.0,0.0,0.0,0.0,0.0,0.0,0.0,0.0,0.0,0.0,0.0,0f1f8400,c1018d48,8bc1eb0c,000f1f80,00000000,8b5df48b,c8c1f905,f085148e,008b450c,008bca81,01a90000,088b04b9,f8000000,098bc1c1,e817a801,0f85e300,0facc214,f0010000,20040000,a810751b,0d83ff06,45f88b73,1f83ff06,00000006,1af6c101,07c745f0,02000000,8b45f889,45f8660f,8b45108b,058bcb8b,0000d3e0,75108078,8b4dfcc6,81582000,348b5514,108b088b,017599eb,5dc21400,cccccccc
1788306691.6142743,27512,7.006492321624085e-45,8.407790785948902e-45,1.401298464324817e-45,1.401298464324817e-45,1.0,0.0,0.0,0.0,0.0,0.0,0.0,1.0,0.0,0.0,0.0,0.0,0.0,0.0,0.0,0.0,0.0,0.0,0.0,0.0,1.0,0.0,1.0,0.0,0.0,0.0,0.0,0.0,0.0,0.0,0.0,0.0,1.0,0.0,0.0,0.0,0.0,0.0,0.0,0.0,0.0,0.0,0.0,0.0,0.0,0.0,0.0,0.0,0f1f8400,c1018d48,8bc1eb0c,000f1f80,00000000,8b5df48b,c8c1f905,f085148e,008b450c,008bca81,01a90000,088b04b9,f8000000,098bc1c1,e817a801,0f85e300,0facc214,f0010000,20040000,a810751b,0d83ff06,45f88b73,1f83ff06,00000006,1af6c101,07c745f0,02000000,8b45f889,45f8660f,8b45108b,058bcb8b,0000d3e0,75108078,8b4dfcc6,81582000,348b5514,108b088b,017599eb,5dc21400,cccccccc
1788306691.715096,27512,7.006492321624085e-45,8.407790785948902e-45,1.401298464324817e-45,1.401298464324817e-45,1.0,0.0,0.0,0.0,0.0,0.0,0.0,1.0,0.0,0.0,0.0,0.0,0.0,0.0,0.0,0.0,0.0,0.0,0.0,0.0,1.0,0.0,1.0,0.0,0.0,0.0,0.0,0.0,0.0,0.0,0.0,0.0,1.0,0.0,0.0,0.0,0.0,0.0,0.0,0.0,0.0,0.0,0.0,0.0,0.0,0.0,0.0,0.0,0f1f8400,c1018d48,8bc1eb0c,000f1f80,00000000,8b5df48b,c8c1f905,f085148e,008b450c,008bca81,01a90000,088b04b9,f8000000,098bc1c1,e817a801,0f85e300,0facc214,f0010000,20040000,a810751b,0d83ff06,45f88b73,1f83ff06,00000006,1af6c101,07c745f0,02000000,8b45f889,45f8660f,8b45108b,058bcb8b,0000d3e0,75108078,8b4dfcc6,81582000,348b5514,108b088b,017599eb,5dc21400,cccccccc
1788306691.8159635,27512,7.006492321624085e-45,8.407790785948902e-45,1.401298464324817e-45,1.401298464324817e-45,1.0,0.0,0.0,0.0,0.0,0.0,0.0,1.0,0.0,0.0,0.0,0.0,0.0,0.0,0.0,0.0,0.0,0.0,0.0,0.0,1.0,0.0,1.0,0.0,0.0,0.0,0.0,0.0,0.0,0.0,0.0,0.0,1.0,0.0,0.0,0.0,0.0,0.0,0.0,0.0,0.0,0.0,0.0,0.0,0.0,0.0,0.0,0.0,0f1f8400,c1018d48,8bc1eb0c,000f1f80,00000000,8b5df48b,c8c1f905,f085148e,008b450c,008bca81,01a90000,088b04b9,f8000000,098bc1c1,e817a801,0f85e300,0facc214,f0010000,20040000,a810751b,0d83ff06,45f88b73,1f83ff06,00000006,1af6c101,07c745f0,02000000,8b45f889,45f8660f,8b45108b,058bcb8b,0000d3e0,75108078,8b4dfcc6,81582000,348b5514,108b088b,017599eb,5dc21400,cccccccc
1788306691.9164429,27512,7.006492321624085e-45,8.407790785948902e-45,1.401298464324817e-45,1.401298464324817e-45,1.0,0.0,0.0,0.0,0.0,0.0,0.0,1.0,0.0,0.0,0.0,0.0,0.0,0.0,0.0,0.0,0.0,0.0,0.0,0.0,1.0,0.0,1.0,0.0,0.0,0.0,0.0,0.0,0.0,0.0,0.0,0.0,1.0,0.0,0.0,0.0,0.0,0.0,0.0,0.0,0.0,0.0,0.0,0.0,0.0,0.0,0.0,0.0,0f1f8400,c1018d48,8bc1eb0c,000f1f80,00000000,8b5df48b,c8c1f905,f085148e,008b450c,008bca81,01a90000,088b04b9,f8000000,098bc1c1,e817a801,0f85e300,0facc214,f0010000,20040000,a810751b,0d83ff06,45f88b73,1f83ff06,00000006,1af6c101,07c745f0,02000000,8b45f889,45f8660f,8b45108b,058bcb8b,0000d3e0,75108078,8b4dfcc6,81582000,348b5514,108b088b,017599eb,5dc21400,cccccccc
1788306692.016794,27512,7.006492321624085e-45,8.407790785948902e-45,1.401298464324817e-45,1.401298464324817e-45,1.0,0.0,0.0,0.0,0.0,0.0,0.0,1.0,0.0,0.0,0.0,0.0,0.0,0.0,0.0,0.0,0.0,0.0,0.0,0.0,1.0,0.0,1.0,0.0,0.0,0.0,0.0,0.0,0.0,0.0,0.0,0.0,1.0,0.0,0.0,0.0,0.0,0.0,0.0,0.0,0.0,0.0,0.0,0.0,0.0,0.0,0.0,0.0,0f1f8400,c1018d48,8bc1eb0c,000f1f80,00000000,8b5df48b,c8c1f905,f085148e,008b450c,008bca81,01a90000,088b04b9,f8000000,098bc1c1,e817a801,0f85e300,0facc214,f0010000,20040000,a810751b,0d83ff06,45f88b73,1f83ff06,00000006,1af6c101,07c745f0,02000000,8b45f889,45f8660f,8b45108b,058bcb8b,0000d3e0,75108078,8b4dfcc6,81582000,348b5514,108b088b,017599eb,5dc21400,cccccccc
1788306692.159439,27512,7.006492321624085e-45,8.407790785948902e-45,1.401298464324817e-45,1.401298464324817e-45,1.0,0.0,0.0,0.0,0.0,0.0,0.0,1.0,0.0,0.0,0.0,0.0,0.0,0.0,0.0,0.0,0.0,0.0,0.0,0.0,1.0,0.0,1.0,0.0,0.0,0.0,0.0,0.0,0.0,0.0,0.0,0.0,1.0,0.0,0.0,0.0,0.0,0.0,0.0,0.0,0.0,0.0,0.0,0.0,0.0,0.0,0.0,0.0,0f1f8400,c1018d48,8bc1eb0c,000f1f80,00000000,8b5df48b,c8c1f905,f085148e,008b450c,008bca81,01a90000,088b04b9,f8000000,098bc1c1,e817a801,0f85e300,0facc214,f0010000,20040000,a810751b,0d83ff06,45f88b73,1f83ff06,00000006,1af6c101,07c745f0,02000000,8b45f889,45f8660f,8b45108b,058bcb8b,0000d3e0,75108078,8b4dfcc6,81582000,348b5514,108b088b,017599eb,5dc21400,cccccccc
1788306692.2601948,27512,7.006492321624085e-45,8.407790785948902e-45,1.401298464324817e-45,1.401298464324817e-45,1.0,0.0,0.0,0.0,0.0,0.0,0.0,1.0,0.0,0.0,0.0,0.0,0.0,0.0,0.0,0.0,0.0,0.0,0.0,0.0,1.0,0.0,1.0,0.0,0.0,0.0,0.0,0.0,0.0,0.0,0.0,0.0,1.0,0.0,0.0,0.0,0.0,0.0,0.0,0.0,0.0,0.0,0.0,0.0,0.0,0.0,0.0,0.0,0f1f8400,c1018d48,8bc1eb0c,000f1f80,00000000,8b5df48b,c8c1f905,f085148e,008b450c,008bca81,01a90000,088b04b9,f8000000,098bc1c1,e817a801,0f85e300,0facc214,f0010000,20040000,a810751b,0d83ff06,45f88b73,1f83ff06,00000006,1af6c101,07c745f0,02000000,8b45f889,45f8660f,8b45108b,058bcb8b,0000d3e0,75108078,8b4dfcc6,81582000,348b5514,108b088b,017599eb,5dc21400,cccccccc
1788306692.361549,27512,7.006492321624085e-45,8.407790785948902e-45,1.401298464324817e-45,1.401298464324817e-45,1.0,0.0,0.0,0.0,0.0,0.0,0.0,1.0,0.0,0.0,0.0,0.0,0.0,0.0,0.0,0.0,0.0,0.0,0.0,0.0,1.0,0.0,1.0,0.0,0.0,0.0,0.0,0.0,0.0,0.0,0.0,0.0,1.0,0.0,0.0,0.0,0.0,0.0,0.0,0.0,0.0,0.0,0.0,0.0,0.0,0.0,0.0,0.0,0f1f8400,c1018d48,8bc1eb0c,000f1f80,00000000,8b5df48b,c8c1f905,f085148e,008b450c,008bca81,01a90000,088b04b9,f8000000,098bc1c1,e817a801,0f85e300,0facc214,f0010000,20040000,a810751b,0d83ff06,45f88b73,1f83ff06,00000006,1af6c101,07c745f0,02000000,8b45f889,45f8660f,8b45108b,058bcb8b,0000d3e0,75108078,8b4dfcc6,81582000,348b5514,108b088b,017599eb,5dc21400,cccccccc
1788306692.4622254,27512,7.006492321624085e-45,8.407790785948902e-45,1.401298464324817e-45,1.401298464324817e-45,1.0,0.0,0.0,0.0,0.0,0.0,0.0,1.0,0.0,0.0,0.0,0.0,0.0,0.0,0.0,0.0,0.0,0.0,0.0,0.0,1.0,0.0,1.0,0.0,0.0,0.0,0.0,0.0,0.0,0.0,0.0,0.0,1.0,0.0,0.0,0.0,0.0,0.0,0.0,0.0,0.0,0.0,0.0,0.0,0.0,0.0,0.0,0.0,0f1f8400,c1018d48,8bc1eb0c,000f1f80,00000000,8b5df48b,c8c1f905,f085148e,008b450c,008bca81,01a90000,088b04b9,f8000000,098bc1c1,e817a801,0f85e300,0facc214,f0010000,20040000,a810751b,0d83ff06,45f88b73,1f83ff06,00000006,1af6c101,07c745f0,02000000,8b45f889,45f8660f,8b45108b,058bcb8b,0000d3e0,75108078,8b4dfcc6,81582000,348b5514,108b088b,017599eb,5dc21400,cccccccc
1788306692.563457,27512,7.006492321624085e-45,8.407790785948902e-45,1.401298464324817e-45,1.401298464324817e-45,1.0,0.0,0.0,0.0,0.0,0.0,0.0,1.0,0.0,0.0,0.0,0.0,0.0,0.0,0.0,0.0,0.0,0.0,0.0,0.0,1.0,0.0,1.0,0.0,0.0,0.0,0.0,0.0,0.0,0.0,0.0,0.0,1.0,0.0,0.0,0.0,0.0,0.0,0.0,0.0,0.0,0.0,0.0,0.0,0.0,0.0,0.0,0.0,0f1f8400,c1018d48,8bc1eb0c,000f1f80,00000000,8b5df48b,c8c1f905,f085148e,008b450c,008bca81,01a90000,088b04b9,f8000000,098bc1c1,e817a801,0f85e300,0facc214,f0010000,20040000,a810751b,0d83ff06,45f88b73,1f83ff06,00000006,1af6c101,07c745f0,02000000,8b45f889,45f8660f,8b45108b,058bcb8b,0000d3e0,75108078,8b4dfcc6,81582000,348b5514,108b088b,017599eb,5dc21400,cccccccc
1788306692.6639981,27512,7.006492321624085e-45,8.407790785948902e-45,1.401298464324817e-45,1.401298464324817e-45,1.0,0.0,0.0,0.0,0.0,0.0,0.0,1.0,0.0,0.0,0.0,0.0,0.0,0.0,0.0,0.0,0.0,0.0,0.0,0.0,1.0,0.0,1.0,0.0,0.0,0.0,0.0,0.0,0.0,0.0,0.0,0.0,1.0,0.0,0.0,0.0,0.0,0.0,0.0,0.0,0.0,0.0,0.0,0.0,0.0,0.0,0.0,0.0,0f1f8400,c1018d48,8bc1eb0c,000f1f80,00000000,8b5df48b,c8c1f905,f085148e,008b450c,008bca81,01a90000,088b04b9,f8000000,098bc1c1,e817a801,0f85e300,0facc214,f0010000,20040000,a810751b,0d83ff06,45f88b73,1f83ff06,00000006,1af6c101,07c745f0,02000000,8b45f889,45f8660f,8b45108b,058bcb8b,0000d3e0,75108078,8b4dfcc6,81582000,348b5514,108b088b,017599eb,5dc21400,cccccccc
1788306692.7655935,27512,7.006492321624085e-45,8.407790785948902e-45,1.401298464324817e-45,1.401298464324817e-45,1.0,0.0,0.0,0.0,0.0,0.0,0.0,1.0,0.0,0.0,0.0,0.0,0.0,0.0,0.0,0.0,0.0,0.0,0.0,0.0,1.0,0.0,1.0,0.0,0.0,0.0,0.0,0.0,0.0,0.0,0.0,0.0,1.0,0.0,0.0,0.0,0.0,0.0,0.0,0.0,0.0,0.0,0.0,0.0,0.0,0.0,0.0,0.0,0f1f8400,c1018d48,8bc1eb0c,000f1f80,00000000,8b5df48b,c8c1f905,f085148e,008b450c,008bca81,01a90000,088b04b9,f8000000,098bc1c1,e817a801,0f85e300,0facc214,f0010000,20040000,a810751b,0d83ff06,45f88b73,1f83ff06,00000006,1af6c101,07c745f0,02000000,8b45f889,45f8660f,8b45108b,058bcb8b,0000d3e0,75108078,8b4dfcc6,81582000,348b5514,108b088b,017599eb,5dc21400,cccccccc
1788306692.8665562,27512,7.006492321624085e-45,8.407790785948902e-45,1.401298464324817e-45,1.401298464324817e-45,1.0,0.0,0.0,0.0,0.0,0.0,0.0,1.0,0.0,0.0,0.0,0.0,0.0,0.0,0.0,0.0,0.0,0.0,0.0,0.0,1.0,0.0,1.0,0.0,0.0,0.0,0.0,0.0,0.0,0.0,0.0,0.0,1.0,0.0,0.0,0.0,0.0,0.0,0.0,0.0,0.0,0.0,0.0,0.0,0.0,0.0,0.0,0.0,0f1f8400,c1018d48,8bc1eb0c,000f1f80,00000000,8b5df48b,c8c1f905,f085148e,008b450c,008bca81,01a90000,088b04b9,f8000000,098bc1c1,e817a801,0f85e300,0facc214,f0010000,20040000,a810751b,0d83ff06,45f88b73,1f83ff06,00000006,1af6c101,07c745f0,02000000,8b45f889,45f8660f,8b45108b,058bcb8b,0000d3e0,75108078,8b4dfcc6,81582000,348b5514,108b088b,017599eb,5dc21400,cccccccc
1788306692.968108,27512,7.006492321624085e-45,8.407790785948902e-45,1.401298464324817e-45,1.401298464324817e-45,1.0,0.0,0.0,0.0,0.0,0.0,0.0,1.0,0.0,0.0,0.0,0.0,0.0,0.0,0.0,0.0,0.0,0.0,0.0,0.0,1.0,0.0,1.0,0.0,0.0,0.0,0.0,0.0,0.0,0.0,0.0,0.0,1.0,0.0,0.0,0.0,0.0,0.0,0.0,0.0,0.0,0.0,0.0,0.0,0.0,0.0,0.0,0.0,0f1f8400,c1018d48,8bc1eb0c,000f1f80,00000000,8b5df48b,c8c1f905,f085148e,008b450c,008bca81,01a90000,088b04b9,f8000000,098bc1c1,e817a801,0f85e300,0facc214,f0010000,20040000,a810751b,0d83ff06,45f88b73,1f83ff06,00000006,1af6c101,07c745f0,02000000,8b45f889,45f8660f,8b45108b,058bcb8b,0000d3e0,75108078,8b4dfcc6,81582000,348b5514,108b088b,017599eb,5dc21400,cccccccc
1788306693.0686119,27512,7.006492321624085e-45,8.407790785948902e-45,1.401298464324817e-45,1.401298464324817e-45,1.0,0.0,0.0,0.0,0.0,0.0,0.0,1.0,0.0,0.0,0.0,0.0,0.0,0.0,0.0,0.0,0.0,0.0,0.0,0.0,1.0,0.0,1.0,0.0,0.0,0.0,0.0,0.0,0.0,0.0,0.0,0.0,1.0,0.0,0.0,0.0,0.0,0.0,0.0,0.0,0.0,0.0,0.0,0.0,0.0,0.0,0.0,0.0,0f1f8400,c1018d48,8bc1eb0c,000f1f80,00000000,8b5df48b,c8c1f905,f085148e,008b450c,008bca81,01a90000,088b04b9,f8000000,098bc1c1,e817a801,0f85e300,0facc214,f0010000,20040000,a810751b,0d83ff06,45f88b73,1f83ff06,00000006,1af6c101,07c745f0,02000000,8b45f889,45f8660f,8b45108b,058bcb8b,0000d3e0,75108078,8b4dfcc6,81582000,348b5514,108b088b,017599eb,5dc21400,cccccccc
1788306693.1690872,27512,7.006492321624085e-45,8.407790785948902e-45,1.401298464324817e-45,1.401298464324817e-45,1.0,0.0,0.0,0.0,0.0,0.0,0.0,1.0,0.0,0.0,0.0,0.0,0.0,0.0,0.0,0.0,0.0,0.0,0.0,0.0,1.0,0.0,1.0,0.0,0.0,0.0,0.0,0.0,0.0,0.0,0.0,0.0,1.0,0.0,0.0,0.0,0.0,0.0,0.0,0.0,0.0,0.0,0.0,0.0,0.0,0.0,0.0,0.0,0f1f8400,c1018d48,8bc1eb0c,000f1f80,00000000,8b5df48b,c8c1f905,f085148e,008b450c,008bca81,01a90000,088b04b9,f8000000,098bc1c1,e817a801,0f85e300,0facc214,f0010000,20040000,a810751b,0d83ff06,45f88b73,1f83ff06,00000006,1af6c101,07c745f0,02000000,8b45f889,45f8660f,8b45108b,058bcb8b,0000d3e0,75108078,8b4dfcc6,81582000,348b5514,108b088b,017599eb,5dc21400,cccccccc
1788306693.2695982,27512,7.006492321624085e-45,8.407790785948902e-45,1.401298464324817e-45,1.401298464324817e-45,1.0,0.0,0.0,0.0,0.0,0.0,0.0,1.0,0.0,0.0,0.0,0.0,0.0,0.0,0.0,0.0,0.0,0.0,0.0,0.0,1.0,0.0,1.0,0.0,0.0,0.0,0.0,0.0,0.0,0.0,0.0,0.0,1.0,0.0,0.0,0.0,0.0,0.0,0.0,0.0,0.0,0.0,0.0,0.0,0.0,0.0,0.0,0.0,0f1f8400,c1018d48,8bc1eb0c,000f1f80,00000000,8b5df48b,c8c1f905,f085148e,008b450c,008bca81,01a90000,088b04b9,f8000000,098bc1c1,e817a801,0f85e300,0facc214,f0010000,20040000,a810751b,0d83ff06,45f88b73,1f83ff06,00000006,1af6c101,07c745f0,02000000,8b45f889,45f8660f,8b45108b,058bcb8b,0000d3e0,75108078,8b4dfcc6,81582000,348b5514,108b088b,017599eb,5dc21400,cccccccc
1788306693.370206,27512,7.006492321624085e-45,8.407790785948902e-45,1.401298464324817e-45,1.401298464324817e-45,1.0,0.0,0.0,0.0,0.0,0.0,0.0,1.0,0.0,0.0,0.0,0.0,0.0,0.0,0.0,0.0,0.0,0.0,0.0,0.0,1.0,0.0,1.0,0.0,0.0,0.0,0.0,0.0,0.0,0.0,0.0,0.0,1.0,0.0,0.0,0.0,0.0,0.0,0.0,0.0,0.0,0.0,0.0,0.0,0.0,0.0,0.0,0.0,0f1f8400,c1018d48,8bc1eb0c,000f1f80,00000000,8b5df48b,c8c1f905,f085148e,008b450c,008bca81,01a90000,088b04b9,f8000000,098bc1c1,e817a801,0f85e300,0facc214,f0010000,20040000,a810751b,0d83ff06,45f88b73,1f83ff06,00000006,1af6c101,07c745f0,02000000,8b45f889,45f8660f,8b45108b,058bcb8b,0000d3e0,75108078,8b4dfcc6,81582000,348b5514,108b088b,017599eb,5dc21400,cccccccc
1788306693.4710925,27512,7.006492321624085e-45,8.407790785948902e-45,1.401298464324817e-45,1.401298464324817e-45,1.0,0.0,0.0,0.0,0.0,0.0,0.0,1.0,0.0,0.0,0.0,0.0,0.0,0.0,0.0,0.0,0.0,0.0,0.0,0.0,1.0,0.0,1.0,0.0,0.0,0.0,0.0,0.0,0.0,0.0,0.0,0.0,1.0,0.0,0.0,0.0,0.0,0.0,0.0,0.0,0.0,0.0,0.0,0.0,0.0,0.0,0.0,0.0,0f1f8400,c1018d48,8bc1eb0c,000f1f80,00000000,8b5df48b,c8c1f905,f085148e,008b450c,008bca81,01a90000,088b04b9,f8000000,098bc1c1,e817a801,0f85e300,0facc214,f0010000,20040000,a810751b,0d83ff06,45f88b73,1f83ff06,00000006,1af6c101,07c745f0,02000000,8b45f889,45f8660f,8b45108b,058bcb8b,0000d3e0,75108078,8b4dfcc6,81582000,348b5514,108b088b,017599eb,5dc21400,cccccccc
1788306693.5719151,27512,7.006492321624085e-45,8.407790785948902e-45,1.401298464324817e-45,1.401298464324817e-45,1.0,0.0,0.0,0.0,0.0,0.0,0.0,1.0,0.0,0.0,0.0,0.0,0.0,0.0,0.0,0.0,0.0,0.0,0.0,0.0,1.0,0.0,1.0,0.0,0.0,0.0,0.0,0.0,0.0,0.0,0.0,0.0,1.0,0.0,0.0,0.0,0.0,0.0,0.0,0.0,0.0,0.0,0.0,0.0,0.0,0.0,0.0,0.0,0f1f8400,c1018d48,8bc1eb0c,000f1f80,00000000,8b5df48b,c8c1f905,f085148e,008b450c,008bca81,01a90000,088b04b9,f8000000,098bc1c1,e817a801,0f85e300,0facc214,f0010000,20040000,a810751b,0d83ff06,45f88b73,1f83ff06,00000006,1af6c101,07c745f0,02000000,8b45f889,45f8660f,8b45108b,058bcb8b,0000d3e0,75108078,8b4dfcc6,81582000,348b5514,108b088b,017599eb,5dc21400,cccccccc
1788306693.6721885,27512,7.006492321624085e-45,8.407790785948902e-45,1.401298464324817e-45,1.401298464324817e-45,1.0,0.0,0.0,0.0,0.0,0.0,0.0,1.0,0.0,0.0,0.0,0.0,0.0,0.0,0.0,0.0,0.0,0.0,0.0,0.0,1.0,0.0,1.0,0.0,0.0,0.0,0.0,0.0,0.0,0.0,0.0,0.0,1.0,0.0,0.0,0.0,0.0,0.0,0.0,0.0,0.0,0.0,0.0,0.0,0.0,0.0,0.0,0.0,0f1f8400,c1018d48,8bc1eb0c,000f1f80,00000000,8b5df48b,c8c1f905,f085148e,008b450c,008bca81,01a90000,088b04b9,f8000000,098bc1c1,e817a801,0f85e300,0facc214,f0010000,20040000,a810751b,0d83ff06,45f88b73,1f83ff06,00000006,1af6c101,07c745f0,02000000,8b45f889,45f8660f,8b45108b,058bcb8b,0000d3e0,75108078,8b4dfcc6,81582000,348b5514,108b088b,017599eb,5dc21400,cccccccc
1788306693.772726,27512,7.006492321624085e-45,8.407790785948902e-45,1.401298464324817e-45,1.401298464324817e-45,1.0,0.0,0.0,0.0,0.0,0.0,0.0,1.0,0.0,0.0,0.0,0.0,0.0,0.0,0.0,0.0,0.0,0.0,0.0,0.0,1.0,0.0,1.0,0.0,0.0,0.0,0.0,0.0,0.0,0.0,0.0,0.0,1.0,0.0,0.0,0.0,0.0,0.0,0.0,0.0,0.0,0.0,0.0,0.0,0.0,0.0,0.0,0.0,0f1f8400,c1018d48,8bc1eb0c,000f1f80,00000000,8b5df48b,c8c1f905,f085148e,008b450c,008bca81,01a90000,088b04b9,f8000000,098bc1c1,e817a801,0f85e300,0facc214,f0010000,20040000,a810751b,0d83ff06,45f88b73,1f83ff06,00000006,1af6c101,07c745f0,02000000,8b45f889,45f8660f,8b45108b,058bcb8b,0000d3e0,75108078,8b4dfcc6,81582000,348b5514,108b088b,017599eb,5dc21400,cccccccc
1788306693.8732777,27512,7.006492321624085e-45,8.407790785948902e-45,1.401298464324817e-45,1.401298464324817e-45,1.0,0.0,0.0,0.0,0.0,0.0,0.0,1.0,0.0,0.0,0.0,0.0,0.0,0.0,0.0,0.0,0.0,0.0,0.0,0.0,1.0,0.0,1.0,0.0,0.0,0.0,0.0,0.0,0.0,0.0,0.0,0.0,1.0,0.0,0.0,0.0,0.0,0.0,0.0,0.0,0.0,0.0,0.0,0.0,0.0,0.0,0.0,0.0,0f1f8400,c1018d48,8bc1eb0c,000f1f80,00000000,8b5df48b,c8c1f905,f085148e,008b450c,008bca81,01a90000,088b04b9,f8000000,098bc1c1,e817a801,0f85e300,0facc214,f0010000,20040000,a810751b,0d83ff06,45f88b73,1f83ff06,00000006,1af6c101,07c745f0,02000000,8b45f889,45f8660f,8b45108b,058bcb8b,0000d3e0,75108078,8b4dfcc6,81582000,348b5514,108b088b,017599eb,5dc21400,cccccccc
1788306693.9739504,27512,7.006492321624085e-45,8.407790785948902e-45,1.401298464324817e-45,1.401298464324817e-45,1.0,0.0,0.0,0.0,0.0,0.0,0.0,1.0,0.0,0.0,0.0,0.0,0.0,0.0,0.0,0.0,0.0,0.0,0.0,0.0,1.0,0.0,1.0,0.0,0.0,0.0,0.0,0.0,0.0,0.0,0.0,0.0,1.0,0.0,0.0,0.0,0.0,0.0,0.0,0.0,0.0,0.0,0.0,0.0,0.0,0.0,0.0,0.0,0f1f8400,c1018d48,8bc1eb0c,000f1f80,00000000,8b5df48b,c8c1f905,f085148e,008b450c,008bca81,01a90000,088b04b9,f8000000,098bc1c1,e817a801,0f85e300,0facc214,f0010000,20040000,a810751b,0d83ff06,45f88b73,1f83ff06,00000006,1af6c101,07c745f0,02000000,8b45f889,45f8660f,8b45108b,058bcb8b,0000d3e0,75108078,8b4dfcc6,81582000,348b5514,108b088b,017599eb,5dc21400,cccccccc
1788306694.0748281,27512,7.006492321624085e-45,8.407790785948902e-45,1.401298464324817e-45,1.401298464324817e-45,1.0,0.0,0.0,0.0,0.0,0.0,0.0,1.0,0.0,0.0,0.0,0.0,0.0,0.0,0.0,0.0,0.0,0.0,0.0,0.0,1.0,0.0,1.0,0.0,0.0,0.0,0.0,0.0,0.0,0.0,0.0,0.0,1.0,0.0,0.0,0.0,0.0,0.0,0.0,0.0,0.0,0.0,0.0,0.0,0.0,0.0,0.0,0.0,0f1f8400,c1018d48,8bc1eb0c,000f1f80,00000000,8b5df48b,c8c1f905,f085148e,008b450c,008bca81,01a90000,088b04b9,f8000000,098bc1c1,e817a801,0f85e300,0facc214,f0010000,20040000,a810751b,0d83ff06,45f88b73,1f83ff06,00000006,1af6c101,07c745f0,02000000,8b45f889,45f8660f,8b45108b,058bcb8b,0000d3e0,75108078,8b4dfcc6,81582000,348b5514,108b088b,017599eb,5dc21400,cccccccc
1788306694.1753051,27512,7.006492321624085e-45,8.407790785948902e-45,1.401298464324817e-45,1.401298464324817e-45,1.0,0.0,0.0,0.0,0.0,0.0,0.0,1.0,0.0,0.0,0.0,0.0,0.0,0.0,0.0,0.0,0.0,0.0,0.0,0.0,1.0,0.0,1.0,0.0,0.0,0.0,0.0,0.0,0.0,0.0,0.0,0.0,1.0,0.0,0.0,0.0,0.0,0.0,0.0,0.0,0.0,0.0,0.0,0.0,0.0,0.0,0.0,0.0,0f1f8400,c1018d48,8bc1eb0c,000f1f80,00000000,8b5df48b,c8c1f905,f085148e,008b450c,008bca81,01a90000,088b04b9,f8000000,098bc1c1,e817a801,0f85e300,0facc214,f0010000,20040000,a810751b,0d83ff06,45f88b73,1f83ff06,00000006,1af6c101,07c745f0,02000000,8b45f889,45f8660f,8b45108b,058bcb8b,0000d3e0,75108078,8b4dfcc6,81582000,348b5514,108b088b,017599eb,5dc21400,cccccccc
1788306694.2767146,27512,7.006492321624085e-45,8.407790785948902e-45,1.401298464324817e-45,1.401298464324817e-45,1.0,0.0,0.0,0.0,0.0,0.0,0.0,1.0,0.0,0.0,0.0,0.0,0.0,0.0,0.0,0.0,0.0,0.0,0.0,0.0,1.0,0.0,1.0,0.0,0.0,0.0,0.0,0.0,0.0,0.0,0.0,0.0,1.0,0.0,0.0,0.0,0.0,0.0,0.0,0.0,0.0,0.0,0.0,0.0,0.0,0.0,0.0,0.0,0f1f8400,c1018d48,8bc1eb0c,000f1f80,00000000,8b5df48b,c8c1f905,f085148e,008b450c,008bca81,01a90000,088b04b9,f8000000,098bc1c1,e817a801,0f85e300,0facc214,f0010000,20040000,a810751b,0d83ff06,45f88b73,1f83ff06,00000006,1af6c101,07c745f0,02000000,8b45f889,45f8660f,8b45108b,058bcb8b,0000d3e0,75108078,8b4dfcc6,81582000,348b5514,108b088b,017599eb,5dc21400,cccccccc
1788306694.37751,27512,7.006492321624085e-45,8.407790785948902e-45,1.401298464324817e-45,1.401298464324817e-45,1.0,0.0,0.0,0.0,0.0,0.0,0.0,1.0,0.0,0.0,0.0,0.0,0.0,0.0,0.0,0.0,0.0,0.0,0.0,0.0,1.0,0.0,1.0,0.0,0.0,0.0,0.0,0.0,0.0,0.0,0.0,0.0,1.0,0.0,0.0,0.0,0.0,0.0,0.0,0.0,0.0,0.0,0.0,0.0,0.0,0.0,0.0,0.0,0f1f8400,c1018d48,8bc1eb0c,000f1f80,00000000,8b5df48b,c8c1f905,f085148e,008b450c,008bca81,01a90000,088b04b9,f8000000,098bc1c1,e817a801,0f85e300,0facc214,f0010000,20040000,a810751b,0d83ff06,45f88b73,1f83ff06,00000006,1af6c101,07c745f0,02000000,8b45f889,45f8660f,8b45108b,058bcb8b,0000d3e0,75108078,8b4dfcc6,81582000,348b5514,108b088b,017599eb,5dc21400,cccccccc
1788306694.4780037,27512,7.006492321624085e-45,8.407790785948902e-45,1.401298464324817e-45,1.401298464324817e-45,1.0,0.0,0.0,0.0,0.0,0.0,0.0,1.0,0.0,0.0,0.0,0.0,0.0,0.0,0.0,0.0,0.0,0.0,0.0,0.0,1.0,0.0,1.0,0.0,0.0,0.0,0.0,0.0,0.0,0.0,0.0,0.0,1.0,0.0,0.0,0.0,0.0,0.0,0.0,0.0,0.0,0.0,0.0,0.0,0.0,0.0,0.0,0.0,0f1f8400,c1018d48,8bc1eb0c,000f1f80,00000000,8b5df48b,c8c1f905,f085148e,008b450c,008bca81,01a90000,088b04b9,f8000000,098bc1c1,e817a801,0f85e300,0facc214,f0010000,20040000,a810751b,0d83ff06,45f88b73,1f83ff06,00000006,1af6c101,07c745f0,02000000,8b45f889,45f8660f,8b45108b,058bcb8b,0000d3e0,75108078,8b4dfcc6,81582000,348b5514,108b088b,017599eb,5dc21400,cccccccc
1788306694.5784564,27512,7.006492321624085e-45,8.407790785948902e-45,1.401298464324817e-45,1.401298464324817e-45,1.0,0.0,0.0,0.0,0.0,0.0,0.0,1.0,0.0,0.0,0.0,0.0,0.0,0.0,0.0,0.0,0.0,0.0,0.0,0.0,1.0,0.0,1.0,0.0,0.0,0.0,0.0,0.0,0.0,0.0,0.0,0.0,1.0,0.0,0.0,0.0,0.0,0.0,0.0,0.0,0.0,0.0,0.0,0.0,0.0,0.0,0.0,0.0,0f1f8400,c1018d48,8bc1eb0c,000f1f80,00000000,8b5df48b,c8c1f905,f085148e,008b450c,008bca81,01a90000,088b04b9,f8000000,098bc1c1,e817a801,0f85e300,0facc214,f0010000,20040000,a810751b,0d83ff06,45f88b73,1f83ff06,00000006,1af6c101,07c745f0,02000000,8b45f889,45f8660f,8b45108b,058bcb8b,0000d3e0,75108078,8b4dfcc6,81582000,348b5514,108b088b,017599eb,5dc21400,cccccccc
1788306694.6793957,27512,7.006492321624085e-45,8.407790785948902e-45,1.401298464324817e-45,1.401298464324817e-45,1.0,0.0,0.0,0.0,0.0,0.0,0.0,1.0,0.0,0.0,0.0,0.0,0.0,0.0,0.0,0.0,0.0,0.0,0.0,0.0,1.0,0.0,1.0,0.0,0.0,0.0,0.0,0.0,0.0,0.0,0.0,0.0,1.0,0.0,0.0,0.0,0.0,0.0,0.0,0.0,0.0,0.0,0.0,0.0,0.0,0.0,0.0,0.0,0f1f8400,c1018d48,8bc1eb0c,000f1f80,00000000,8b5df48b,c8c1f905,f085148e,008b450c,008bca81,01a90000,088b04b9,f8000000,098bc1c1,e817a801,0f85e300,0facc214,f0010000,20040000,a810751b,0d83ff06,45f88b73,1f83ff06,00000006,1af6c101,07c745f0,02000000,8b45f889,45f8660f,8b45108b,058bcb8b,0000d3e0,75108078,8b4dfcc6,81582000,348b5514,108b088b,017599eb,5dc21400,cccccccc
1788306694.7800028,27512,7.006492321624085e-45,8.407790785948902e-45,1.401298464324817e-45,1.401298464324817e-45,1.0,0.0,0.0,0.0,0.0,0.0,0.0,1.0,0.0,0.0,0.0,0.0,0.0,0.0,0.0,0.0,0.0,0.0,0.0,0.0,1.0,0.0,1.0,0.0,0.0,0.0,0.0,0.0,0.0,0.0,0.0,0.0,1.0,0.0,0.0,0.0,0.0,0.0,0.0,0.0,0.0,0.0,0.0,0.0,0.0,0.0,0.0,0.0,0f1f8400,c1018d48,8bc1eb0c,000f1f80,00000000,8b5df48b,c8c1f905,f085148e,008b450c,008bca81,01a90000,088b04b9,f8000000,098bc1c1,e817a801,0f85e300,0facc214,f0010000,20040000,a810751b,0d83ff06,45f88b73,1f83ff06,00000006,1af6c101,07c745f0,02000000,8b45f889,45f8660f,8b45108b,058bcb8b,0000d3e0,75108078,8b4dfcc6,81582000,348b5514,108b088b,017599eb,5dc21400,cccccccc
1788306694.880805,27512,7.006492321624085e-45,8.407790785948902e-45,1.401298464324817e-45,1.401298464324817e-45,1.0,0.0,0.0,0.0,0.0,0.0,0.0,1.0,0.0,0.0,0.0,0.0,0.0,0.0,0.0,0.0,0.0,0.0,0.0,0.0,1.0,0.0,1.0,0.0,0.0,0.0,0.0,0.0,0.0,0.0,0.0,0.0,1.0,0.0,0.0,0.0,0.0,0.0,0.0,0.0,0.0,0.0,0.0,0.0,0.0,0.0,0.0,0.0,0f1f8400,c1018d48,8bc1eb0c,000f1f80,00000000,8b5df48b,c8c1f905,f085148e,008b450c,008bca81,01a90000,088b04b9,f8000000,098bc1c1,e817a801,0f85e300,0facc214,f0010000,20040000,a810751b,0d83ff06,45f88b73,1f83ff06,00000006,1af6c101,07c745f0,02000000,8b45f889,45f8660f,8b45108b,058bcb8b,0000d3e0,75108078,8b4dfcc6,81582000,348b5514,108b088b,017599eb,5dc21400,cccccccc
1788306694.9817355,27512,7.006492321624085e-45,8.407790785948902e-45,1.401298464324817e-45,1.401298464324817e-45,1.0,0.0,0.0,0.0,0.0,0.0,0.0,1.0,0.0,0.0,0.0,0.0,0.0,0.0,0.0,0.0,0.0,0.0,0.0,0.0,1.0,0.0,1.0,0.0,0.0,0.0,0.0,0.0,0.0,0.0,0.0,0.0,1.0,0.0,0.0,0.0,0.0,0.0,0.0,0.0,0.0,0.0,0.0,0.0,0.0,0.0,0.0,0.0,0f1f8400,c1018d48,8bc1eb0c,000f1f80,00000000,8b5df48b,c8c1f905,f085148e,008b450c,008bca81,01a90000,088b04b9,f8000000,098bc1c1,e817a801,0f85e300,0facc214,f0010000,20040000,a810751b,0d83ff06,45f88b73,1f83ff06,00000006,1af6c101,07c745f0,02000000,8b45f889,45f8660f,8b45108b,058bcb8b,0000d3e0,75108078,8b4dfcc6,81582000,348b5514,108b088b,017599eb,5dc21400,cccccccc
1788306695.082194,27512,7.006492321624085e-45,8.407790785948902e-45,1.401298464324817e-45,1.401298464324817e-45,1.0,0.0,0.0,0.0,0.0,0.0,0.0,1.0,0.0,0.0,0.0,0.0,0.0,0.0,0.0,0.0,0.0,0.0,0.0,0.0,1.0,0.0,1.0,0.0,0.0,0.0,0.0,0.0,0.0,0.0,0.0,0.0,1.0,0.0,0.0,0.0,0.0,0.0,0.0,0.0,0.0,0.0,0.0,0.0,0.0,0.0,0.0,0.0,0f1f8400,c1018d48,8bc1eb0c,000f1f80,00000000,8b5df48b,c8c1f905,f085148e,008b450c,008bca81,01a90000,088b04b9,f8000000,098bc1c1,e817a801,0f85e300,0facc214,f0010000,20040000,a810751b,0d83ff06,45f88b73,1f83ff06,00000006,1af6c101,07c745f0,02000000,8b45f889,45f8660f,8b45108b,058bcb8b,0000d3e0,75108078,8b4dfcc6,81582000,348b5514,108b088b,017599eb,5dc21400,cccccccc
1788306695.1827247,27512,7.006492321624085e-45,8.407790785948902e-45,1.401298464324817e-45,1.401298464324817e-45,1.0,0.0,0.0,0.0,0.0,0.0,0.0,1.0,0.0,0.0,0.0,0.0,0.0,0.0,0.0,0.0,0.0,0.0,0.0,0.0,1.0,0.0,1.0,0.0,0.0,0.0,0.0,0.0,0.0,0.0,0.0,0.0,1.0,0.0,0.0,0.0,0.0,0.0,0.0,0.0,0.0,0.0,0.0,0.0,0.0,0.0,0.0,0.0,0f1f8400,c1018d48,8bc1eb0c,000f1f80,00000000,8b5df48b,c8c1f905,f085148e,008b450c,008bca81,01a90000,088b04b9,f8000000,098bc1c1,e817a801,0f85e300,0facc214,f0010000,20040000,a810751b,0d83ff06,45f88b73,1f83ff06,00000006,1af6c101,07c745f0,02000000,8b45f889,45f8660f,8b45108b,058bcb8b,0000d3e0,75108078,8b4dfcc6,81582000,348b5514,108b088b,017599eb,5dc21400,cccccccc
1788306695.2832963,27512,7.006492321624085e-45,8.407790785948902e-45,1.401298464324817e-45,1.401298464324817e-45,1.0,0.0,0.0,0.0,0.0,0.0,0.0,1.0,0.0,0.0,0.0,0.0,0.0,0.0,0.0,0.0,0.0,0.0,0.0,0.0,1.0,0.0,1.0,0.0,0.0,0.0,0.0,0.0,0.0,0.0,0.0,0.0,1.0,0.0,0.0,0.0,0.0,0.0,0.0,0.0,0.0,0.0,0.0,0.0,0.0,0.0,0.0,0.0,0f1f8400,c1018d48,8bc1eb0c,000f1f80,00000000,8b5df48b,c8c1f905,f085148e,008b450c,008bca81,01a90000,088b04b9,f8000000,098bc1c1,e817a801,0f85e300,0facc214,f0010000,20040000,a810751b,0d83ff06,45f88b73,1f83ff06,00000006,1af6c101,07c745f0,02000000,8b45f889,45f8660f,8b45108b,058bcb8b,0000d3e0,75108078,8b4dfcc6,81582000,348b5514,108b088b,017599eb,5dc21400,cccccccc
1788306695.3847203,27512,7.006492321624085e-45,8.407790785948902e-45,1.401298464324817e-45,1.401298464324817e-45,1.0,0.0,0.0,0.0,0.0,0.0,0.0,1.0,0.0,0.0,0.0,0.0,0.0,0.0,0.0,0.0,0.0,0.0,0.0,0.0,1.0,0.0,1.0,0.0,0.0,0.0,0.0,0.0,0.0,0.0,0.0,0.0,1.0,0.0,0.0,0.0,0.0,0.0,0.0,0.0,0.0,0.0,0.0,0.0,0.0,0.0,0.0,0.0,0f1f8400,c1018d48,8bc1eb0c,000f1f80,00000000,8b5df48b,c8c1f905,f085148e,008b450c,008bca81,01a90000,088b04b9,f8000000,098bc1c1,e817a801,0f85e300,0facc214,f0010000,20040000,a810751b,0d83ff06,45f88b73,1f83ff06,00000006,1af6c101,07c745f0,02000000,8b45f889,45f8660f,8b45108b,058bcb8b,0000d3e0,75108078,8b4dfcc6,81582000,348b5514,108b088b,017599eb,5dc21400,cccccccc
1788306695.485706,27512,7.006492321624085e-45,8.407790785948902e-45,1.401298464324817e-45,1.401298464324817e-45,1.0,0.0,0.0,0.0,0.0,0.0,0.0,1.0,0.0,0.0,0.0,0.0,0.0,0.0,0.0,0.0,0.0,0.0,0.0,0.0,1.0,0.0,1.0,0.0,0.0,0.0,0.0,0.0,0.0,0.0,0.0,0.0,1.0,0.0,0.0,0.0,0.0,0.0,0.0,0.0,0.0,0.0,0.0,0.0,0.0,0.0,0.0,0.0,0f1f8400,c1018d48,8bc1eb0c,000f1f80,00000000,8b5df48b,c8c1f905,f085148e,008b450c,008bca81,01a90000,088b04b9,f8000000,098bc1c1,e817a801,0f85e300,0facc214,f0010000,20040000,a810751b,0d83ff06,45f88b73,1f83ff06,00000006,1af6c101,07c745f0,02000000,8b45f889,45f8660f,8b45108b,058bcb8b,0000d3e0,75108078,8b4dfcc6,81582000,348b5514,108b088b,017599eb,5dc21400,cccccccc
1788306695.5863857,27512,7.006492321624085e-45,8.407790785948902e-45,1.401298464324817e-45,1.401298464324817e-45,1.0,0.0,0.0,0.0,0.0,0.0,0.0,1.0,0.0,0.0,0.0,0.0,0.0,0.0,0.0,0.0,0.0,0.0,0.0,0.0,1.0,0.0,1.0,0.0,0.0,0.0,0.0,0.0,0.0,0.0,0.0,0.0,1.0,0.0,0.0,0.0,0.0,0.0,0.0,0.0,0.0,0.0,0.0,0.0,0.0,0.0,0.0,0.0,0f1f8400,c1018d48,8bc1eb0c,000f1f80,00000000,8b5df48b,c8c1f905,f085148e,008b450c,008bca81,01a90000,088b04b9,f8000000,098bc1c1,e817a801,0f85e300,0facc214,f0010000,20040000,a810751b,0d83ff06,45f88b73,1f83ff06,00000006,1af6c101,07c745f0,02000000,8b45f889,45f8660f,8b45108b,058bcb8b,0000d3e0,75108078,8b4dfcc6,81582000,348b5514,108b088b,017599eb,5dc21400,cccccccc
1788306695.686914,27512,7.006492321624085e-45,8.407790785948902e-45,1.401298464324817e-45,1.401298464324817e-45,1.0,0.0,0.0,0.0,0.0,0.0,0.0,1.0,0.0,0.0,0.0,0.0,0.0,0.0,0.0,0.0,0.0,0.0,0.0,0.0,1.0,0.0,1.0,0.0,0.0,0.0,0.0,0.0,0.0,0.0,0.0,0.0,1.0,0.0,0.0,0.0,0.0,0.0,0.0,0.0,0.0,0.0,0.0,0.0,0.0,0.0,0.0,0.0,0f1f8400,c1018d48,8bc1eb0c,000f1f80,00000000,8b5df48b,c8c1f905,f085148e,008b450c,008bca81,01a90000,088b04b9,f8000000,098bc1c1,e817a801,0f85e300,0facc214,f0010000,20040000,a810751b,0d83ff06,45f88b73,1f83ff06,00000006,1af6c101,07c745f0,02000000,8b45f889,45f8660f,8b45108b,058bcb8b,0000d3e0,75108078,8b4dfcc6,81582000,348b5514,108b088b,017599eb,5dc21400,cccccccc
1788306695.7888427,27512,7.006492321624085e-45,8.407790785948902e-45,1.401298464324817e-45,1.401298464324817e-45,1.0,0.0,0.0,0.0,0.0,0.0,0.0,1.0,0.0,0.0,0.0,0.0,0.0,0.0,0.0,0.0,0.0,0.0,0.0,0.0,1.0,0.0,1.0,0.0,0.0,0.0,0.0,0.0,0.0,0.0,0.0,0.0,1.0,0.0,0.0,0.0,0.0,0.0,0.0,0.0,0.0,0.0,0.0,0.0,0.0,0.0,0.0,0.0,0f1f8400,c1018d48,8bc1eb0c,000f1f80,00000000,8b5df48b,c8c1f905,f085148e,008b450c,008bca81,01a90000,088b04b9,f8000000,098bc1c1,e817a801,0f85e300,0facc214,f0010000,20040000,a810751b,0d83ff06,45f88b73,1f83ff06,00000006,1af6c101,07c745f0,02000000,8b45f889,45f8660f,8b45108b,058bcb8b,0000d3e0,75108078,8b4dfcc6,81582000,348b5514,108b088b,017599eb,5dc21400,cccccccc
1788306695.889547,27512,7.006492321624085e-45,8.407790785948902e-45,1.401298464324817e-45,1.401298464324817e-45,1.0,0.0,0.0,0.0,0.0,0.0,0.0,1.0,0.0,0.0,0.0,0.0,0.0,0.0,0.0,0.0,0.0,0.0,0.0,0.0,1.0,0.0,1.0,0.0,0.0,0.0,0.0,0.0,0.0,0.0,0.0,0.0,1.0,0.0,0.0,0.0,0.0,0.0,0.0,0.0,0.0,0.0,0.0,0.0,0.0,0.0,0.0,0.0,0f1f8400,c1018d48,8bc1eb0c,000f1f80,00000000,8b5df48b,c8c1f905,f085148e,008b450c,008bca81,01a90000,088b04b9,f8000000,098bc1c1,e817a801,0f85e300,0facc214,f0010000,20040000,a810751b,0d83ff06,45f88b73,1f83ff06,00000006,1af6c101,07c745f0,02000000,8b45f889,45f8660f,8b45108b,058bcb8b,0000d3e0,75108078,8b4dfcc6,81582000,348b5514,108b088b,017599eb,5dc21400,cccccccc
1788306695.9900541,27512,7.006492321624085e-45,8.407790785948902e-45,1.401298464324817e-45,1.401298464324817e-45,1.0,0.0,0.0,0.0,0.0,0.0,0.0,1.0,0.0,0.0,0.0,0.0,0.0,0.0,0.0,0.0,0.0,0.0,0.0,0.0,1.0,0.0,1.0,0.0,0.0,0.0,0.0,0.0,0.0,0.0,0.0,0.0,1.0,0.0,0.0,0.0,0.0,0.0,0.0,0.0,0.0,0.0,0.0,0.0,0.0,0.0,0.0,0.0,0f1f8400,c1018d48,8bc1eb0c,000f1f80,00000000,8b5df48b,c8c1f905,f085148e,008b450c,008bca81,01a90000,088b04b9,f8000000,098bc1c1,e817a801,0f85e300,0facc214,f0010000,20040000,a810751b,0d83ff06,45f88b73,1f83ff06,00000006,1af6c101,07c745f0,02000000,8b45f889,45f8660f,8b45108b,058bcb8b,0000d3e0,75108078,8b4dfcc6,81582000,348b5514,108b088b,017599eb,5dc21400,cccccccc
1788306696.0909503,27512,7.006492321624085e-45,8.407790785948902e-45,1.401298464324817e-45,1.401298464324817e-45,1.0,0.0,0.0,0.0,0.0,0.0,0.0,1.0,0.0,0.0,0.0,0.0,0.0,0.0,0.0,0.0,0.0,0.0,0.0,0.0,1.0,0.0,1.0,0.0,0.0,0.0,0.0,0.0,0.0,0.0,0.0,0.0,1.0,0.0,0.0,0.0,0.0,0.0,0.0,0.0,0.0,0.0,0.0,0.0,0.0,0.0,0.0,0.0,0f1f8400,c1018d48,8bc1eb0c,000f1f80,00000000,8b5df48b,c8c1f905,f085148e,008b450c,008bca81,01a90000,088b04b9,f8000000,098bc1c1,e817a801,0f85e300,0facc214,f0010000,20040000,a810751b,0d83ff06,45f88b73,1f83ff06,00000006,1af6c101,07c745f0,02000000,8b45f889,45f8660f,8b45108b,058bcb8b,0000d3e0,75108078,8b4dfcc6,81582000,348b5514,108b088b,017599eb,5dc21400,cccccccc
1788306696.1913636,27512,7.006492321624085e-45,8.407790785948902e-45,1.401298464324817e-45,1.401298464324817e-45,1.0,0.0,0.0,0.0,0.0,0.0,0.0,1.0,0.0,0.0,0.0,0.0,0.0,0.0,0.0,0.0,0.0,0.0,0.0,0.0,1.0,0.0,1.0,0.0,0.0,0.0,0.0,0.0,0.0,0.0,0.0,0.0,1.0,0.0,0.0,0.0,0.0,0.0,0.0,0.0,0.0,0.0,0.0,0.0,0.0,0.0,0.0,0.0,0f1f8400,c1018d48,8bc1eb0c,000f1f80,00000000,8b5df48b,c8c1f905,f085148e,008b450c,008bca81,01a90000,088b04b9,f8000000,098bc1c1,e817a801,0f85e300,0facc214,f0010000,20040000,a810751b,0d83ff06,45f88b73,1f83ff06,00000006,1af6c101,07c745f0,02000000,8b45f889,45f8660f,8b45108b,058bcb8b,0000d3e0,75108078,8b4dfcc6,81582000,348b5514,108b088b,017599eb,5dc21400,cccccccc
1788306696.2923346,27512,7.006492321624085e-45,8.407790785948902e-45,1.401298464324817e-45,1.401298464324817e-45,1.0,0.0,0.0,0.0,0.0,0.0,0.0,1.0,0.0,0.0,0.0,0.0,0.0,0.0,0.0,0.0,0.0,0.0,0.0,0.0,1.0,0.0,1.0,0.0,0.0,0.0,0.0,0.0,0.0,0.0,0.0,0.0,1.0,0.0,0.0,0.0,0.0,0.0,0.0,0.0,0.0,0.0,0.0,0.0,0.0,0.0,0.0,0.0,0f1f8400,c1018d48,8bc1eb0c,000f1f80,00000000,8b5df48b,c8c1f905,f085148e,008b450c,008bca81,01a90000,088b04b9,f8000000,098bc1c1,e817a801,0f85e300,0facc214,f0010000,20040000,a810751b,0d83ff06,45f88b73,1f83ff06,00000006,1af6c101,07c745f0,02000000,8b45f889,45f8660f,8b45108b,058bcb8b,0000d3e0,75108078,8b4dfcc6,81582000,348b5514,108b088b,017599eb,5dc21400,cccccccc
1788306696.3931944,27512,7.006492321624085e-45,8.407790785948902e-45,1.401298464324817e-45,1.401298464324817e-45,1.0,0.0,0.0,0.0,0.0,0.0,0.0,1.0,0.0,0.0,0.0,0.0,0.0,0.0,0.0,0.0,0.0,0.0,0.0,0.0,1.0,0.0,1.0,0.0,0.0,0.0,0.0,0.0,0.0,0.0,0.0,0.0,1.0,0.0,0.0,0.0,0.0,0.0,0.0,0.0,0.0,0.0,0.0,0.0,0.0,0.0,0.0,0.0,0f1f8400,c1018d48,8bc1eb0c,000f1f80,00000000,8b5df48b,c8c1f905,f085148e,008b450c,008bca81,01a90000,088b04b9,f8000000,098bc1c1,e817a801,0f85e300,0facc214,f0010000,20040000,a810751b,0d83ff06,45f88b73,1f83ff06,00000006,1af6c101,07c745f0,02000000,8b45f889,45f8660f,8b45108b,058bcb8b,0000d3e0,75108078,8b4dfcc6,81582000,348b5514,108b088b,017599eb,5dc21400,cccccccc
1788306696.4938655,27512,7.006492321624085e-45,8.407790785948902e-45,1.401298464324817e-45,1.401298464324817e-45,1.0,0.0,0.0,0.0,0.0,0.0,0.0,1.0,0.0,0.0,0.0,0.0,0.0,0.0,0.0,0.0,0.0,0.0,0.0,0.0,1.0,0.0,1.0,0.0,0.0,0.0,0.0,0.0,0.0,0.0,0.0,0.0,1.0,0.0,0.0,0.0,0.0,0.0,0.0,0.0,0.0,0.0,0.0,0.0,0.0,0.0,0.0,0.0,0f1f8400,c1018d48,8bc1eb0c,000f1f80,00000000,8b5df48b,c8c1f905,f085148e,008b450c,008bca81,01a90000,088b04b9,f8000000,098bc1c1,e817a801,0f85e300,0facc214,f0010000,20040000,a810751b,0d83ff06,45f88b73,1f83ff06,00000006,1af6c101,07c745f0,02000000,8b45f889,45f8660f,8b45108b,058bcb8b,0000d3e0,75108078,8b4dfcc6,81582000,348b5514,108b088b,017599eb,5dc21400,cccccccc
1788306696.5947893,27512,7.006492321624085e-45,8.407790785948902e-45,1.401298464324817e-45,1.401298464324817e-45,1.0,0.0,0.0,0.0,0.0,0.0,0.0,1.0,0.0,0.0,0.0,0.0,0.0,0.0,0.0,0.0,0.0,0.0,0.0,0.0,1.0,0.0,1.0,0.0,0.0,0.0,0.0,0.0,0.0,0.0,0.0,0.0,1.0,0.0,0.0,0.0,0.0,0.0,0.0,0.0,0.0,0.0,0.0,0.0,0.0,0.0,0.0,0.0,0f1f8400,c1018d48,8bc1eb0c,000f1f80,00000000,8b5df48b,c8c1f905,f085148e,008b450c,008bca81,01a90000,088b04b9,f8000000,098bc1c1,e817a801,0f85e300,0facc214,f0010000,20040000,a810751b,0d83ff06,45f88b73,1f83ff06,00000006,1af6c101,07c745f0,02000000,8b45f889,45f8660f,8b45108b,058bcb8b,0000d3e0,75108078,8b4dfcc6,81582000,348b5514,108b088b,017599eb,5dc21400,cccccccc
1788306696.6956506,27512,7.006492321624085e-45,8.407790785948902e-45,1.401298464324817e-45,1.401298464324817e-45,1.0,0.0,0.0,0.0,0.0,0.0,0.0,1.0,0.0,0.0,0.0,0.0,0.0,0.0,0.0,0.0,0.0,0.0,0.0,0.0,1.0,0.0,1.0,0.0,0.0,0.0,0.0,0.0,0.0,0.0,0.0,0.0,1.0,0.0,0.0,0.0,0.0,0.0,0.0,0.0,0.0,0.0,0.0,0.0,0.0,0.0,0.0,0.0,0f1f8400,c1018d48,8bc1eb0c,000f1f80,00000000,8b5df48b,c8c1f905,f085148e,008b450c,008bca81,01a90000,088b04b9,f8000000,098bc1c1,e817a801,0f85e300,0facc214,f0010000,20040000,a810751b,0d83ff06,45f88b73,1f83ff06,00000006,1af6c101,07c745f0,02000000,8b45f889,45f8660f,8b45108b,058bcb8b,0000d3e0,75108078,8b4dfcc6,81582000,348b5514,108b088b,017599eb,5dc21400,cccccccc
1788306696.7963917,27512,7.006492321624085e-45,8.407790785948902e-45,1.401298464324817e-45,1.401298464324817e-45,1.0,0.0,0.0,0.0,0.0,0.0,0.0,1.0,0.0,0.0,0.0,0.0,0.0,0.0,0.0,0.0,0.0,0.0,0.0,0.0,1.0,0.0,1.0,0.0,0.0,0.0,0.0,0.0,0.0,0.0,0.0,0.0,1.0,0.0,0.0,0.0,0.0,0.0,0.0,0.0,0.0,0.0,0.0,0.0,0.0,0.0,0.0,0.0,0f1f8400,c1018d48,8bc1eb0c,000f1f80,00000000,8b5df48b,c8c1f905,f085148e,008b450c,008bca81,01a90000,088b04b9,f8000000,098bc1c1,e817a801,0f85e300,0facc214,f0010000,20040000,a810751b,0d83ff06,45f88b73,1f83ff06,00000006,1af6c101,07c745f0,02000000,8b45f889,45f8660f,8b45108b,058bcb8b,0000d3e0,75108078,8b4dfcc6,81582000,348b5514,108b088b,017599eb,5dc21400,cccccccc
1788306696.896999,27512,7.006492321624085e-45,8.407790785948902e-45,1.401298464324817e-45,1.401298464324817e-45,1.0,0.0,0.0,0.0,0.0,0.0,0.0,1.0,0.0,0.0,0.0,0.0,0.0,0.0,0.0,0.0,0.0,0.0,0.0,0.0,1.0,0.0,1.0,0.0,0.0,0.0,0.0,0.0,0.0,0.0,0.0,0.0,1.0,0.0,0.0,0.0,0.0,0.0,0.0,0.0,0.0,0.0,0.0,0.0,0.0,0.0,0.0,0.0,0f1f8400,c1018d48,8bc1eb0c,000f1f80,00000000,8b5df48b,c8c1f905,f085148e,008b450c,008bca81,01a90000,088b04b9,f8000000,098bc1c1,e817a801,0f85e300,0facc214,f0010000,20040000,a810751b,0d83ff06,45f88b73,1f83ff06,00000006,1af6c101,07c745f0,02000000,8b45f889,45f8660f,8b45108b,058bcb8b,0000d3e0,75108078,8b4dfcc6,81582000,348b5514,108b088b,017599eb,5dc21400,cccccccc
1788306696.997932,27512,7.006492321624085e-45,8.407790785948902e-45,1.401298464324817e-45,1.401298464324817e-45,1.0,0.0,0.0,0.0,0.0,0.0,0.0,1.0,0.0,0.0,0.0,0.0,0.0,0.0,0.0,0.0,0.0,0.0,0.0,0.0,1.0,0.0,1.0,0.0,0.0,0.0,0.0,0.0,0.0,0.0,0.0,0.0,1.0,0.0,0.0,0.0,0.0,0.0,0.0,0.0,0.0,0.0,0.0,0.0,0.0,0.0,0.0,0.0,0f1f8400,c1018d48,8bc1eb0c,000f1f80,00000000,8b5df48b,c8c1f905,f085148e,008b450c,008bca81,01a90000,088b04b9,f8000000,098bc1c1,e817a801,0f85e300,0facc214,f0010000,20040000,a810751b,0d83ff06,45f88b73,1f83ff06,00000006,1af6c101,07c745f0,02000000,8b45f889,45f8660f,8b45108b,058bcb8b,0000d3e0,75108078,8b4dfcc6,81582000,348b5514,108b088b,017599eb,5dc21400,cccccccc
1788306697.098326,27512,7.006492321624085e-45,8.407790785948902e-45,1.401298464324817e-45,1.401298464324817e-45,1.0,0.0,0.0,0.0,0.0,0.0,0.0,1.0,0.0,0.0,0.0,0.0,0.0,0.0,0.0,0.0,0.0,0.0,0.0,0.0,1.0,0.0,1.0,0.0,0.0,0.0,0.0,0.0,0.0,0.0,0.0,0.0,1.0,0.0,0.0,0.0,0.0,0.0,0.0,0.0,0.0,0.0,0.0,0.0,0.0,0.0,0.0,0.0,0f1f8400,c1018d48,8bc1eb0c,000f1f80,00000000,8b5df48b,c8c1f905,f085148e,008b450c,008bca81,01a90000,088b04b9,f8000000,098bc1c1,e817a801,0f85e300,0facc214,f0010000,20040000,a810751b,0d83ff06,45f88b73,1f83ff06,00000006,1af6c101,07c745f0,02000000,8b45f889,45f8660f,8b45108b,058bcb8b,0000d3e0,75108078,8b4dfcc6,81582000,348b5514,108b088b,017599eb,5dc21400,cccccccc
1788306697.1989248,27512,7.006492321624085e-45,8.407790785948902e-45,1.401298464324817e-45,1.401298464324817e-45,1.0,0.0,0.0,0.0,0.0,0.0,0.0,1.0,0.0,0.0,0.0,0.0,0.0,0.0,0.0,0.0,0.0,0.0,0.0,0.0,1.0,0.0,1.0,0.0,0.0,0.0,0.0,0.0,0.0,0.0,0.0,0.0,1.0,0.0,0.0,0.0,0.0,0.0,0.0,0.0,0.0,0.0,0.0,0.0,0.0,0.0,0.0,0.0,0f1f8400,c1018d48,8bc1eb0c,000f1f80,00000000,8b5df48b,c8c1f905,f085148e,008b450c,008bca81,01a90000,088b04b9,f8000000,098bc1c1,e817a801,0f85e300,0facc214,f0010000,20040000,a810751b,0d83ff06,45f88b73,1f83ff06,00000006,1af6c101,07c745f0,02000000,8b45f889,45f8660f,8b45108b,058bcb8b,0000d3e0,75108078,8b4dfcc6,81582000,348b5514,108b088b,017599eb,5dc21400,cccccccc
1788306697.299333,27512,7.006492321624085e-45,8.407790785948902e-45,1.401298464324817e-45,1.401298464324817e-45,1.0,0.0,0.0,0.0,0.0,0.0,0.0,1.0,0.0,0.0,0.0,0.0,0.0,0.0,0.0,0.0,0.0,0.0,0.0,0.0,1.0,0.0,1.0,0.0,0.0,0.0,0.0,0.0,0.0,0.0,0.0,0.0,1.0,0.0,0.0,0.0,0.0,0.0,0.0,0.0,0.0,0.0,0.0,0.0,0.0,0.0,0.0,0.0,0f1f8400,c1018d48,8bc1eb0c,000f1f80,00000000,8b5df48b,c8c1f905,f085148e,008b450c,008bca81,01a90000,088b04b9,f8000000,098bc1c1,e817a801,0f85e300,0facc214,f0010000,20040000,a810751b,0d83ff06,45f88b73,1f83ff06,00000006,1af6c101,07c745f0,02000000,8b45f889,45f8660f,8b45108b,058bcb8b,0000d3e0,75108078,8b4dfcc6,81582000,348b5514,108b088b,017599eb,5dc21400,cccccccc
1788306697.3999524,27512,7.006492321624085e-45,8.407790785948902e-45,1.401298464324817e-45,1.401298464324817e-45,1.0,0.0,0.0,0.0,0.0,0.0,0.0,1.0,0.0,0.0,0.0,0.0,0.0,0.0,0.0,0.0,0.0,0.0,0.0,0.0,1.0,0.0,1.0,0.0,0.0,0.0,0.0,0.0,0.0,0.0,0.0,0.0,1.0,0.0,0.0,0.0,0.0,0.0,0.0,0.0,0.0,0.0,0.0,0.0,0.0,0.0,0.0,0.0,0f1f8400,c1018d48,8bc1eb0c,000f1f80,00000000,8b5df48b,c8c1f905,f085148e,008b450c,008bca81,01a90000,088b04b9,f8000000,098bc1c1,e817a801,0f85e300,0facc214,f0010000,20040000,a810751b,0d83ff06,45f88b73,1f83ff06,00000006,1af6c101,07c745f0,02000000,8b45f889,45f8660f,8b45108b,058bcb8b,0000d3e0,75108078,8b4dfcc6,81582000,348b5514,108b088b,017599eb,5dc21400,cccccccc
1788306697.5002947,27512,7.006492321624085e-45,8.407790785948902e-45,1.401298464324817e-45,1.401298464324817e-45,1.0,0.0,0.0,0.0,0.0,0.0,0.0,1.0,0.0,0.0,0.0,0.0,0.0,0.0,0.0,0.0,0.0,0.0,0.0,0.0,1.0,0.0,1.0,0.0,0.0,0.0,0.0,0.0,0.0,0.0,0.0,0.0,1.0,0.0,0.0,0.0,0.0,0.0,0.0,0.0,0.0,0.0,0.0,0.0,0.0,0.0,0.0,0.0,0f1f8400,c1018d48,8bc1eb0c,000f1f80,00000000,8b5df48b,c8c1f905,f085148e,008b450c,008bca81,01a90000,088b04b9,f8000000,098bc1c1,e817a801,0f85e300,0facc214,f0010000,20040000,a810751b,0d83ff06,45f88b73,1f83ff06,00000006,1af6c101,07c745f0,02000000,8b45f889,45f8660f,8b45108b,058bcb8b,0000d3e0,75108078,8b4dfcc6,81582000,348b5514,108b088b,017599eb,5dc21400,cccccccc
1788306697.6007605,27512,7.006492321624085e-45,8.407790785948902e-45,1.401298464324817e-45,1.401298464324817e-45,1.0,0.0,0.0,0.0,0.0,0.0,0.0,1.0,0.0,0.0,0.0,0.0,0.0,0.0,0.0,0.0,0.0,0.0,0.0,0.0,1.0,0.0,1.0,0.0,0.0,0.0,0.0,0.0,0.0,0.0,0.0,0.0,1.0,0.0,0.0,0.0,0.0,0.0,0.0,0.0,0.0,0.0,0.0,0.0,0.0,0.0,0.0,0.0,0f1f8400,c1018d48,8bc1eb0c,000f1f80,00000000,8b5df48b,c8c1f905,f085148e,008b450c,008bca81,01a90000,088b04b9,f8000000,098bc1c1,e817a801,0f85e300,0facc214,f0010000,20040000,a810751b,0d83ff06,45f88b73,1f83ff06,00000006,1af6c101,07c745f0,02000000,8b45f889,45f8660f,8b45108b,058bcb8b,0000d3e0,75108078,8b4dfcc6,81582000,348b5514,108b088b,017599eb,5dc21400,cccccccc
1788306697.7018776,27512,7.006492321624085e-45,8.407790785948902e-45,1.401298464324817e-45,1.401298464324817e-45,1.0,0.0,0.0,0.0,0.0,0.0,0.0,1.0,0.0,0.0,0.0,0.0,0.0,0.0,0.0,0.0,0.0,0.0,0.0,0.0,1.0,0.0,1.0,0.0,0.0,0.0,0.0,0.0,0.0,0.0,0.0,0.0,1.0,0.0,0.0,0.0,0.0,0.0,0.0,0.0,0.0,0.0,0.0,0.0,0.0,0.0,0.0,0.0,0f1f8400,c1018d48,8bc1eb0c,000f1f80,00000000,8b5df48b,c8c1f905,f085148e,008b450c,008bca81,01a90000,088b04b9,f8000000,098bc1c1,e817a801,0f85e300,0facc214,f0010000,20040000,a810751b,0d83ff06,45f88b73,1f83ff06,00000006,1af6c101,07c745f0,02000000,8b45f889,45f8660f,8b45108b,058bcb8b,0000d3e0,75108078,8b4dfcc6,81582000,348b5514,108b088b,017599eb,5dc21400,cccccccc
1788306697.8033197,27512,7.006492321624085e-45,8.407790785948902e-45,1.401298464324817e-45,1.401298464324817e-45,1.0,0.0,0.0,0.0,0.0,0.0,0.0,1.0,0.0,0.0,0.0,0.0,0.0,0.0,0.0,0.0,0.0,0.0,0.0,0.0,1.0,0.0,1.0,0.0,0.0,0.0,0.0,0.0,0.0,0.0,0.0,0.0,1.0,0.0,0.0,0.0,0.0,0.0,0.0,0.0,0.0,0.0,0.0,0.0,0.0,0.0,0.0,0.0,0f1f8400,c1018d48,8bc1eb0c,000f1f80,00000000,8b5df48b,c8c1f905,f085148e,008b450c,008bca81,01a90000,088b04b9,f8000000,098bc1c1,e817a801,0f85e300,0facc214,f0010000,20040000,a810751b,0d83ff06,45f88b73,1f83ff06,00000006,1af6c101,07c745f0,02000000,8b45f889,45f8660f,8b45108b,058bcb8b,0000d3e0,75108078,8b4dfcc6,81582000,348b5514,108b088b,017599eb,5dc21400,cccccccc
1788306697.9039629,27512,7.006492321624085e-45,8.407790785948902e-45,1.401298464324817e-45,1.401298464324817e-45,1.0,0.0,0.0,0.0,0.0,0.0,0.0,1.0,0.0,0.0,0.0,0.0,0.0,0.0,0.0,0.0,0.0,0.0,0.0,0.0,1.0,0.0,1.0,0.0,0.0,0.0,0.0,0.0,0.0,0.0,0.0,0.0,1.0,0.0,0.0,0.0,0.0,0.0,0.0,0.0,0.0,0.0,0.0,0.0,0.0,0.0,0.0,0.0,0f1f8400,c1018d48,8bc1eb0c,000f1f80,00000000,8b5df48b,c8c1f905,f085148e,008b450c,008bca81,01a90000,088b04b9,f8000000,098bc1c1,e817a801,0f85e300,0facc214,f0010000,20040000,a810751b,0d83ff06,45f88b73,1f83ff06,00000006,1af6c101,07c745f0,02000000,8b45f889,45f8660f,8b45108b,058bcb8b,0000d3e0,75108078,8b4dfcc6,81582000,348b5514,108b088b,017599eb,5dc21400,cccccccc
1788306698.004771,27512,7.006492321624085e-45,8.407790785948902e-45,1.401298464324817e-45,1.401298464324817e-45,1.0,0.0,0.0,0.0,0.0,0.0,0.0,1.0,0.0,0.0,0.0,0.0,0.0,0.0,0.0,0.0,0.0,0.0,0.0,0.0,1.0,0.0,1.0,0.0,0.0,0.0,0.0,0.0,0.0,0.0,0.0,0.0,1.0,0.0,0.0,0.0,0.0,0.0,0.0,0.0,0.0,0.0,0.0,0.0,0.0,0.0,0.0,0.0,0f1f8400,c1018d48,8bc1eb0c,000f1f80,00000000,8b5df48b,c8c1f905,f085148e,008b450c,008bca81,01a90000,088b04b9,f8000000,098bc1c1,e817a801,0f85e300,0facc214,f0010000,20040000,a810751b,0d83ff06,45f88b73,1f83ff06,00000006,1af6c101,07c745f0,02000000,8b45f889,45f8660f,8b45108b,058bcb8b,0000d3e0,75108078,8b4dfcc6,81582000,348b5514,108b088b,017599eb,5dc21400,cccccccc
1788306698.1055079,27512,7.006492321624085e-45,8.407790785948902e-45,1.401298464324817e-45,1.401298464324817e-45,1.0,0.0,0.0,0.0,0.0,0.0,0.0,1.0,0.0,0.0,0.0,0.0,0.0,0.0,0.0,0.0,0.0,0.0,0.0,0.0,1.0,0.0,1.0,0.0,0.0,0.0,0.0,0.0,0.0,0.0,0.0,0.0,1.0,0.0,0.0,0.0,0.0,0.0,0.0,0.0,0.0,0.0,0.0,0.0,0.0,0.0,0.0,0.0,0f1f8400,c1018d48,8bc1eb0c,000f1f80,00000000,8b5df48b,c8c1f905,f085148e,008b450c,008bca81,01a90000,088b04b9,f8000000,098bc1c1,e817a801,0f85e300,0facc214,f0010000,20040000,a810751b,0d83ff06,45f88b73,1f83ff06,00000006,1af6c101,07c745f0,02000000,8b45f889,45f8660f,8b45108b,058bcb8b,0000d3e0,75108078,8b4dfcc6,81582000,348b5514,108b088b,017599eb,5dc21400,cccccccc
1788306698.2062597,27512,7.006492321624085e-45,8.407790785948902e-45,1.401298464324817e-45,1.401298464324817e-45,1.0,0.0,0.0,0.0,0.0,0.0,0.0,1.0,0.0,0.0,0.0,0.0,0.0,0.0,0.0,0.0,0.0,0.0,0.0,0.0,1.0,0.0,1.0,0.0,0.0,0.0,0.0,0.0,0.0,0.0,0.0,0.0,1.0,0.0,0.0,0.0,0.0,0.0,0.0,0.0,0.0,0.0,0.0,0.0,0.0,0.0,0.0,0.0,0f1f8400,c1018d48,8bc1eb0c,000f1f80,00000000,8b5df48b,c8c1f905,f085148e,008b450c,008bca81,01a90000,088b04b9,f8000000,098bc1c1,e817a801,0f85e300,0facc214,f0010000,20040000,a810751b,0d83ff06,45f88b73,1f83ff06,00000006,1af6c101,07c745f0,02000000,8b45f889,45f8660f,8b45108b,058bcb8b,0000d3e0,75108078,8b4dfcc6,81582000,348b5514,108b088b,017599eb,5dc21400,cccccccc
1788306698.3078666,27512,7.006492321624085e-45,8.407790785948902e-45,1.401298464324817e-45,1.401298464324817e-45,1.0,0.0,0.0,0.0,0.0,0.0,0.0,1.0,0.0,0.0,0.0,0.0,0.0,0.0,0.0,0.0,0.0,0.0,0.0,0.0,1.0,0.0,1.0,0.0,0.0,0.0,0.0,0.0,0.0,0.0,0.0,0.0,1.0,0.0,0.0,0.0,0.0,0.0,0.0,0.0,0.0,0.0,0.0,0.0,0.0,0.0,0.0,0.0,0f1f8400,c1018d48,8bc1eb0c,000f1f80,00000000,8b5df48b,c8c1f905,f085148e,008b450c,008bca81,01a90000,088b04b9,f8000000,098bc1c1,e817a801,0f85e300,0facc214,f0010000,20040000,a810751b,0d83ff06,45f88b73,1f83ff06,00000006,1af6c101,07c745f0,02000000,8b45f889,45f8660f,8b45108b,058bcb8b,0000d3e0,75108078,8b4dfcc6,81582000,348b5514,108b088b,017599eb,5dc21400,cccccccc
1788306698.408818,27512,7.006492321624085e-45,8.407790785948902e-45,1.401298464324817e-45,1.401298464324817e-45,1.0,0.0,0.0,0.0,0.0,0.0,0.0,1.0,0.0,0.0,0.0,0.0,0.0,0.0,0.0,0.0,0.0,0.0,0.0,0.0,1.0,0.0,1.0,0.0,0.0,0.0,0.0,0.0,0.0,0.0,0.0,0.0,1.0,0.0,0.0,0.0,0.0,0.0,0.0,0.0,0.0,0.0,0.0,0.0,0.0,0.0,0.0,0.0,0f1f8400,c1018d48,8bc1eb0c,000f1f80,00000000,8b5df48b,c8c1f905,f085148e,008b450c,008bca81,01a90000,088b04b9,f8000000,098bc1c1,e817a801,0f85e300,0facc214,f0010000,20040000,a810751b,0d83ff06,45f88b73,1f83ff06,00000006,1af6c101,07c745f0,02000000,8b45f889,45f8660f,8b45108b,058bcb8b,0000d3e0,75108078,8b4dfcc6,81582000,348b5514,108b088b,017599eb,5dc21400,cccccccc
1788306698.5095325,27512,7.006492321624085e-45,8.407790785948902e-45,1.401298464324817e-45,1.401298464324817e-45,1.0,0.0,0.0,0.0,0.0,0.0,0.0,1.0,0.0,0.0,0.0,0.0,0.0,0.0,0.0,0.0,0.0,0.0,0.0,0.0,1.0,0.0,1.0,0.0,0.0,0.0,0.0,0.0,0.0,0.0,0.0,0.0,1.0,0.0,0.0,0.0,0.0,0.0,0.0,0.0,0.0,0.0,0.0,0.0,0.0,0.0,0.0,0.0,0f1f8400,c1018d48,8bc1eb0c,000f1f80,00000000,8b5df48b,c8c1f905,f085148e,008b450c,008bca81,01a90000,088b04b9,f8000000,098bc1c1,e817a801,0f85e300,0facc214,f0010000,20040000,a810751b,0d83ff06,45f88b73,1f83ff06,00000006,1af6c101,07c745f0,02000000,8b45f889,45f8660f,8b45108b,058bcb8b,0000d3e0,75108078,8b4dfcc6,81582000,348b5514,108b088b,017599eb,5dc21400,cccccccc
1788306698.636711,27512,7.006492321624085e-45,8.407790785948902e-45,1.401298464324817e-45,1.401298464324817e-45,1.0,0.0,0.0,0.0,0.0,0.0,0.0,1.0,0.0,0.0,0.0,0.0,0.0,0.0,0.0,0.0,0.0,0.0,0.0,0.0,1.0,0.0,1.0,0.0,0.0,0.0,0.0,0.0,0.0,0.0,0.0,0.0,1.0,0.0,0.0,0.0,0.0,0.0,0.0,0.0,0.0,0.0,0.0,0.0,0.0,0.0,0.0,0.0,0f1f8400,c1018d48,8bc1eb0c,000f1f80,00000000,8b5df48b,c8c1f905,f085148e,008b450c,008bca81,01a90000,088b04b9,f8000000,098bc1c1,e817a801,0f85e300,0facc214,f0010000,20040000,a810751b,0d83ff06,45f88b73,1f83ff06,00000006,1af6c101,07c745f0,02000000,8b45f889,45f8660f,8b45108b,058bcb8b,0000d3e0,75108078,8b4dfcc6,81582000,348b5514,108b088b,017599eb,5dc21400,cccccccc
1788306698.7372568,27512,7.006492321624085e-45,8.407790785948902e-45,1.401298464324817e-45,1.401298464324817e-45,1.0,0.0,0.0,0.0,0.0,0.0,0.0,1.0,0.0,0.0,0.0,0.0,0.0,0.0,0.0,0.0,0.0,0.0,0.0,0.0,1.0,0.0,1.0,0.0,0.0,0.0,0.0,0.0,0.0,0.0,0.0,0.0,1.0,0.0,0.0,0.0,0.0,0.0,0.0,0.0,0.0,0.0,0.0,0.0,0.0,0.0,0.0,0.0,0f1f8400,c1018d48,8bc1eb0c,000f1f80,00000000,8b5df48b,c8c1f905,f085148e,008b450c,008bca81,01a90000,088b04b9,f8000000,098bc1c1,e817a801,0f85e300,0facc214,f0010000,20040000,a810751b,0d83ff06,45f88b73,1f83ff06,00000006,1af6c101,07c745f0,02000000,8b45f889,45f8660f,8b45108b,058bcb8b,0000d3e0,75108078,8b4dfcc6,81582000,348b5514,108b088b,017599eb,5dc21400,cccccccc
1788306698.8375401,27512,7.006492321624085e-45,8.407790785948902e-45,1.401298464324817e-45,1.401298464324817e-45,1.0,0.0,0.0,0.0,0.0,0.0,0.0,1.0,0.0,0.0,0.0,0.0,0.0,0.0,0.0,0.0,0.0,0.0,0.0,0.0,1.0,0.0,1.0,0.0,0.0,0.0,0.0,0.0,0.0,0.0,0.0,0.0,1.0,0.0,0.0,0.0,0.0,0.0,0.0,0.0,0.0,0.0,0.0,0.0,0.0,0.0,0.0,0.0,0f1f8400,c1018d48,8bc1eb0c,000f1f80,00000000,8b5df48b,c8c1f905,f085148e,008b450c,008bca81,01a90000,088b04b9,f8000000,098bc1c1,e817a801,0f85e300,0facc214,f0010000,20040000,a810751b,0d83ff06,45f88b73,1f83ff06,00000006,1af6c101,07c745f0,02000000,8b45f889,45f8660f,8b45108b,058bcb8b,0000d3e0,75108078,8b4dfcc6,81582000,348b5514,108b088b,017599eb,5dc21400,cccccccc
1788306698.938801,27512,7.006492321624085e-45,8.407790785948902e-45,1.401298464324817e-45,1.401298464324817e-45,1.0,0.0,0.0,0.0,0.0,0.0,0.0,1.0,0.0,0.0,0.0,0.0,0.0,0.0,0.0,0.0,0.0,0.0,0.0,0.0,1.0,0.0,1.0,0.0,0.0,0.0,0.0,0.0,0.0,0.0,0.0,0.0,1.0,0.0,0.0,0.0,0.0,0.0,0.0,0.0,0.0,0.0,0.0,0.0,0.0,0.0,0.0,0.0,0f1f8400,c1018d48,8bc1eb0c,000f1f80,00000000,8b5df48b,c8c1f905,f085148e,008b450c,008bca81,01a90000,088b04b9,f8000000,098bc1c1,e817a801,0f85e300,0facc214,f0010000,20040000,a810751b,0d83ff06,45f88b73,1f83ff06,00000006,1af6c101,07c745f0,02000000,8b45f889,45f8660f,8b45108b,058bcb8b,0000d3e0,75108078,8b4dfcc6,81582000,348b5514,108b088b,017599eb,5dc21400,cccccccc
1788306699.0400703,27512,7.006492321624085e-45,8.407790785948902e-45,1.401298464324817e-45,1.401298464324817e-45,1.0,0.0,0.0,0.0,0.0,0.0,0.0,1.0,0.0,0.0,0.0,0.0,0.0,0.0,0.0,0.0,0.0,0.0,0.0,0.0,1.0,0.0,1.0,0.0,0.0,0.0,0.0,0.0,0.0,0.0,0.0,0.0,1.0,0.0,0.0,0.0,0.0,0.0,0.0,0.0,0.0,0.0,0.0,0.0,0.0,0.0,0.0,0.0,0f1f8400,c1018d48,8bc1eb0c,000f1f80,00000000,8b5df48b,c8c1f905,f085148e,008b450c,008bca81,01a90000,088b04b9,f8000000,098bc1c1,e817a801,0f85e300,0facc214,f0010000,20040000,a810751b,0d83ff06,45f88b73,1f83ff06,00000006,1af6c101,07c745f0,02000000,8b45f889,45f8660f,8b45108b,058bcb8b,0000d3e0,75108078,8b4dfcc6,81582000,348b5514,108b088b,017599eb,5dc21400,cccccccc
1788306699.1410658,27512,7.006492321624085e-45,8.407790785948902e-45,1.401298464324817e-45,1.401298464324817e-45,1.0,0.0,0.0,0.0,0.0,0.0,0.0,1.0,0.0,0.0,0.0,0.0,0.0,0.0,0.0,0.0,0.0,0.0,0.0,0.0,1.0,0.0,1.0,0.0,0.0,0.0,0.0,0.0,0.0,0.0,0.0,0.0,1.0,0.0,0.0,0.0,0.0,0.0,0.0,0.0,0.0,0.0,0.0,0.0,0.0,0.0,0.0,0.0,0f1f8400,c1018d48,8bc1eb0c,000f1f80,00000000,8b5df48b,c8c1f905,f085148e,008b450c,008bca81,01a90000,088b04b9,f8000000,098bc1c1,e817a801,0f85e300,0facc214,f0010000,20040000,a810751b,0d83ff06,45f88b73,1f83ff06,00000006,1af6c101,07c745f0,02000000,8b45f889,45f8660f,8b45108b,058bcb8b,0000d3e0,75108078,8b4dfcc6,81582000,348b5514,108b088b,017599eb,5dc21400,cccccccc
1788306699.2415562,27512,7.006492321624085e-45,8.407790785948902e-45,1.401298464324817e-45,1.401298464324817e-45,1.0,0.0,0.0,0.0,0.0,0.0,0.0,1.0,0.0,0.0,0.0,0.0,0.0,0.0,0.0,0.0,0.0,0.0,0.0,0.0,1.0,0.0,1.0,0.0,0.0,0.0,0.0,0.0,0.0,0.0,0.0,0.0,1.0,0.0,0.0,0.0,0.0,0.0,0.0,0.0,0.0,0.0,0.0,0.0,0.0,0.0,0.0,0.0,0f1f8400,c1018d48,8bc1eb0c,000f1f80,00000000,8b5df48b,c8c1f905,f085148e,008b450c,008bca81,01a90000,088b04b9,f8000000,098bc1c1,e817a801,0f85e300,0facc214,f0010000,20040000,a810751b,0d83ff06,45f88b73,1f83ff06,00000006,1af6c101,07c745f0,02000000,8b45f889,45f8660f,8b45108b,058bcb8b,0000d3e0,75108078,8b4dfcc6,81582000,348b5514,108b088b,017599eb,5dc21400,cccccccc
1788306699.342163,27512,7.006492321624085e-45,8.407790785948902e-45,1.401298464324817e-45,1.401298464324817e-45,1.0,0.0,0.0,0.0,0.0,0.0,0.0,1.0,0.0,0.0,0.0,0.0,0.0,0.0,0.0,0.0,0.0,0.0,0.0,0.0,1.0,0.0,1.0,0.0,0.0,0.0,0.0,0.0,0.0,0.0,0.0,0.0,1.0,0.0,0.0,0.0,0.0,0.0,0.0,0.0,0.0,0.0,0.0,0.0,0.0,0.0,0.0,0.0,0f1f8400,c1018d48,8bc1eb0c,000f1f80,00000000,8b5df48b,c8c1f905,f085148e,008b450c,008bca81,01a90000,088b04b9,f8000000,098bc1c1,e817a801,0f85e300,0facc214,f0010000,20040000,a810751b,0d83ff06,45f88b73,1f83ff06,00000006,1af6c101,07c745f0,02000000,8b45f889,45f8660f,8b45108b,058bcb8b,0000d3e0,75108078,8b4dfcc6,81582000,348b5514,108b088b,017599eb,5dc21400,cccccccc
1788306699.4430308,27512,7.006492321624085e-45,8.407790785948902e-45,1.401298464324817e-45,1.401298464324817e-45,1.0,0.0,0.0,0.0,0.0,0.0,0.0,1.0,0.0,0.0,0.0,0.0,0.0,0.0,0.0,0.0,0.0,0.0,0.0,0.0,1.0,0.0,1.0,0.0,0.0,0.0,0.0,0.0,0.0,0.0,0.0,0.0,1.0,0.0,0.0,0.0,0.0,0.0,0.0,0.0,0.0,0.0,0.0,0.0,0.0,0.0,0.0,0.0,0f1f8400,c1018d48,8bc1eb0c,000f1f80,00000000,8b5df48b,c8c1f905,f085148e,008b450c,008bca81,01a90000,088b04b9,f8000000,098bc1c1,e817a801,0f85e300,0facc214,f0010000,20040000,a810751b,0d83ff06,45f88b73,1f83ff06,00000006,1af6c101,07c745f0,02000000,8b45f889,45f8660f,8b45108b,058bcb8b,0000d3e0,75108078,8b4dfcc6,81582000,348b5514,108b088b,017599eb,5dc21400,cccccccc
1788306699.5440948,27512,7.006492321624085e-45,8.407790785948902e-45,1.401298464324817e-45,1.401298464324817e-45,1.0,0.0,0.0,0.0,0.0,0.0,0.0,1.0,0.0,0.0,0.0,0.0,0.0,0.0,0.0,0.0,0.0,0.0,0.0,0.0,1.0,0.0,1.0,0.0,0.0,0.0,0.0,0.0,0.0,0.0,0.0,0.0,1.0,0.0,0.0,0.0,0.0,0.0,0.0,0.0,0.0,0.0,0.0,0.0,0.0,0.0,0.0,0.0,0f1f8400,c1018d48,8bc1eb0c,000f1f80,00000000,8b5df48b,c8c1f905,f085148e,008b450c,008bca81,01a90000,088b04b9,f8000000,098bc1c1,e817a801,0f85e300,0facc214,f0010000,20040000,a810751b,0d83ff06,45f88b73,1f83ff06,00000006,1af6c101,07c745f0,02000000,8b45f889,45f8660f,8b45108b,058bcb8b,0000d3e0,75108078,8b4dfcc6,81582000,348b5514,108b088b,017599eb,5dc21400,cccccccc
1788306699.6451094,27512,7.006492321624085e-45,8.407790785948902e-45,1.401298464324817e-45,1.401298464324817e-45,1.0,0.0,0.0,0.0,0.0,0.0,0.0,1.0,0.0,0.0,0.0,0.0,0.0,0.0,0.0,0.0,0.0,0.0,0.0,0.0,1.0,0.0,1.0,0.0,0.0,0.0,0.0,0.0,0.0,0.0,0.0,0.0,1.0,0.0,0.0,0.0,0.0,0.0,0.0,0.0,0.0,0.0,0.0,0.0,0.0,0.0,0.0,0.0,0f1f8400,c1018d48,8bc1eb0c,000f1f80,00000000,8b5df48b,c8c1f905,f085148e,008b450c,008bca81,01a90000,088b04b9,f8000000,098bc1c1,e817a801,0f85e300,0facc214,f0010000,20040000,a810751b,0d83ff06,45f88b73,1f83ff06,00000006,1af6c101,07c745f0,02000000,8b45f889,45f8660f,8b45108b,058bcb8b,0000d3e0,75108078,8b4dfcc6,81582000,348b5514,108b088b,017599eb,5dc21400,cccccccc
1788306699.7459009,27512,7.006492321624085e-45,8.407790785948902e-45,1.401298464324817e-45,1.401298464324817e-45,1.0,0.0,0.0,0.0,0.0,0.0,0.0,1.0,0.0,0.0,0.0,0.0,0.0,0.0,0.0,0.0,0.0,0.0,0.0,0.0,1.0,0.0,1.0,0.0,0.0,0.0,0.0,0.0,0.0,0.0,0.0,0.0,1.0,0.0,0.0,0.0,0.0,0.0,0.0,0.0,0.0,0.0,0.0,0.0,0.0,0.0,0.0,0.0,0f1f8400,c1018d48,8bc1eb0c,000f1f80,00000000,8b5df48b,c8c1f905,f085148e,008b450c,008bca81,01a90000,088b04b9,f8000000,098bc1c1,e817a801,0f85e300,0facc214,f0010000,20040000,a810751b,0d83ff06,45f88b73,1f83ff06,00000006,1af6c101,07c745f0,02000000,8b45f889,45f8660f,8b45108b,058bcb8b,0000d3e0,75108078,8b4dfcc6,81582000,348b5514,108b088b,017599eb,5dc21400,cccccccc
1788306699.8467991,27512,7.006492321624085e-45,8.407790785948902e-45,1.401298464324817e-45,1.401298464324817e-45,1.0,0.0,0.0,0.0,0.0,0.0,0.0,1.0,0.0,0.0,0.0,0.0,0.0,0.0,0.0,0.0,0.0,0.0,0.0,0.0,1.0,0.0,1.0,0.0,0.0,0.0,0.0,0.0,0.0,0.0,0.0,0.0,1.0,0.0,0.0,0.0,0.0,0.0,0.0,0.0,0.0,0.0,0.0,0.0,0.0,0.0,0.0,0.0,0f1f8400,c1018d48,8bc1eb0c,000f1f80,00000000,8b5df48b,c8c1f905,f085148e,008b450c,008bca81,01a90000,088b04b9,f8000000,098bc1c1,e817a801,0f85e300,0facc214,f0010000,20040000,a810751b,0d83ff06,45f88b73,1f83ff06,00000006,1af6c101,07c745f0,02000000,8b45f889,45f8660f,8b45108b,058bcb8b,0000d3e0,75108078,8b4dfcc6,81582000,348b5514,108b088b,017599eb,5dc21400,cccccccc
1788306699.9474852,27512,7.006492321624085e-45,8.407790785948902e-45,1.401298464324817e-45,1.401298464324817e-45,1.0,0.0,0.0,0.0,0.0,0.0,0.0,1.0,0.0,0.0,0.0,0.0,0.0,0.0,0.0,0.0,0.0,0.0,0.0,0.0,1.0,0.0,1.0,0.0,0.0,0.0,0.0,0.0,0.0,0.0,0.0,0.0,1.0,0.0,0.0,0.0,0.0,0.0,0.0,0.0,0.0,0.0,0.0,0.0,0.0,0.0,0.0,0.0,0f1f8400,c1018d48,8bc1eb0c,000f1f80,00000000,8b5df48b,c8c1f905,f085148e,008b450c,008bca81,01a90000,088b04b9,f8000000,098bc1c1,e817a801,0f85e300,0facc214,f0010000,20040000,a810751b,0d83ff06,45f88b73,1f83ff06,00000006,1af6c101,07c745f0,02000000,8b45f889,45f8660f,8b45108b,058bcb8b,0000d3e0,75108078,8b4dfcc6,81582000,348b5514,108b088b,017599eb,5dc21400,cccccccc
1788306700.0479524,27512,7.006492321624085e-45,8.407790785948902e-45,1.401298464324817e-45,1.401298464324817e-45,1.0,0.0,0.0,0.0,0.0,0.0,0.0,1.0,0.0,0.0,0.0,0.0,0.0,0.0,0.0,0.0,0.0,0.0,0.0,0.0,1.0,0.0,1.0,0.0,0.0,0.0,0.0,0.0,0.0,0.0,0.0,0.0,1.0,0.0,0.0,0.0,0.0,0.0,0.0,0.0,0.0,0.0,0.0,0.0,0.0,0.0,0.0,0.0,0f1f8400,c1018d48,8bc1eb0c,000f1f80,00000000,8b5df48b,c8c1f905,f085148e,008b450c,008bca81,01a90000,088b04b9,f8000000,098bc1c1,e817a801,0f85e300,0facc214,f0010000,20040000,a810751b,0d83ff06,45f88b73,1f83ff06,00000006,1af6c101,07c745f0,02000000,8b45f889,45f8660f,8b45108b,058bcb8b,0000d3e0,75108078,8b4dfcc6,81582000,348b5514,108b088b,017599eb,5dc21400,cccccccc
1788306700.1489093,27512,7.006492321624085e-45,8.407790785948902e-45,1.401298464324817e-45,1.401298464324817e-45,1.0,0.0,0.0,0.0,0.0,0.0,0.0,1.0,0.0,0.0,0.0,0.0,0.0,0.0,0.0,0.0,0.0,0.0,0.0,0.0,1.0,0.0,1.0,0.0,0.0,0.0,0.0,0.0,0.0,0.0,0.0,0.0,1.0,0.0,0.0,0.0,0.0,0.0,0.0,0.0,0.0,0.0,0.0,0.0,0.0,0.0,0.0,0.0,0f1f8400,c1018d48,8bc1eb0c,000f1f80,00000000,8b5df48b,c8c1f905,f085148e,008b450c,008bca81,01a90000,088b04b9,f8000000,098bc1c1,e817a801,0f85e300,0facc214,f0010000,20040000,a810751b,0d83ff06,45f88b73,1f83ff06,00000006,1af6c101,07c745f0,02000000,8b45f889,45f8660f,8b45108b,058bcb8b,0000d3e0,75108078,8b4dfcc6,81582000,348b5514,108b088b,017599eb,5dc21400,cccccccc
1788306700.2500947,27512,7.006492321624085e-45,8.407790785948902e-45,1.401298464324817e-45,1.401298464324817e-45,1.0,0.0,0.0,0.0,0.0,0.0,0.0,1.0,0.0,0.0,0.0,0.0,0.0,0.0,0.0,0.0,0.0,0.0,0.0,0.0,1.0,0.0,1.0,0.0,0.0,0.0,0.0,0.0,0.0,0.0,0.0,0.0,1.0,0.0,0.0,0.0,0.0,0.0,0.0,0.0,0.0,0.0,0.0,0.0,0.0,0.0,0.0,0.0,0f1f8400,c1018d48,8bc1eb0c,000f1f80,00000000,8b5df48b,c8c1f905,f085148e,008b450c,008bca81,01a90000,088b04b9,f8000000,098bc1c1,e817a801,0f85e300,0facc214,f0010000,20040000,a810751b,0d83ff06,45f88b73,1f83ff06,00000006,1af6c101,07c745f0,02000000,8b45f889,45f8660f,8b45108b,058bcb8b,0000d3e0,75108078,8b4dfcc6,81582000,348b5514,108b088b,017599eb,5dc21400,cccccccc
1788306700.3506007,27512,7.006492321624085e-45,8.407790785948902e-45,1.401298464324817e-45,1.401298464324817e-45,1.0,0.0,0.0,0.0,0.0,0.0,0.0,1.0,0.0,0.0,0.0,0.0,0.0,0.0,0.0,0.0,0.0,0.0,0.0,0.0,1.0,0.0,1.0,0.0,0.0,0.0,0.0,0.0,0.0,0.0,0.0,0.0,1.0,0.0,0.0,0.0,0.0,0.0,0.0,0.0,0.0,0.0,0.0,0.0,0.0,0.0,0.0,0.0,0f1f8400,c1018d48,8bc1eb0c,000f1f80,00000000,8b5df48b,c8c1f905,f085148e,008b450c,008bca81,01a90000,088b04b9,f8000000,098bc1c1,e817a801,0f85e300,0facc214,f0010000,20040000,a810751b,0d83ff06,45f88b73,1f83ff06,00000006,1af6c101,07c745f0,02000000,8b45f889,45f8660f,8b45108b,058bcb8b,0000d3e0,75108078,8b4dfcc6,81582000,348b5514,108b088b,017599eb,5dc21400,cccccccc
1788306700.4858513,27512,7.006492321624085e-45,8.407790785948902e-45,1.401298464324817e-45,1.401298464324817e-45,1.0,0.0,0.0,0.0,0.0,0.0,0.0,1.0,0.0,0.0,0.0,0.0,0.0,0.0,0.0,0.0,0.0,0.0,0.0,0.0,1.0,0.0,1.0,0.0,0.0,0.0,0.0,0.0,0.0,0.0,0.0,0.0,1.0,0.0,0.0,0.0,0.0,0.0,0.0,0.0,0.0,0.0,0.0,0.0,0.0,0.0,0.0,0.0,0f1f8400,c1018d48,8bc1eb0c,000f1f80,00000000,8b5df48b,c8c1f905,f085148e,008b450c,008bca81,01a90000,088b04b9,f8000000,098bc1c1,e817a801,0f85e300,0facc214,f0010000,20040000,a810751b,0d83ff06,45f88b73,1f83ff06,00000006,1af6c101,07c745f0,02000000,8b45f889,45f8660f,8b45108b,058bcb8b,0000d3e0,75108078,8b4dfcc6,81582000,348b5514,108b088b,017599eb,5dc21400,cccccccc
1788306700.586745,27512,7.006492321624085e-45,8.407790785948902e-45,1.401298464324817e-45,1.401298464324817e-45,1.0,0.0,0.0,0.0,0.0,0.0,0.0,1.0,0.0,0.0,0.0,0.0,0.0,0.0,0.0,0.0,0.0,0.0,0.0,0.0,1.0,0.0,1.0,0.0,0.0,0.0,0.0,0.0,0.0,0.0,0.0,0.0,1.0,0.0,0.0,0.0,0.0,0.0,0.0,0.0,0.0,0.0,0.0,0.0,0.0,0.0,0.0,0.0,0f1f8400,c1018d48,8bc1eb0c,000f1f80,00000000,8b5df48b,c8c1f905,f085148e,008b450c,008bca81,01a90000,088b04b9,f8000000,098bc1c1,e817a801,0f85e300,0facc214,f0010000,20040000,a810751b,0d83ff06,45f88b73,1f83ff06,00000006,1af6c101,07c745f0,02000000,8b45f889,45f8660f,8b45108b,058bcb8b,0000d3e0,75108078,8b4dfcc6,81582000,348b5514,108b088b,017599eb,5dc21400,cccccccc
1788306700.6874428,27512,7.006492321624085e-45,8.407790785948902e-45,1.401298464324817e-45,1.401298464324817e-45,1.0,0.0,0.0,0.0,0.0,0.0,0.0,1.0,0.0,0.0,0.0,0.0,0.0,0.0,0.0,0.0,0.0,0.0,0.0,0.0,1.0,0.0,1.0,0.0,0.0,0.0,0.0,0.0,0.0,0.0,0.0,0.0,1.0,0.0,0.0,0.0,0.0,0.0,0.0,0.0,0.0,0.0,0.0,0.0,0.0,0.0,0.0,0.0,0f1f8400,c1018d48,8bc1eb0c,000f1f80,00000000,8b5df48b,c8c1f905,f085148e,008b450c,008bca81,01a90000,088b04b9,f8000000,098bc1c1,e817a801,0f85e300,0facc214,f0010000,20040000,a810751b,0d83ff06,45f88b73,1f83ff06,00000006,1af6c101,07c745f0,02000000,8b45f889,45f8660f,8b45108b,058bcb8b,0000d3e0,75108078,8b4dfcc6,81582000,348b5514,108b088b,017599eb,5dc21400,cccccccc
1788306700.7880673,27512,7.006492321624085e-45,8.407790785948902e-45,1.401298464324817e-45,1.401298464324817e-45,1.0,0.0,0.0,0.0,0.0,0.0,0.0,1.0,0.0,0.0,0.0,0.0,0.0,0.0,0.0,0.0,0.0,0.0,0.0,0.0,1.0,0.0,1.0,0.0,0.0,0.0,0.0,0.0,0.0,0.0,0.0,0.0,1.0,0.0,0.0,0.0,0.0,0.0,0.0,0.0,0.0,0.0,0.0,0.0,0.0,0.0,0.0,0.0,0f1f8400,c1018d48,8bc1eb0c,000f1f80,00000000,8b5df48b,c8c1f905,f085148e,008b450c,008bca81,01a90000,088b04b9,f8000000,098bc1c1,e817a801,0f85e300,0facc214,f0010000,20040000,a810751b,0d83ff06,45f88b73,1f83ff06,00000006,1af6c101,07c745f0,02000000,8b45f889,45f8660f,8b45108b,058bcb8b,0000d3e0,75108078,8b4dfcc6,81582000,348b5514,108b088b,017599eb,5dc21400,cccccccc
1788306700.8885422,27512,7.006492321624085e-45,8.407790785948902e-45,1.401298464324817e-45,1.401298464324817e-45,1.0,0.0,0.0,0.0,0.0,0.0,0.0,1.0,0.0,0.0,0.0,0.0,0.0,0.0,0.0,0.0,0.0,0.0,0.0,0.0,1.0,0.0,1.0,0.0,0.0,0.0,0.0,0.0,0.0,0.0,0.0,0.0,1.0,0.0,0.0,0.0,0.0,0.0,0.0,0.0,0.0,0.0,0.0,0.0,0.0,0.0,0.0,0.0,0f1f8400,c1018d48,8bc1eb0c,000f1f80,00000000,8b5df48b,c8c1f905,f085148e,008b450c,008bca81,01a90000,088b04b9,f8000000,098bc1c1,e817a801,0f85e300,0facc214,f0010000,20040000,a810751b,0d83ff06,45f88b73,1f83ff06,00000006,1af6c101,07c745f0,02000000,8b45f889,45f8660f,8b45108b,058bcb8b,0000d3e0,75108078,8b4dfcc6,81582000,348b5514,108b088b,017599eb,5dc21400,cccccccc
1788306700.98987,27512,7.006492321624085e-45,8.407790785948902e-45,1.401298464324817e-45,1.401298464324817e-45,1.0,0.0,0.0,0.0,0.0,0.0,0.0,1.0,0.0,0.0,0.0,0.0,0.0,0.0,0.0,0.0,0.0,0.0,0.0,0.0,1.0,0.0,1.0,0.0,0.0,0.0,0.0,0.0,0.0,0.0,0.0,0.0,1.0,0.0,0.0,0.0,0.0,0.0,0.0,0.0,0.0,0.0,0.0,0.0,0.0,0.0,0.0,0.0,0f1f8400,c1018d48,8bc1eb0c,000f1f80,00000000,8b5df48b,c8c1f905,f085148e,008b450c,008bca81,01a90000,088b04b9,f8000000,098bc1c1,e817a801,0f85e300,0facc214,f0010000,20040000,a810751b,0d83ff06,45f88b73,1f83ff06,00000006,1af6c101,07c745f0,02000000,8b45f889,45f8660f,8b45108b,058bcb8b,0000d3e0,75108078,8b4dfcc6,81582000,348b5514,108b088b,017599eb,5dc21400,cccccccc
1788306701.0905964,27512,7.006492321624085e-45,8.407790785948902e-45,1.401298464324817e-45,1.401298464324817e-45,1.0,0.0,0.0,0.0,0.0,0.0,0.0,1.0,0.0,0.0,0.0,0.0,0.0,0.0,0.0,0.0,0.0,0.0,0.0,0.0,1.0,0.0,1.0,0.0,0.0,0.0,0.0,0.0,0.0,0.0,0.0,0.0,1.0,0.0,0.0,0.0,0.0,0.0,0.0,0.0,0.0,0.0,0.0,0.0,0.0,0.0,0.0,0.0,0f1f8400,c1018d48,8bc1eb0c,000f1f80,00000000,8b5df48b,c8c1f905,f085148e,008b450c,008bca81,01a90000,088b04b9,f8000000,098bc1c1,e817a801,0f85e300,0facc214,f0010000,20040000,a810751b,0d83ff06,45f88b73,1f83ff06,00000006,1af6c101,07c745f0,02000000,8b45f889,45f8660f,8b45108b,058bcb8b,0000d3e0,75108078,8b4dfcc6,81582000,348b5514,108b088b,017599eb,5dc21400,cccccccc
1788306701.2039309,27512,7.006492321624085e-45,8.407790785948902e-45,1.401298464324817e-45,1.401298464324817e-45,1.0,0.0,0.0,0.0,0.0,0.0,0.0,1.0,0.0,0.0,0.0,0.0,0.0,0.0,0.0,0.0,0.0,0.0,0.0,0.0,1.0,0.0,1.0,0.0,0.0,0.0,0.0,0.0,0.0,0.0,0.0,0.0,1.0,0.0,0.0,0.0,0.0,0.0,0.0,0.0,0.0,0.0,0.0,0.0,0.0,0.0,0.0,0.0,0f1f8400,c1018d48,8bc1eb0c,000f1f80,00000000,8b5df48b,c8c1f905,f085148e,008b450c,008bca81,01a90000,088b04b9,f8000000,098bc1c1,e817a801,0f85e300,0facc214,f0010000,20040000,a810751b,0d83ff06,45f88b73,1f83ff06,00000006,1af6c101,07c745f0,02000000,8b45f889,45f8660f,8b45108b,058bcb8b,0000d3e0,75108078,8b4dfcc6,81582000,348b5514,108b088b,017599eb,5dc21400,cccccccc
1788306701.304734,27512,7.006492321624085e-45,8.407790785948902e-45,1.401298464324817e-45,1.401298464324817e-45,1.0,0.0,0.0,0.0,0.0,0.0,0.0,1.0,0.0,0.0,0.0,0.0,0.0,0.0,0.0,0.0,0.0,0.0,0.0,0.0,1.0,0.0,1.0,0.0,0.0,0.0,0.0,0.0,0.0,0.0,0.0,0.0,1.0,0.0,0.0,0.0,0.0,0.0,0.0,0.0,0.0,0.0,0.0,0.0,0.0,0.0,0.0,0.0,0f1f8400,c1018d48,8bc1eb0c,000f1f80,00000000,8b5df48b,c8c1f905,f085148e,008b450c,008bca81,01a90000,088b04b9,f8000000,098bc1c1,e817a801,0f85e300,0facc214,f0010000,20040000,a810751b,0d83ff06,45f88b73,1f83ff06,00000006,1af6c101,07c745f0,02000000,8b45f889,45f8660f,8b45108b,058bcb8b,0000d3e0,75108078,8b4dfcc6,81582000,348b5514,108b088b,017599eb,5dc21400,cccccccc
1788306701.4051933,27512,7.006492321624085e-45,8.407790785948902e-45,1.401298464324817e-45,1.401298464324817e-45,1.0,0.0,0.0,0.0,0.0,0.0,0.0,1.0,0.0,0.0,0.0,0.0,0.0,0.0,0.0,0.0,0.0,0.0,0.0,0.0,1.0,0.0,1.0,0.0,0.0,0.0,0.0,0.0,0.0,0.0,0.0,0.0,1.0,0.0,0.0,0.0,0.0,0.0,0.0,0.0,0.0,0.0,0.0,0.0,0.0,0.0,0.0,0.0,0f1f8400,c1018d48,8bc1eb0c,000f1f80,00000000,8b5df48b,c8c1f905,f085148e,008b450c,008bca81,01a90000,088b04b9,f8000000,098bc1c1,e817a801,0f85e300,0facc214,f0010000,20040000,a810751b,0d83ff06,45f88b73,1f83ff06,00000006,1af6c101,07c745f0,02000000,8b45f889,45f8660f,8b45108b,058bcb8b,0000d3e0,75108078,8b4dfcc6,81582000,348b5514,108b088b,017599eb,5dc21400,cccccccc
1788306701.5055556,27512,7.006492321624085e-45,8.407790785948902e-45,1.401298464324817e-45,1.401298464324817e-45,1.0,0.0,0.0,0.0,0.0,0.0,0.0,1.0,0.0,0.0,0.0,0.0,0.0,0.0,0.0,0.0,0.0,0.0,0.0,0.0,1.0,0.0,1.0,0.0,0.0,0.0,0.0,0.0,0.0,0.0,0.0,0.0,1.0,0.0,0.0,0.0,0.0,0.0,0.0,0.0,0.0,0.0,0.0,0.0,0.0,0.0,0.0,0.0,0f1f8400,c1018d48,8bc1eb0c,000f1f80,00000000,8b5df48b,c8c1f905,f085148e,008b450c,008bca81,01a90000,088b04b9,f8000000,098bc1c1,e817a801,0f85e300,0facc214,f0010000,20040000,a810751b,0d83ff06,45f88b73,1f83ff06,00000006,1af6c101,07c745f0,02000000,8b45f889,45f8660f,8b45108b,058bcb8b,0000d3e0,75108078,8b4dfcc6,81582000,348b5514,108b088b,017599eb,5dc21400,cccccccc
1788306701.6060882,27512,7.006492321624085e-45,8.407790785948902e-45,1.401298464324817e-45,1.401298464324817e-45,1.0,0.0,0.0,0.0,0.0,0.0,0.0,1.0,0.0,0.0,0.0,0.0,0.0,0.0,0.0,0.0,0.0,0.0,0.0,0.0,1.0,0.0,1.0,0.0,0.0,0.0,0.0,0.0,0.0,0.0,0.0,0.0,1.0,0.0,0.0,0.0,0.0,0.0,0.0,0.0,0.0,0.0,0.0,0.0,0.0,0.0,0.0,0.0,0f1f8400,c1018d48,8bc1eb0c,000f1f80,00000000,8b5df48b,c8c1f905,f085148e,008b450c,008bca81,01a90000,088b04b9,f8000000,098bc1c1,e817a801,0f85e300,0facc214,f0010000,20040000,a810751b,0d83ff06,45f88b73,1f83ff06,00000006,1af6c101,07c745f0,02000000,8b45f889,45f8660f,8b45108b,058bcb8b,0000d3e0,75108078,8b4dfcc6,81582000,348b5514,108b088b,017599eb,5dc21400,cccccccc
1788306701.7067451,27512,7.006492321624085e-45,8.407790785948902e-45,1.401298464324817e-45,1.401298464324817e-45,1.0,0.0,0.0,0.0,0.0,0.0,0.0,1.0,0.0,0.0,0.0,0.0,0.0,0.0,0.0,0.0,0.0,0.0,0.0,0.0,1.0,0.0,1.0,0.0,0.0,0.0,0.0,0.0,0.0,0.0,0.0,0.0,1.0,0.0,0.0,0.0,0.0,0.0,0.0,0.0,0.0,0.0,0.0,0.0,0.0,0.0,0.0,0.0,0f1f8400,c1018d48,8bc1eb0c,000f1f80,00000000,8b5df48b,c8c1f905,f085148e,008b450c,008bca81,01a90000,088b04b9,f8000000,098bc1c1,e817a801,0f85e300,0facc214,f0010000,20040000,a810751b,0d83ff06,45f88b73,1f83ff06,00000006,1af6c101,07c745f0,02000000,8b45f889,45f8660f,8b45108b,058bcb8b,0000d3e0,75108078,8b4dfcc6,81582000,348b5514,108b088b,017599eb,5dc21400,cccccccc
1788306701.8940382,27512,7.006492321624085e-45,8.407790785948902e-45,1.401298464324817e-45,1.401298464324817e-45,1.0,0.0,0.0,0.0,0.0,0.0,0.0,1.0,0.0,0.0,0.0,0.0,0.0,0.0,0.0,0.0,0.0,0.0,0.0,0.0,1.0,0.0,1.0,0.0,0.0,0.0,0.0,0.0,0.0,0.0,0.0,0.0,1.0,0.0,0.0,0.0,0.0,0.0,0.0,0.0,0.0,0.0,0.0,0.0,0.0,0.0,0.0,0.0,0f1f8400,c1018d48,8bc1eb0c,000f1f80,00000000,8b5df48b,c8c1f905,f085148e,008b450c,008bca81,01a90000,088b04b9,f8000000,098bc1c1,e817a801,0f85e300,0facc214,f0010000,20040000,a810751b,0d83ff06,45f88b73,1f83ff06,00000006,1af6c101,07c745f0,02000000,8b45f889,45f8660f,8b45108b,058bcb8b,0000d3e0,75108078,8b4dfcc6,81582000,348b5514,108b088b,017599eb,5dc21400,cccccccc
1788306701.995241,27512,7.006492321624085e-45,8.407790785948902e-45,1.401298464324817e-45,1.401298464324817e-45,1.0,0.0,0.0,0.0,0.0,0.0,0.0,1.0,0.0,0.0,0.0,0.0,0.0,0.0,0.0,0.0,0.0,0.0,0.0,0.0,1.0,0.0,1.0,0.0,0.0,0.0,0.0,0.0,0.0,0.0,0.0,0.0,1.0,0.0,0.0,0.0,0.0,0.0,0.0,0.0,0.0,0.0,0.0,0.0,0.0,0.0,0.0,0.0,0f1f8400,c1018d48,8bc1eb0c,000f1f80,00000000,8b5df48b,c8c1f905,f085148e,008b450c,008bca81,01a90000,088b04b9,f8000000,098bc1c1,e817a801,0f85e300,0facc214,f0010000,20040000,a810751b,0d83ff06,45f88b73,1f83ff06,00000006,1af6c101,07c745f0,02000000,8b45f889,45f8660f,8b45108b,058bcb8b,0000d3e0,75108078,8b4dfcc6,81582000,348b5514,108b088b,017599eb,5dc21400,cccccccc
1788306702.095856,27512,7.006492321624085e-45,8.407790785948902e-45,1.401298464324817e-45,1.401298464324817e-45,1.0,0.0,0.0,0.0,0.0,0.0,0.0,1.0,0.0,0.0,0.0,0.0,0.0,0.0,0.0,0.0,0.0,0.0,0.0,0.0,1.0,0.0,1.0,0.0,0.0,0.0,0.0,0.0,0.0,0.0,0.0,0.0,1.0,0.0,0.0,0.0,0.0,0.0,0.0,0.0,0.0,0.0,0.0,0.0,0.0,0.0,0.0,0.0,0f1f8400,c1018d48,8bc1eb0c,000f1f80,00000000,8b5df48b,c8c1f905,f085148e,008b450c,008bca81,01a90000,088b04b9,f8000000,098bc1c1,e817a801,0f85e300,0facc214,f0010000,20040000,a810751b,0d83ff06,45f88b73,1f83ff06,00000006,1af6c101,07c745f0,02000000,8b45f889,45f8660f,8b45108b,058bcb8b,0000d3e0,75108078,8b4dfcc6,81582000,348b5514,108b088b,017599eb,5dc21400,cccccccc
1788306702.2177114,27512,7.006492321624085e-45,8.407790785948902e-45,1.401298464324817e-45,1.401298464324817e-45,1.0,0.0,0.0,0.0,0.0,0.0,0.0,1.0,0.0,0.0,0.0,0.0,0.0,0.0,0.0,0.0,0.0,0.0,0.0,0.0,1.0,0.0,1.0,0.0,0.0,0.0,0.0,0.0,0.0,0.0,0.0,0.0,1.0,0.0,0.0,0.0,0.0,0.0,0.0,0.0,0.0,0.0,0.0,0.0,0.0,0.0,0.0,0.0,0f1f8400,c1018d48,8bc1eb0c,000f1f80,00000000,8b5df48b,c8c1f905,f085148e,008b450c,008bca81,01a90000,088b04b9,f8000000,098bc1c1,e817a801,0f85e300,0facc214,f0010000,20040000,a810751b,0d83ff06,45f88b73,1f83ff06,00000006,1af6c101,07c745f0,02000000,8b45f889,45f8660f,8b45108b,058bcb8b,0000d3e0,75108078,8b4dfcc6,81582000,348b5514,108b088b,017599eb,5dc21400,cccccccc
1788306702.3264103,27512,7.006492321624085e-45,8.407790785948902e-45,1.401298464324817e-45,1.401298464324817e-45,1.0,0.0,0.0,0.0,0.0,0.0,0.0,1.0,0.0,0.0,0.0,0.0,0.0,0.0,0.0,0.0,0.0,0.0,0.0,0.0,1.0,0.0,1.0,0.0,0.0,0.0,0.0,0.0,0.0,0.0,0.0,0.0,1.0,0.0,0.0,0.0,0.0,0.0,0.0,0.0,0.0,0.0,0.0,0.0,0.0,0.0,0.0,0.0,0f1f8400,c1018d48,8bc1eb0c,000f1f80,00000000,8b5df48b,c8c1f905,f085148e,008b450c,008bca81,01a90000,088b04b9,f8000000,098bc1c1,e817a801,0f85e300,0facc214,f0010000,20040000,a810751b,0d83ff06,45f88b73,1f83ff06,00000006,1af6c101,07c745f0,02000000,8b45f889,45f8660f,8b45108b,058bcb8b,0000d3e0,75108078,8b4dfcc6,81582000,348b5514,108b088b,017599eb,5dc21400,cccccccc
1788306702.4273636,27512,7.006492321624085e-45,8.407790785948902e-45,1.401298464324817e-45,1.401298464324817e-45,1.0,0.0,0.0,0.0,0.0,0.0,0.0,1.0,0.0,0.0,0.0,0.0,0.0,0.0,0.0,0.0,0.0,0.0,0.0,0.0,1.0,0.0,1.0,0.0,0.0,0.0,0.0,0.0,0.0,0.0,0.0,0.0,1.0,0.0,0.0,0.0,0.0,0.0,0.0,0.0,0.0,0.0,0.0,0.0,0.0,0.0,0.0,0.0,0f1f8400,c1018d48,8bc1eb0c,000f1f80,00000000,8b5df48b,c8c1f905,f085148e,008b450c,008bca81,01a90000,088b04b9,f8000000,098bc1c1,e817a801,0f85e300,0facc214,f0010000,20040000,a810751b,0d83ff06,45f88b73,1f83ff06,00000006,1af6c101,07c745f0,02000000,8b45f889,45f8660f,8b45108b,058bcb8b,0000d3e0,75108078,8b4dfcc6,81582000,348b5514,108b088b,017599eb,5dc21400,cccccccc
1788306702.5277517,27512,7.006492321624085e-45,8.407790785948902e-45,1.401298464324817e-45,1.401298464324817e-45,1.0,0.0,0.0,0.0,0.0,0.0,0.0,1.0,0.0,0.0,0.0,0.0,0.0,0.0,0.0,0.0,0.0,0.0,0.0,0.0,1.0,0.0,1.0,0.0,0.0,0.0,0.0,0.0,0.0,0.0,0.0,0.0,1.0,0.0,0.0,0.0,0.0,0.0,0.0,0.0,0.0,0.0,0.0,0.0,0.0,0.0,0.0,0.0,0f1f8400,c1018d48,8bc1eb0c,000f1f80,00000000,8b5df48b,c8c1f905,f085148e,008b450c,008bca81,01a90000,088b04b9,f8000000,098bc1c1,e817a801,0f85e300,0facc214,f0010000,20040000,a810751b,0d83ff06,45f88b73,1f83ff06,00000006,1af6c101,07c745f0,02000000,8b45f889,45f8660f,8b45108b,058bcb8b,0000d3e0,75108078,8b4dfcc6,81582000,348b5514,108b088b,017599eb,5dc21400,cccccccc
1788306702.6286507,27512,7.006492321624085e-45,8.407790785948902e-45,1.401298464324817e-45,1.401298464324817e-45,1.0,0.0,0.0,0.0,0.0,0.0,0.0,1.0,0.0,0.0,0.0,0.0,0.0,0.0,0.0,0.0,0.0,0.0,0.0,0.0,1.0,0.0,1.0,0.0,0.0,0.0,0.0,0.0,0.0,0.0,0.0,0.0,1.0,0.0,0.0,0.0,0.0,0.0,0.0,0.0,0.0,0.0,0.0,0.0,0.0,0.0,0.0,0.0,0f1f8400,c1018d48,8bc1eb0c,000f1f80,00000000,8b5df48b,c8c1f905,f085148e,008b450c,008bca81,01a90000,088b04b9,f8000000,098bc1c1,e817a801,0f85e300,0facc214,f0010000,20040000,a810751b,0d83ff06,45f88b73,1f83ff06,00000006,1af6c101,07c745f0,02000000,8b45f889,45f8660f,8b45108b,058bcb8b,0000d3e0,75108078,8b4dfcc6,81582000,348b5514,108b088b,017599eb,5dc21400,cccccccc
1788306702.7292032,27512,7.006492321624085e-45,8.407790785948902e-45,1.401298464324817e-45,1.401298464324817e-45,1.0,0.0,0.0,0.0,0.0,0.0,0.0,1.0,0.0,0.0,0.0,0.0,0.0,0.0,0.0,0.0,0.0,0.0,0.0,0.0,1.0,0.0,1.0,0.0,0.0,0.0,0.0,0.0,0.0,0.0,0.0,0.0,1.0,0.0,0.0,0.0,0.0,0.0,0.0,0.0,0.0,0.0,0.0,0.0,0.0,0.0,0.0,0.0,0f1f8400,c1018d48,8bc1eb0c,000f1f80,00000000,8b5df48b,c8c1f905,f085148e,008b450c,008bca81,01a90000,088b04b9,f8000000,098bc1c1,e817a801,0f85e300,0facc214,f0010000,20040000,a810751b,0d83ff06,45f88b73,1f83ff06,00000006,1af6c101,07c745f0,02000000,8b45f889,45f8660f,8b45108b,058bcb8b,0000d3e0,75108078,8b4dfcc6,81582000,348b5514,108b088b,017599eb,5dc21400,cccccccc
1788306702.8296568,27512,7.006492321624085e-45,8.407790785948902e-45,1.401298464324817e-45,1.401298464324817e-45,1.0,0.0,0.0,0.0,0.0,0.0,0.0,1.0,0.0,0.0,0.0,0.0,0.0,0.0,0.0,0.0,0.0,0.0,0.0,0.0,1.0,0.0,1.0,0.0,0.0,0.0,0.0,0.0,0.0,0.0,0.0,0.0,1.0,0.0,0.0,0.0,0.0,0.0,0.0,0.0,0.0,0.0,0.0,0.0,0.0,0.0,0.0,0.0,0f1f8400,c1018d48,8bc1eb0c,000f1f80,00000000,8b5df48b,c8c1f905,f085148e,008b450c,008bca81,01a90000,088b04b9,f8000000,098bc1c1,e817a801,0f85e300,0facc214,f0010000,20040000,a810751b,0d83ff06,45f88b73,1f83ff06,00000006,1af6c101,07c745f0,02000000,8b45f889,45f8660f,8b45108b,058bcb8b,0000d3e0,75108078,8b4dfcc6,81582000,348b5514,108b088b,017599eb,5dc21400,cccccccc
1788306702.9442384,27512,7.006492321624085e-45,8.407790785948902e-45,1.401298464324817e-45,1.401298464324817e-45,1.0,0.0,0.0,0.0,0.0,0.0,0.0,1.0,0.0,0.0,0.0,0.0,0.0,0.0,0.0,0.0,0.0,0.0,0.0,0.0,1.0,0.0,1.0,0.0,0.0,0.0,0.0,0.0,0.0,0.0,0.0,0.0,1.0,0.0,0.0,0.0,0.0,0.0,0.0,0.0,0.0,0.0,0.0,0.0,0.0,0.0,0.0,0.0,0f1f8400,c1018d48,8bc1eb0c,000f1f80,00000000,8b5df48b,c8c1f905,f085148e,008b450c,008bca81,01a90000,088b04b9,f8000000,098bc1c1,e817a801,0f85e300,0facc214,f0010000,20040000,a810751b,0d83ff06,45f88b73,1f83ff06,00000006,1af6c101,07c745f0,02000000,8b45f889,45f8660f,8b45108b,058bcb8b,0000d3e0,75108078,8b4dfcc6,81582000,348b5514,108b088b,017599eb,5dc21400,cccccccc
1788306703.0706542,27512,7.006492321624085e-45,8.407790785948902e-45,1.401298464324817e-45,1.401298464324817e-45,1.0,0.0,0.0,0.0,0.0,0.0,0.0,1.0,0.0,0.0,0.0,0.0,0.0,0.0,0.0,0.0,0.0,0.0,0.0,0.0,1.0,0.0,1.0,0.0,0.0,0.0,0.0,0.0,0.0,0.0,0.0,0.0,1.0,0.0,0.0,0.0,0.0,0.0,0.0,0.0,0.0,0.0,0.0,0.0,0.0,0.0,0.0,0.0,0f1f8400,c1018d48,8bc1eb0c,000f1f80,00000000,8b5df48b,c8c1f905,f085148e,008b450c,008bca81,01a90000,088b04b9,f8000000,098bc1c1,e817a801,0f85e300,0facc214,f0010000,20040000,a810751b,0d83ff06,45f88b73,1f83ff06,00000006,1af6c101,07c745f0,02000000,8b45f889,45f8660f,8b45108b,058bcb8b,0000d3e0,75108078,8b4dfcc6,81582000,348b5514,108b088b,017599eb,5dc21400,cccccccc
1788306703.171667,27512,7.006492321624085e-45,8.407790785948902e-45,1.401298464324817e-45,1.401298464324817e-45,1.0,0.0,0.0,0.0,0.0,0.0,0.0,1.0,0.0,0.0,0.0,0.0,0.0,0.0,0.0,0.0,0.0,0.0,0.0,0.0,1.0,0.0,1.0,0.0,0.0,0.0,0.0,0.0,0.0,0.0,0.0,0.0,1.0,0.0,0.0,0.0,0.0,0.0,0.0,0.0,0.0,0.0,0.0,0.0,0.0,0.0,0.0,0.0,0f1f8400,c1018d48,8bc1eb0c,000f1f80,00000000,8b5df48b,c8c1f905,f085148e,008b450c,008bca81,01a90000,088b04b9,f8000000,098bc1c1,e817a801,0f85e300,0facc214,f0010000,20040000,a810751b,0d83ff06,45f88b73,1f83ff06,00000006,1af6c101,07c745f0,02000000,8b45f889,45f8660f,8b45108b,058bcb8b,0000d3e0,75108078,8b4dfcc6,81582000,348b5514,108b088b,017599eb,5dc21400,cccccccc
1788306703.2724798,27512,7.006492321624085e-45,8.407790785948902e-45,1.401298464324817e-45,1.401298464324817e-45,1.0,0.0,0.0,0.0,0.0,0.0,0.0,1.0,0.0,0.0,0.0,0.0,0.0,0.0,0.0,0.0,0.0,0.0,0.0,0.0,1.0,0.0,1.0,0.0,0.0,0.0,0.0,0.0,0.0,0.0,0.0,0.0,1.0,0.0,0.0,0.0,0.0,0.0,0.0,0.0,0.0,0.0,0.0,0.0,0.0,0.0,0.0,0.0,0f1f8400,c1018d48,8bc1eb0c,000f1f80,00000000,8b5df48b,c8c1f905,f085148e,008b450c,008bca81,01a90000,088b04b9,f8000000,098bc1c1,e817a801,0f85e300,0facc214,f0010000,20040000,a810751b,0d83ff06,45f88b73,1f83ff06,00000006,1af6c101,07c745f0,02000000,8b45f889,45f8660f,8b45108b,058bcb8b,0000d3e0,75108078,8b4dfcc6,81582000,348b5514,108b088b,017599eb,5dc21400,cccccccc
1788306703.3743074,27512,7.006492321624085e-45,8.407790785948902e-45,1.401298464324817e-45,1.401298464324817e-45,1.0,0.0,0.0,0.0,0.0,0.0,0.0,1.0,0.0,0.0,0.0,0.0,0.0,0.0,0.0,0.0,0.0,0.0,0.0,0.0,1.0,0.0,1.0,0.0,0.0,0.0,0.0,0.0,0.0,0.0,0.0,0.0,1.0,0.0,0.0,0.0,0.0,0.0,0.0,0.0,0.0,0.0,0.0,0.0,0.0,0.0,0.0,0.0,0f1f8400,c1018d48,8bc1eb0c,000f1f80,00000000,8b5df48b,c8c1f905,f085148e,008b450c,008bca81,01a90000,088b04b9,f8000000,098bc1c1,e817a801,0f85e300,0facc214,f0010000,20040000,a810751b,0d83ff06,45f88b73,1f83ff06,00000006,1af6c101,07c745f0,02000000,8b45f889,45f8660f,8b45108b,058bcb8b,0000d3e0,75108078,8b4dfcc6,81582000,348b5514,108b088b,017599eb,5dc21400,cccccccc
1788306703.475218,27512,7.006492321624085e-45,8.407790785948902e-45,1.401298464324817e-45,1.401298464324817e-45,1.0,0.0,0.0,0.0,0.0,0.0,0.0,1.0,0.0,0.0,0.0,0.0,0.0,0.0,0.0,0.0,0.0,0.0,0.0,0.0,1.0,0.0,1.0,0.0,0.0,0.0,0.0,0.0,0.0,0.0,0.0,0.0,1.0,0.0,0.0,0.0,0.0,0.0,0.0,0.0,0.0,0.0,0.0,0.0,0.0,0.0,0.0,0.0,0f1f8400,c1018d48,8bc1eb0c,000f1f80,00000000,8b5df48b,c8c1f905,f085148e,008b450c,008bca81,01a90000,088b04b9,f8000000,098bc1c1,e817a801,0f85e300,0facc214,f0010000,20040000,a810751b,0d83ff06,45f88b73,1f83ff06,00000006,1af6c101,07c745f0,02000000,8b45f889,45f8660f,8b45108b,058bcb8b,0000d3e0,75108078,8b4dfcc6,81582000,348b5514,108b088b,017599eb,5dc21400,cccccccc
1788306703.5760703,27512,7.006492321624085e-45,8.407790785948902e-45,1.401298464324817e-45,1.401298464324817e-45,1.0,0.0,0.0,0.0,0.0,0.0,0.0,1.0,0.0,0.0,0.0,0.0,0.0,0.0,0.0,0.0,0.0,0.0,0.0,0.0,1.0,0.0,1.0,0.0,0.0,0.0,0.0,0.0,0.0,0.0,0.0,0.0,1.0,0.0,0.0,0.0,0.0,0.0,0.0,0.0,0.0,0.0,0.0,0.0,0.0,0.0,0.0,0.0,0f1f8400,c1018d48,8bc1eb0c,000f1f80,00000000,8b5df48b,c8c1f905,f085148e,008b450c,008bca81,01a90000,088b04b9,f8000000,098bc1c1,e817a801,0f85e300,0facc214,f0010000,20040000,a810751b,0d83ff06,45f88b73,1f83ff06,00000006,1af6c101,07c745f0,02000000,8b45f889,45f8660f,8b45108b,058bcb8b,0000d3e0,75108078,8b4dfcc6,81582000,348b5514,108b088b,017599eb,5dc21400,cccccccc
1788306703.6768205,27512,7.006492321624085e-45,8.407790785948902e-45,1.401298464324817e-45,1.401298464324817e-45,1.0,0.0,0.0,0.0,0.0,0.0,0.0,1.0,0.0,0.0,0.0,0.0,0.0,0.0,0.0,0.0,0.0,0.0,0.0,0.0,1.0,0.0,1.0,0.0,0.0,0.0,0.0,0.0,0.0,0.0,0.0,0.0,1.0,0.0,0.0,0.0,0.0,0.0,0.0,0.0,0.0,0.0,0.0,0.0,0.0,0.0,0.0,0.0,0f1f8400,c1018d48,8bc1eb0c,000f1f80,00000000,8b5df48b,c8c1f905,f085148e,008b450c,008bca81,01a90000,088b04b9,f8000000,098bc1c1,e817a801,0f85e300,0facc214,f0010000,20040000,a810751b,0d83ff06,45f88b73,1f83ff06,00000006,1af6c101,07c745f0,02000000,8b45f889,45f8660f,8b45108b,058bcb8b,0000d3e0,75108078,8b4dfcc6,81582000,348b5514,108b088b,017599eb,5dc21400,cccccccc
1788306703.7777014,27512,7.006492321624085e-45,8.407790785948902e-45,1.401298464324817e-45,1.401298464324817e-45,1.0,0.0,0.0,0.0,0.0,0.0,0.0,1.0,0.0,0.0,0.0,0.0,0.0,0.0,0.0,0.0,0.0,0.0,0.0,0.0,1.0,0.0,1.0,0.0,0.0,0.0,0.0,0.0,0.0,0.0,0.0,0.0,1.0,0.0,0.0,0.0,0.0,0.0,0.0,0.0,0.0,0.0,0.0,0.0,0.0,0.0,0.0,0.0,0f1f8400,c1018d48,8bc1eb0c,000f1f80,00000000,8b5df48b,c8c1f905,f085148e,008b450c,008bca81,01a90000,088b04b9,f8000000,098bc1c1,e817a801,0f85e300,0facc214,f0010000,20040000,a810751b,0d83ff06,45f88b73,1f83ff06,00000006,1af6c101,07c745f0,02000000,8b45f889,45f8660f,8b45108b,058bcb8b,0000d3e0,75108078,8b4dfcc6,81582000,348b5514,108b088b,017599eb,5dc21400,cccccccc
1788306703.8783724,27512,7.006492321624085e-45,8.407790785948902e-45,1.401298464324817e-45,1.401298464324817e-45,1.0,0.0,0.0,0.0,0.0,0.0,0.0,1.0,0.0,0.0,0.0,0.0,0.0,0.0,0.0,0.0,0.0,0.0,0.0,0.0,1.0,0.0,1.0,0.0,0.0,0.0,0.0,0.0,0.0,0.0,0.0,0.0,1.0,0.0,0.0,0.0,0.0,0.0,0.0,0.0,0.0,0.0,0.0,0.0,0.0,0.0,0.0,0.0,0f1f8400,c1018d48,8bc1eb0c,000f1f80,00000000,8b5df48b,c8c1f905,f085148e,008b450c,008bca81,01a90000,088b04b9,f8000000,098bc1c1,e817a801,0f85e300,0facc214,f0010000,20040000,a810751b,0d83ff06,45f88b73,1f83ff06,00000006,1af6c101,07c745f0,02000000,8b45f889,45f8660f,8b45108b,058bcb8b,0000d3e0,75108078,8b4dfcc6,81582000,348b5514,108b088b,017599eb,5dc21400,cccccccc
1788306703.97872,27512,7.006492321624085e-45,8.407790785948902e-45,1.401298464324817e-45,1.401298464324817e-45,1.0,0.0,0.0,0.0,0.0,0.0,0.0,1.0,0.0,0.0,0.0,0.0,0.0,0.0,0.0,0.0,0.0,0.0,0.0,0.0,1.0,0.0,1.0,0.0,0.0,0.0,0.0,0.0,0.0,0.0,0.0,0.0,1.0,0.0,0.0,0.0,0.0,0.0,0.0,0.0,0.0,0.0,0.0,0.0,0.0,0.0,0.0,0.0,0f1f8400,c1018d48,8bc1eb0c,000f1f80,00000000,8b5df48b,c8c1f905,f085148e,008b450c,008bca81,01a90000,088b04b9,f8000000,098bc1c1,e817a801,0f85e300,0facc214,f0010000,20040000,a810751b,0d83ff06,45f88b73,1f83ff06,00000006,1af6c101,07c745f0,02000000,8b45f889,45f8660f,8b45108b,058bcb8b,0000d3e0,75108078,8b4dfcc6,81582000,348b5514,108b088b,017599eb,5dc21400,cccccccc
1788306704.0793045,27512,7.006492321624085e-45,8.407790785948902e-45,1.401298464324817e-45,1.401298464324817e-45,1.0,0.0,0.0,0.0,0.0,0.0,0.0,1.0,0.0,0.0,0.0,0.0,0.0,0.0,0.0,0.0,0.0,0.0,0.0,0.0,1.0,0.0,1.0,0.0,0.0,0.0,0.0,0.0,0.0,0.0,0.0,0.0,1.0,0.0,0.0,0.0,0.0,0.0,0.0,0.0,0.0,0.0,0.0,0.0,0.0,0.0,0.0,0.0,0f1f8400,c1018d48,8bc1eb0c,000f1f80,00000000,8b5df48b,c8c1f905,f085148e,008b450c,008bca81,01a90000,088b04b9,f8000000,098bc1c1,e817a801,0f85e300,0facc214,f0010000,20040000,a810751b,0d83ff06,45f88b73,1f83ff06,00000006,1af6c101,07c745f0,02000000,8b45f889,45f8660f,8b45108b,058bcb8b,0000d3e0,75108078,8b4dfcc6,81582000,348b5514,108b088b,017599eb,5dc21400,cccccccc
1788306704.1799695,27512,7.006492321624085e-45,8.407790785948902e-45,1.401298464324817e-45,1.401298464324817e-45,1.0,0.0,0.0,0.0,0.0,0.0,0.0,1.0,0.0,0.0,0.0,0.0,0.0,0.0,0.0,0.0,0.0,0.0,0.0,0.0,1.0,0.0,1.0,0.0,0.0,0.0,0.0,0.0,0.0,0.0,0.0,0.0,1.0,0.0,0.0,0.0,0.0,0.0,0.0,0.0,0.0,0.0,0.0,0.0,0.0,0.0,0.0,0.0,0f1f8400,c1018d48,8bc1eb0c,000f1f80,00000000,8b5df48b,c8c1f905,f085148e,008b450c,008bca81,01a90000,088b04b9,f8000000,098bc1c1,e817a801,0f85e300,0facc214,f0010000,20040000,a810751b,0d83ff06,45f88b73,1f83ff06,00000006,1af6c101,07c745f0,02000000,8b45f889,45f8660f,8b45108b,058bcb8b,0000d3e0,75108078,8b4dfcc6,81582000,348b5514,108b088b,017599eb,5dc21400,cccccccc
1788306704.2812462,27512,7.006492321624085e-45,8.407790785948902e-45,1.401298464324817e-45,1.401298464324817e-45,1.0,0.0,0.0,0.0,0.0,0.0,0.0,1.0,0.0,0.0,0.0,0.0,0.0,0.0,0.0,0.0,0.0,0.0,0.0,0.0,1.0,0.0,1.0,0.0,0.0,0.0,0.0,0.0,0.0,0.0,0.0,0.0,1.0,0.0,0.0,0.0,0.0,0.0,0.0,0.0,0.0,0.0,0.0,0.0,0.0,0.0,0.0,0.0,0f1f8400,c1018d48,8bc1eb0c,000f1f80,00000000,8b5df48b,c8c1f905,f085148e,008b450c,008bca81,01a90000,088b04b9,f8000000,098bc1c1,e817a801,0f85e300,0facc214,f0010000,20040000,a810751b,0d83ff06,45f88b73,1f83ff06,00000006,1af6c101,07c745f0,02000000,8b45f889,45f8660f,8b45108b,058bcb8b,0000d3e0,75108078,8b4dfcc6,81582000,348b5514,108b088b,017599eb,5dc21400,cccccccc
1788306704.382103,27512,7.006492321624085e-45,8.407790785948902e-45,1.401298464324817e-45,1.401298464324817e-45,1.0,0.0,0.0,0.0,0.0,0.0,0.0,1.0,0.0,0.0,0.0,0.0,0.0,0.0,0.0,0.0,0.0,0.0,0.0,0.0,1.0,0.0,1.0,0.0,0.0,0.0,0.0,0.0,0.0,0.0,0.0,0.0,1.0,0.0,0.0,0.0,0.0,0.0,0.0,0.0,0.0,0.0,0.0,0.0,0.0,0.0,0.0,0.0,0f1f8400,c1018d48,8bc1eb0c,000f1f80,00000000,8b5df48b,c8c1f905,f085148e,008b450c,008bca81,01a90000,088b04b9,f8000000,098bc1c1,e817a801,0f85e300,0facc214,f0010000,20040000,a810751b,0d83ff06,45f88b73,1f83ff06,00000006,1af6c101,07c745f0,02000000,8b45f889,45f8660f,8b45108b,058bcb8b,0000d3e0,75108078,8b4dfcc6,81582000,348b5514,108b088b,017599eb,5dc21400,cccccccc
1788306704.4828238,27512,7.006492321624085e-45,8.407790785948902e-45,1.401298464324817e-45,1.401298464324817e-45,1.0,0.0,0.0,0.0,0.0,0.0,0.0,1.0,0.0,0.0,0.0,0.0,0.0,0.0,0.0,0.0,0.0,0.0,0.0,0.0,1.0,0.0,1.0,0.0,0.0,0.0,0.0,0.0,0.0,0.0,0.0,0.0,1.0,0.0,0.0,0.0,0.0,0.0,0.0,0.0,0.0,0.0,0.0,0.0,0.0,0.0,0.0,0.0,0f1f8400,c1018d48,8bc1eb0c,000f1f80,00000000,8b5df48b,c8c1f905,f085148e,008b450c,008bca81,01a90000,088b04b9,f8000000,098bc1c1,e817a801,0f85e300,0facc214,f0010000,20040000,a810751b,0d83ff06,45f88b73,1f83ff06,00000006,1af6c101,07c745f0,02000000,8b45f889,45f8660f,8b45108b,058bcb8b,0000d3e0,75108078,8b4dfcc6,81582000,348b5514,108b088b,017599eb,5dc21400,cccccccc
1788306704.6074374,27512,7.006492321624085e-45,8.407790785948902e-45,1.401298464324817e-45,1.401298464324817e-45,1.0,0.0,0.0,0.0,0.0,0.0,0.0,1.0,0.0,0.0,0.0,0.0,0.0,0.0,0.0,0.0,0.0,0.0,0.0,0.0,1.0,0.0,1.0,0.0,0.0,0.0,0.0,0.0,0.0,0.0,0.0,0.0,1.0,0.0,0.0,0.0,0.0,0.0,0.0,0.0,0.0,0.0,0.0,0.0,0.0,0.0,0.0,0.0,0f1f8400,c1018d48,8bc1eb0c,000f1f80,00000000,8b5df48b,c8c1f905,f085148e,008b450c,008bca81,01a90000,088b04b9,f8000000,098bc1c1,e817a801,0f85e300,0facc214,f0010000,20040000,a810751b,0d83ff06,45f88b73,1f83ff06,00000006,1af6c101,07c745f0,02000000,8b45f889,45f8660f,8b45108b,058bcb8b,0000d3e0,75108078,8b4dfcc6,81582000,348b5514,108b088b,017599eb,5dc21400,cccccccc
1788306704.7082353,27512,7.006492321624085e-45,8.407790785948902e-45,1.401298464324817e-45,1.401298464324817e-45,1.0,0.0,0.0,0.0,0.0,0.0,0.0,1.0,0.0,0.0,0.0,0.0,0.0,0.0,0.0,0.0,0.0,0.0,0.0,0.0,1.0,0.0,1.0,0.0,0.0,0.0,0.0,0.0,0.0,0.0,0.0,0.0,1.0,0.0,0.0,0.0,0.0,0.0,0.0,0.0,0.0,0.0,0.0,0.0,0.0,0.0,0.0,0.0,0f1f8400,c1018d48,8bc1eb0c,000f1f80,00000000,8b5df48b,c8c1f905,f085148e,008b450c,008bca81,01a90000,088b04b9,f8000000,098bc1c1,e817a801,0f85e300,0facc214,f0010000,20040000,a810751b,0d83ff06,45f88b73,1f83ff06,00000006,1af6c101,07c745f0,02000000,8b45f889,45f8660f,8b45108b,058bcb8b,0000d3e0,75108078,8b4dfcc6,81582000,348b5514,108b088b,017599eb,5dc21400,cccccccc
1788306704.808801,27512,7.006492321624085e-45,8.407790785948902e-45,1.401298464324817e-45,1.401298464324817e-45,1.0,0.0,0.0,0.0,0.0,0.0,0.0,1.0,0.0,0.0,0.0,0.0,0.0,0.0,0.0,0.0,0.0,0.0,0.0,0.0,1.0,0.0,1.0,0.0,0.0,0.0,0.0,0.0,0.0,0.0,0.0,0.0,1.0,0.0,0.0,0.0,0.0,0.0,0.0,0.0,0.0,0.0,0.0,0.0,0.0,0.0,0.0,0.0,0f1f8400,c1018d48,8bc1eb0c,000f1f80,00000000,8b5df48b,c8c1f905,f085148e,008b450c,008bca81,01a90000,088b04b9,f8000000,098bc1c1,e817a801,0f85e300,0facc214,f0010000,20040000,a810751b,0d83ff06,45f88b73,1f83ff06,00000006,1af6c101,07c745f0,02000000,8b45f889,45f8660f,8b45108b,058bcb8b,0000d3e0,75108078,8b4dfcc6,81582000,348b5514,108b088b,017599eb,5dc21400,cccccccc
1788306704.9094257,27512,7.006492321624085e-45,8.407790785948902e-45,1.401298464324817e-45,1.401298464324817e-45,1.0,0.0,0.0,0.0,0.0,0.0,0.0,1.0,0.0,0.0,0.0,0.0,0.0,0.0,0.0,0.0,0.0,0.0,0.0,0.0,1.0,0.0,1.0,0.0,0.0,0.0,0.0,0.0,0.0,0.0,0.0,0.0,1.0,0.0,0.0,0.0,0.0,0.0,0.0,0.0,0.0,0.0,0.0,0.0,0.0,0.0,0.0,0.0,0f1f8400,c1018d48,8bc1eb0c,000f1f80,00000000,8b5df48b,c8c1f905,f085148e,008b450c,008bca81,01a90000,088b04b9,f8000000,098bc1c1,e817a801,0f85e300,0facc214,f0010000,20040000,a810751b,0d83ff06,45f88b73,1f83ff06,00000006,1af6c101,07c745f0,02000000,8b45f889,45f8660f,8b45108b,058bcb8b,0000d3e0,75108078,8b4dfcc6,81582000,348b5514,108b088b,017599eb,5dc21400,cccccccc
1788306705.0100996,27512,7.006492321624085e-45,8.407790785948902e-45,1.401298464324817e-45,1.401298464324817e-45,1.0,0.0,0.0,0.0,0.0,0.0,0.0,1.0,0.0,0.0,0.0,0.0,0.0,0.0,0.0,0.0,0.0,0.0,0.0,0.0,1.0,0.0,1.0,0.0,0.0,0.0,0.0,0.0,0.0,0.0,0.0,0.0,1.0,0.0,0.0,0.0,0.0,0.0,0.0,0.0,0.0,0.0,0.0,0.0,0.0,0.0,0.0,0.0,0f1f8400,c1018d48,8bc1eb0c,000f1f80,00000000,8b5df48b,c8c1f905,f085148e,008b450c,008bca81,01a90000,088b04b9,f8000000,098bc1c1,e817a801,0f85e300,0facc214,f0010000,20040000,a810751b,0d83ff06,45f88b73,1f83ff06,00000006,1af6c101,07c745f0,02000000,8b45f889,45f8660f,8b45108b,058bcb8b,0000d3e0,75108078,8b4dfcc6,81582000,348b5514,108b088b,017599eb,5dc21400,cccccccc
1788306705.1105068,27512,7.006492321624085e-45,8.407790785948902e-45,1.401298464324817e-45,1.401298464324817e-45,1.0,0.0,0.0,0.0,0.0,0.0,0.0,1.0,0.0,0.0,0.0,0.0,0.0,0.0,0.0,0.0,0.0,0.0,0.0,0.0,1.0,0.0,1.0,0.0,0.0,0.0,0.0,0.0,0.0,0.0,0.0,0.0,1.0,0.0,0.0,0.0,0.0,0.0,0.0,0.0,0.0,0.0,0.0,0.0,0.0,0.0,0.0,0.0,0f1f8400,c1018d48,8bc1eb0c,000f1f80,00000000,8b5df48b,c8c1f905,f085148e,008b450c,008bca81,01a90000,088b04b9,f8000000,098bc1c1,e817a801,0f85e300,0facc214,f0010000,20040000,a810751b,0d83ff06,45f88b73,1f83ff06,00000006,1af6c101,07c745f0,02000000,8b45f889,45f8660f,8b45108b,058bcb8b,0000d3e0,75108078,8b4dfcc6,81582000,348b5514,108b088b,017599eb,5dc21400,cccccccc
1788306705.2115595,27512,7.006492321624085e-45,8.407790785948902e-45,1.401298464324817e-45,1.401298464324817e-45,1.0,0.0,0.0,0.0,0.0,0.0,0.0,1.0,0.0,0.0,0.0,0.0,0.0,0.0,0.0,0.0,0.0,0.0,0.0,0.0,1.0,0.0,1.0,0.0,0.0,0.0,0.0,0.0,0.0,0.0,0.0,0.0,1.0,0.0,0.0,0.0,0.0,0.0,0.0,0.0,0.0,0.0,0.0,0.0,0.0,0.0,0.0,0.0,0f1f8400,c1018d48,8bc1eb0c,000f1f80,00000000,8b5df48b,c8c1f905,f085148e,008b450c,008bca81,01a90000,088b04b9,f8000000,098bc1c1,e817a801,0f85e300,0facc214,f0010000,20040000,a810751b,0d83ff06,45f88b73,1f83ff06,00000006,1af6c101,07c745f0,02000000,8b45f889,45f8660f,8b45108b,058bcb8b,0000d3e0,75108078,8b4dfcc6,81582000,348b5514,108b088b,017599eb,5dc21400,cccccccc
1788306705.3119452,27512,7.006492321624085e-45,8.407790785948902e-45,1.401298464324817e-45,1.401298464324817e-45,1.0,0.0,0.0,0.0,0.0,0.0,0.0,1.0,0.0,0.0,0.0,0.0,0.0,0.0,0.0,0.0,0.0,0.0,0.0,0.0,1.0,0.0,1.0,0.0,0.0,0.0,0.0,0.0,0.0,0.0,0.0,0.0,1.0,0.0,0.0,0.0,0.0,0.0,0.0,0.0,0.0,0.0,0.0,0.0,0.0,0.0,0.0,0.0,0f1f8400,c1018d48,8bc1eb0c,000f1f80,00000000,8b5df48b,c8c1f905,f085148e,008b450c,008bca81,01a90000,088b04b9,f8000000,098bc1c1,e817a801,0f85e300,0facc214,f0010000,20040000,a810751b,0d83ff06,45f88b73,1f83ff06,00000006,1af6c101,07c745f0,02000000,8b45f889,45f8660f,8b45108b,058bcb8b,0000d3e0,75108078,8b4dfcc6,81582000,348b5514,108b088b,017599eb,5dc21400,cccccccc
1788306705.4449453,27512,7.006492321624085e-45,8.407790785948902e-45,1.401298464324817e-45,1.401298464324817e-45,1.0,0.0,0.0,0.0,0.0,0.0,0.0,1.0,0.0,0.0,0.0,0.0,0.0,0.0,0.0,0.0,0.0,0.0,0.0,0.0,1.0,0.0,1.0,0.0,0.0,0.0,0.0,0.0,0.0,0.0,0.0,0.0,1.0,0.0,0.0,0.0,0.0,0.0,0.0,0.0,0.0,0.0,0.0,0.0,0.0,0.0,0.0,0.0,0f1f8400,c1018d48,8bc1eb0c,000f1f80,00000000,8b5df48b,c8c1f905,f085148e,008b450c,008bca81,01a90000,088b04b9,f8000000,098bc1c1,e817a801,0f85e300,0facc214,f0010000,20040000,a810751b,0d83ff06,45f88b73,1f83ff06,00000006,1af6c101,07c745f0,02000000,8b45f889,45f8660f,8b45108b,058bcb8b,0000d3e0,75108078,8b4dfcc6,81582000,348b5514,108b088b,017599eb,5dc21400,cccccccc
1788306705.5455878,27512,7.006492321624085e-45,8.407790785948902e-45,1.401298464324817e-45,1.401298464324817e-45,1.0,0.0,0.0,0.0,0.0,0.0,0.0,1.0,0.0,0.0,0.0,0.0,0.0,0.0,0.0,0.0,0.0,0.0,0.0,0.0,1.0,0.0,1.0,0.0,0.0,0.0,0.0,0.0,0.0,0.0,0.0,0.0,1.0,0.0,0.0,0.0,0.0,0.0,0.0,0.0,0.0,0.0,0.0,0.0,0.0,0.0,0.0,0.0,0f1f8400,c1018d48,8bc1eb0c,000f1f80,00000000,8b5df48b,c8c1f905,f085148e,008b450c,008bca81,01a90000,088b04b9,f8000000,098bc1c1,e817a801,0f85e300,0facc214,f0010000,20040000,a810751b,0d83ff06,45f88b73,1f83ff06,00000006,1af6c101,07c745f0,02000000,8b45f889,45f8660f,8b45108b,058bcb8b,0000d3e0,75108078,8b4dfcc6,81582000,348b5514,108b088b,017599eb,5dc21400,cccccccc
1788306705.6459348,27512,7.006492321624085e-45,8.407790785948902e-45,1.401298464324817e-45,1.401298464324817e-45,1.0,0.0,0.0,0.0,0.0,0.0,0.0,1.0,0.0,0.0,0.0,0.0,0.0,0.0,0.0,0.0,0.0,0.0,0.0,0.0,1.0,0.0,1.0,0.0,0.0,0.0,0.0,0.0,0.0,0.0,0.0,0.0,1.0,0.0,0.0,0.0,0.0,0.0,0.0,0.0,0.0,0.0,0.0,0.0,0.0,0.0,0.0,0.0,0f1f8400,c1018d48,8bc1eb0c,000f1f80,00000000,8b5df48b,c8c1f905,f085148e,008b450c,008bca81,01a90000,088b04b9,f8000000,098bc1c1,e817a801,0f85e300,0facc214,f0010000,20040000,a810751b,0d83ff06,45f88b73,1f83ff06,00000006,1af6c101,07c745f0,02000000,8b45f889,45f8660f,8b45108b,058bcb8b,0000d3e0,75108078,8b4dfcc6,81582000,348b5514,108b088b,017599eb,5dc21400,cccccccc
1788306705.746789,27512,7.006492321624085e-45,8.407790785948902e-45,1.401298464324817e-45,1.401298464324817e-45,1.0,0.0,0.0,0.0,0.0,0.0,0.0,1.0,0.0,0.0,0.0,0.0,0.0,0.0,0.0,0.0,0.0,0.0,0.0,0.0,1.0,0.0,1.0,0.0,0.0,0.0,0.0,0.0,0.0,0.0,0.0,0.0,1.0,0.0,0.0,0.0,0.0,0.0,0.0,0.0,0.0,0.0,0.0,0.0,0.0,0.0,0.0,0.0,0f1f8400,c1018d48,8bc1eb0c,000f1f80,00000000,8b5df48b,c8c1f905,f085148e,008b450c,008bca81,01a90000,088b04b9,f8000000,098bc1c1,e817a801,0f85e300,0facc214,f0010000,20040000,a810751b,0d83ff06,45f88b73,1f83ff06,00000006,1af6c101,07c745f0,02000000,8b45f889,45f8660f,8b45108b,058bcb8b,0000d3e0,75108078,8b4dfcc6,81582000,348b5514,108b088b,017599eb,5dc21400,cccccccc
1788306705.8476229,27512,7.006492321624085e-45,8.407790785948902e-45,1.401298464324817e-45,1.401298464324817e-45,1.0,0.0,0.0,0.0,0.0,0.0,0.0,1.0,0.0,0.0,0.0,0.0,0.0,0.0,0.0,0.0,0.0,0.0,0.0,0.0,1.0,0.0,1.0,0.0,0.0,0.0,0.0,0.0,0.0,0.0,0.0,0.0,1.0,0.0,0.0,0.0,0.0,0.0,0.0,0.0,0.0,0.0,0.0,0.0,0.0,0.0,0.0,0.0,0f1f8400,c1018d48,8bc1eb0c,000f1f80,00000000,8b5df48b,c8c1f905,f085148e,008b450c,008bca81,01a90000,088b04b9,f8000000,098bc1c1,e817a801,0f85e300,0facc214,f0010000,20040000,a810751b,0d83ff06,45f88b73,1f83ff06,00000006,1af6c101,07c745f0,02000000,8b45f889,45f8660f,8b45108b,058bcb8b,0000d3e0,75108078,8b4dfcc6,81582000,348b5514,108b088b,017599eb,5dc21400,cccccccc
1788306705.9483001,27512,7.006492321624085e-45,8.407790785948902e-45,1.401298464324817e-45,1.401298464324817e-45,1.0,0.0,0.0,0.0,0.0,0.0,0.0,1.0,0.0,0.0,0.0,0.0,0.0,0.0,0.0,0.0,0.0,0.0,0.0,0.0,1.0,0.0,1.0,0.0,0.0,0.0,0.0,0.0,0.0,0.0,0.0,0.0,1.0,0.0,0.0,0.0,0.0,0.0,0.0,0.0,0.0,0.0,0.0,0.0,0.0,0.0,0.0,0.0,0f1f8400,c1018d48,8bc1eb0c,000f1f80,00000000,8b5df48b,c8c1f905,f085148e,008b450c,008bca81,01a90000,088b04b9,f8000000,098bc1c1,e817a801,0f85e300,0facc214,f0010000,20040000,a810751b,0d83ff06,45f88b73,1f83ff06,00000006,1af6c101,07c745f0,02000000,8b45f889,45f8660f,8b45108b,058bcb8b,0000d3e0,75108078,8b4dfcc6,81582000,348b5514,108b088b,017599eb,5dc21400,cccccccc
1788306706.0489287,27512,7.006492321624085e-45,8.407790785948902e-45,1.401298464324817e-45,1.401298464324817e-45,1.0,0.0,0.0,0.0,0.0,0.0,0.0,1.0,0.0,0.0,0.0,0.0,0.0,0.0,0.0,0.0,0.0,0.0,0.0,0.0,1.0,0.0,1.0,0.0,0.0,0.0,0.0,0.0,0.0,0.0,0.0,0.0,1.0,0.0,0.0,0.0,0.0,0.0,0.0,0.0,0.0,0.0,0.0,0.0,0.0,0.0,0.0,0.0,0f1f8400,c1018d48,8bc1eb0c,000f1f80,00000000,8b5df48b,c8c1f905,f085148e,008b450c,008bca81,01a90000,088b04b9,f8000000,098bc1c1,e817a801,0f85e300,0facc214,f0010000,20040000,a810751b,0d83ff06,45f88b73,1f83ff06,00000006,1af6c101,07c745f0,02000000,8b45f889,45f8660f,8b45108b,058bcb8b,0000d3e0,75108078,8b4dfcc6,81582000,348b5514,108b088b,017599eb,5dc21400,cccccccc
1788306706.1501243,27512,7.006492321624085e-45,8.407790785948902e-45,1.401298464324817e-45,1.401298464324817e-45,1.0,0.0,0.0,0.0,0.0,0.0,0.0,1.0,0.0,0.0,0.0,0.0,0.0,0.0,0.0,0.0,0.0,0.0,0.0,0.0,1.0,0.0,1.0,0.0,0.0,0.0,0.0,0.0,0.0,0.0,0.0,0.0,1.0,0.0,0.0,0.0,0.0,0.0,0.0,0.0,0.0,0.0,0.0,0.0,0.0,0.0,0.0,0.0,0f1f8400,c1018d48,8bc1eb0c,000f1f80,00000000,8b5df48b,c8c1f905,f085148e,008b450c,008bca81,01a90000,088b04b9,f8000000,098bc1c1,e817a801,0f85e300,0facc214,f0010000,20040000,a810751b,0d83ff06,45f88b73,1f83ff06,00000006,1af6c101,07c745f0,02000000,8b45f889,45f8660f,8b45108b,058bcb8b,0000d3e0,75108078,8b4dfcc6,81582000,348b5514,108b088b,017599eb,5dc21400,cccccccc
1788306706.250669,27512,7.006492321624085e-45,8.407790785948902e-45,1.401298464324817e-45,1.401298464324817e-45,1.0,0.0,0.0,0.0,0.0,0.0,0.0,1.0,0.0,0.0,0.0,0.0,0.0,0.0,0.0,0.0,0.0,0.0,0.0,0.0,1.0,0.0,1.0,0.0,0.0,0.0,0.0,0.0,0.0,0.0,0.0,0.0,1.0,0.0,0.0,0.0,0.0,0.0,0.0,0.0,0.0,0.0,0.0,0.0,0.0,0.0,0.0,0.0,0f1f8400,c1018d48,8bc1eb0c,000f1f80,00000000,8b5df48b,c8c1f905,f085148e,008b450c,008bca81,01a90000,088b04b9,f8000000,098bc1c1,e817a801,0f85e300,0facc214,f0010000,20040000,a810751b,0d83ff06,45f88b73,1f83ff06,00000006,1af6c101,07c745f0,02000000,8b45f889,45f8660f,8b45108b,058bcb8b,0000d3e0,75108078,8b4dfcc6,81582000,348b5514,108b088b,017599eb,5dc21400,cccccccc
1788306706.3518412,27512,7.006492321624085e-45,8.407790785948902e-45,1.401298464324817e-45,1.401298464324817e-45,1.0,0.0,0.0,0.0,0.0,0.0,0.0,1.0,0.0,0.0,0.0,0.0,0.0,0.0,0.0,0.0,0.0,0.0,0.0,0.0,1.0,0.0,1.0,0.0,0.0,0.0,0.0,0.0,0.0,0.0,0.0,0.0,1.0,0.0,0.0,0.0,0.0,0.0,0.0,0.0,0.0,0.0,0.0,0.0,0.0,0.0,0.0,0.0,0f1f8400,c1018d48,8bc1eb0c,000f1f80,00000000,8b5df48b,c8c1f905,f085148e,008b450c,008bca81,01a90000,088b04b9,f8000000,098bc1c1,e817a801,0f85e300,0facc214,f0010000,20040000,a810751b,0d83ff06,45f88b73,1f83ff06,00000006,1af6c101,07c745f0,02000000,8b45f889,45f8660f,8b45108b,058bcb8b,0000d3e0,75108078,8b4dfcc6,81582000,348b5514,108b088b,017599eb,5dc21400,cccccccc
1788306706.452701,27512,7.006492321624085e-45,8.407790785948902e-45,1.401298464324817e-45,1.401298464324817e-45,1.0,0.0,0.0,0.0,0.0,0.0,0.0,1.0,0.0,0.0,0.0,0.0,0.0,0.0,0.0,0.0,0.0,0.0,0.0,0.0,1.0,0.0,1.0,0.0,0.0,0.0,0.0,0.0,0.0,0.0,0.0,0.0,1.0,0.0,0.0,0.0,0.0,0.0,0.0,0.0,0.0,0.0,0.0,0.0,0.0,0.0,0.0,0.0,0f1f8400,c1018d48,8bc1eb0c,000f1f80,00000000,8b5df48b,c8c1f905,f085148e,008b450c,008bca81,01a90000,088b04b9,f8000000,098bc1c1,e817a801,0f85e300,0facc214,f0010000,20040000,a810751b,0d83ff06,45f88b73,1f83ff06,00000006,1af6c101,07c745f0,02000000,8b45f889,45f8660f,8b45108b,058bcb8b,0000d3e0,75108078,8b4dfcc6,81582000,348b5514,108b088b,017599eb,5dc21400,cccccccc
1788306706.5546398,27512,7.006492321624085e-45,8.407790785948902e-45,1.401298464324817e-45,1.401298464324817e-45,1.0,0.0,0.0,0.0,0.0,0.0,0.0,1.0,0.0,0.0,0.0,0.0,0.0,0.0,0.0,0.0,0.0,0.0,0.0,0.0,1.0,0.0,1.0,0.0,0.0,0.0,0.0,0.0,0.0,0.0,0.0,0.0,1.0,0.0,0.0,0.0,0.0,0.0,0.0,0.0,0.0,0.0,0.0,0.0,0.0,0.0,0.0,0.0,0f1f8400,c1018d48,8bc1eb0c,000f1f80,00000000,8b5df48b,c8c1f905,f085148e,008b450c,008bca81,01a90000,088b04b9,f8000000,098bc1c1,e817a801,0f85e300,0facc214,f0010000,20040000,a810751b,0d83ff06,45f88b73,1f83ff06,00000006,1af6c101,07c745f0,02000000,8b45f889,45f8660f,8b45108b,058bcb8b,0000d3e0,75108078,8b4dfcc6,81582000,348b5514,108b088b,017599eb,5dc21400,cccccccc
1788306706.6552496,27512,7.006492321624085e-45,8.407790785948902e-45,1.401298464324817e-45,1.401298464324817e-45,1.0,0.0,0.0,0.0,0.0,0.0,0.0,1.0,0.0,0.0,0.0,0.0,0.0,0.0,0.0,0.0,0.0,0.0,0.0,0.0,1.0,0.0,1.0,0.0,0.0,0.0,0.0,0.0,0.0,0.0,0.0,0.0,1.0,0.0,0.0,0.0,0.0,0.0,0.0,0.0,0.0,0.0,0.0,0.0,0.0,0.0,0.0,0.0,0f1f8400,c1018d48,8bc1eb0c,000f1f80,00000000,8b5df48b,c8c1f905,f085148e,008b450c,008bca81,01a90000,088b04b9,f8000000,098bc1c1,e817a801,0f85e300,0facc214,f0010000,20040000,a810751b,0d83ff06,45f88b73,1f83ff06,00000006,1af6c101,07c745f0,02000000,8b45f889,45f8660f,8b45108b,058bcb8b,0000d3e0,75108078,8b4dfcc6,81582000,348b5514,108b088b,017599eb,5dc21400,cccccccc
1788306706.787379,27512,7.006492321624085e-45,8.407790785948902e-45,1.401298464324817e-45,1.401298464324817e-45,1.0,0.0,0.0,0.0,0.0,0.0,0.0,1.0,0.0,0.0,0.0,0.0,0.0,0.0,0.0,0.0,0.0,0.0,0.0,0.0,1.0,0.0,1.0,0.0,0.0,0.0,0.0,0.0,0.0,0.0,0.0,0.0,1.0,0.0,0.0,0.0,0.0,0.0,0.0,0.0,0.0,0.0,0.0,0.0,0.0,0.0,0.0,0.0,0f1f8400,c1018d48,8bc1eb0c,000f1f80,00000000,8b5df48b,c8c1f905,f085148e,008b450c,008bca81,01a90000,088b04b9,f8000000,098bc1c1,e817a801,0f85e300,0facc214,f0010000,20040000,a810751b,0d83ff06,45f88b73,1f83ff06,00000006,1af6c101,07c745f0,02000000,8b45f889,45f8660f,8b45108b,058bcb8b,0000d3e0,75108078,8b4dfcc6,81582000,348b5514,108b088b,017599eb,5dc21400,cccccccc
1788306706.8900156,27512,7.006492321624085e-45,8.407790785948902e-45,1.401298464324817e-45,1.401298464324817e-45,1.0,0.0,0.0,0.0,0.0,0.0,0.0,1.0,0.0,0.0,0.0,0.0,0.0,0.0,0.0,0.0,0.0,0.0,0.0,0.0,1.0,0.0,1.0,0.0,0.0,0.0,0.0,0.0,0.0,0.0,0.0,0.0,1.0,0.0,0.0,0.0,0.0,0.0,0.0,0.0,0.0,0.0,0.0,0.0,0.0,0.0,0.0,0.0,0f1f8400,c1018d48,8bc1eb0c,000f1f80,00000000,8b5df48b,c8c1f905,f085148e,008b450c,008bca81,01a90000,088b04b9,f8000000,098bc1c1,e817a801,0f85e300,0facc214,f0010000,20040000,a810751b,0d83ff06,45f88b73,1f83ff06,00000006,1af6c101,07c745f0,02000000,8b45f889,45f8660f,8b45108b,058bcb8b,0000d3e0,75108078,8b4dfcc6,81582000,348b5514,108b088b,017599eb,5dc21400,cccccccc
1788306706.990793,27512,7.006492321624085e-45,8.407790785948902e-45,1.401298464324817e-45,1.401298464324817e-45,1.0,0.0,0.0,0.0,0.0,0.0,0.0,1.0,0.0,0.0,0.0,0.0,0.0,0.0,0.0,0.0,0.0,0.0,0.0,0.0,1.0,0.0,1.0,0.0,0.0,0.0,0.0,0.0,0.0,0.0,0.0,0.0,1.0,0.0,0.0,0.0,0.0,0.0,0.0,0.0,0.0,0.0,0.0,0.0,0.0,0.0,0.0,0.0,0f1f8400,c1018d48,8bc1eb0c,000f1f80,00000000,8b5df48b,c8c1f905,f085148e,008b450c,008bca81,01a90000,088b04b9,f8000000,098bc1c1,e817a801,0f85e300,0facc214,f0010000,20040000,a810751b,0d83ff06,45f88b73,1f83ff06,00000006,1af6c101,07c745f0,02000000,8b45f889,45f8660f,8b45108b,058bcb8b,0000d3e0,75108078,8b4dfcc6,81582000,348b5514,108b088b,017599eb,5dc21400,cccccccc
1788306707.0912874,27512,7.006492321624085e-45,8.407790785948902e-45,1.401298464324817e-45,1.401298464324817e-45,1.0,0.0,0.0,0.0,0.0,0.0,0.0,1.0,0.0,0.0,0.0,0.0,0.0,0.0,0.0,0.0,0.0,0.0,0.0,0.0,1.0,0.0,1.0,0.0,0.0,0.0,0.0,0.0,0.0,0.0,0.0,0.0,1.0,0.0,0.0,0.0,0.0,0.0,0.0,0.0,0.0,0.0,0.0,0.0,0.0,0.0,0.0,0.0,0f1f8400,c1018d48,8bc1eb0c,000f1f80,00000000,8b5df48b,c8c1f905,f085148e,008b450c,008bca81,01a90000,088b04b9,f8000000,098bc1c1,e817a801,0f85e300,0facc214,f0010000,20040000,a810751b,0d83ff06,45f88b73,1f83ff06,00000006,1af6c101,07c745f0,02000000,8b45f889,45f8660f,8b45108b,058bcb8b,0000d3e0,75108078,8b4dfcc6,81582000,348b5514,108b088b,017599eb,5dc21400,cccccccc
1788306707.1950085,27512,7.006492321624085e-45,8.407790785948902e-45,1.401298464324817e-45,1.401298464324817e-45,1.0,0.0,0.0,0.0,0.0,0.0,0.0,1.0,0.0,0.0,0.0,0.0,0.0,0.0,0.0,0.0,0.0,0.0,0.0,0.0,1.0,0.0,1.0,0.0,0.0,0.0,0.0,0.0,0.0,0.0,0.0,0.0,1.0,0.0,0.0,0.0,0.0,0.0,0.0,0.0,0.0,0.0,0.0,0.0,0.0,0.0,0.0,0.0,0f1f8400,c1018d48,8bc1eb0c,000f1f80,00000000,8b5df48b,c8c1f905,f085148e,008b450c,008bca81,01a90000,088b04b9,f8000000,098bc1c1,e817a801,0f85e300,0facc214,f0010000,20040000,a810751b,0d83ff06,45f88b73,1f83ff06,00000006,1af6c101,07c745f0,02000000,8b45f889,45f8660f,8b45108b,058bcb8b,0000d3e0,75108078,8b4dfcc6,81582000,348b5514,108b088b,017599eb,5dc21400,cccccccc
1788306707.2957795,27512,7.006492321624085e-45,8.407790785948902e-45,1.401298464324817e-45,1.401298464324817e-45,1.0,0.0,0.0,0.0,0.0,0.0,0.0,1.0,0.0,0.0,0.0,0.0,0.0,0.0,0.0,0.0,0.0,0.0,0.0,0.0,1.0,0.0,1.0,0.0,0.0,0.0,0.0,0.0,0.0,0.0,0.0,0.0,1.0,0.0,0.0,0.0,0.0,0.0,0.0,0.0,0.0,0.0,0.0,0.0,0.0,0.0,0.0,0.0,0f1f8400,c1018d48,8bc1eb0c,000f1f80,00000000,8b5df48b,c8c1f905,f085148e,008b450c,008bca81,01a90000,088b04b9,f8000000,098bc1c1,e817a801,0f85e300,0facc214,f0010000,20040000,a810751b,0d83ff06,45f88b73,1f83ff06,00000006,1af6c101,07c745f0,02000000,8b45f889,45f8660f,8b45108b,058bcb8b,0000d3e0,75108078,8b4dfcc6,81582000,348b5514,108b088b,017599eb,5dc21400,cccccccc
1788306707.3961482,27512,7.006492321624085e-45,8.407790785948902e-45,1.401298464324817e-45,1.401298464324817e-45,1.0,0.0,0.0,0.0,0.0,0.0,0.0,1.0,0.0,0.0,0.0,0.0,0.0,0.0,0.0,0.0,0.0,0.0,0.0,0.0,1.0,0.0,1.0,0.0,0.0,0.0,0.0,0.0,0.0,0.0,0.0,0.0,1.0,0.0,0.0,0.0,0.0,0.0,0.0,0.0,0.0,0.0,0.0,0.0,0.0,0.0,0.0,0.0,0f1f8400,c1018d48,8bc1eb0c,000f1f80,00000000,8b5df48b,c8c1f905,f085148e,008b450c,008bca81,01a90000,088b04b9,f8000000,098bc1c1,e817a801,0f85e300,0facc214,f0010000,20040000,a810751b,0d83ff06,45f88b73,1f83ff06,00000006,1af6c101,07c745f0,02000000,8b45f889,45f8660f,8b45108b,058bcb8b,0000d3e0,75108078,8b4dfcc6,81582000,348b5514,108b088b,017599eb,5dc21400,cccccccc
1788306707.4969106,27512,7.006492321624085e-45,8.407790785948902e-45,1.401298464324817e-45,1.401298464324817e-45,1.0,0.0,0.0,0.0,0.0,0.0,0.0,1.0,0.0,0.0,0.0,0.0,0.0,0.0,0.0,0.0,0.0,0.0,0.0,0.0,1.0,0.0,1.0,0.0,0.0,0.0,0.0,0.0,0.0,0.0,0.0,0.0,1.0,0.0,0.0,0.0,0.0,0.0,0.0,0.0,0.0,0.0,0.0,0.0,0.0,0.0,0.0,0.0,0f1f8400,c1018d48,8bc1eb0c,000f1f80,00000000,8b5df48b,c8c1f905,f085148e,008b450c,008bca81,01a90000,088b04b9,f8000000,098bc1c1,e817a801,0f85e300,0facc214,f0010000,20040000,a810751b,0d83ff06,45f88b73,1f83ff06,00000006,1af6c101,07c745f0,02000000,8b45f889,45f8660f,8b45108b,058bcb8b,0000d3e0,75108078,8b4dfcc6,81582000,348b5514,108b088b,017599eb,5dc21400,cccccccc
1788306707.5974286,27512,7.006492321624085e-45,8.407790785948902e-45,1.401298464324817e-45,1.401298464324817e-45,1.0,0.0,0.0,0.0,0.0,0.0,0.0,1.0,0.0,0.0,0.0,0.0,0.0,0.0,0.0,0.0,0.0,0.0,0.0,0.0,1.0,0.0,1.0,0.0,0.0,0.0,0.0,0.0,0.0,0.0,0.0,0.0,1.0,0.0,0.0,0.0,0.0,0.0,0.0,0.0,0.0,0.0,0.0,0.0,0.0,0.0,0.0,0.0,0f1f8400,c1018d48,8bc1eb0c,000f1f80,00000000,8b5df48b,c8c1f905,f085148e,008b450c,008bca81,01a90000,088b04b9,f8000000,098bc1c1,e817a801,0f85e300,0facc214,f0010000,20040000,a810751b,0d83ff06,45f88b73,1f83ff06,00000006,1af6c101,07c745f0,02000000,8b45f889,45f8660f,8b45108b,058bcb8b,0000d3e0,75108078,8b4dfcc6,81582000,348b5514,108b088b,017599eb,5dc21400,cccccccc
1788306707.6983054,27512,7.006492321624085e-45,8.407790785948902e-45,1.401298464324817e-45,1.401298464324817e-45,1.0,0.0,0.0,0.0,0.0,0.0,0.0,1.0,0.0,0.0,0.0,0.0,0.0,0.0,0.0,0.0,0.0,0.0,0.0,0.0,1.0,0.0,1.0,0.0,0.0,0.0,0.0,0.0,0.0,0.0,0.0,0.0,1.0,0.0,0.0,0.0,0.0,0.0,0.0,0.0,0.0,0.0,0.0,0.0,0.0,0.0,0.0,0.0,0f1f8400,c1018d48,8bc1eb0c,000f1f80,00000000,8b5df48b,c8c1f905,f085148e,008b450c,008bca81,01a90000,088b04b9,f8000000,098bc1c1,e817a801,0f85e300,0facc214,f0010000,20040000,a810751b,0d83ff06,45f88b73,1f83ff06,00000006,1af6c101,07c745f0,02000000,8b45f889,45f8660f,8b45108b,058bcb8b,0000d3e0,75108078,8b4dfcc6,81582000,348b5514,108b088b,017599eb,5dc21400,cccccccc
1788306707.7993374,27512,7.006492321624085e-45,8.407790785948902e-45,1.401298464324817e-45,1.401298464324817e-45,1.0,0.0,0.0,0.0,0.0,0.0,0.0,1.0,0.0,0.0,0.0,0.0,0.0,0.0,0.0,0.0,0.0,0.0,0.0,0.0,1.0,0.0,1.0,0.0,0.0,0.0,0.0,0.0,0.0,0.0,0.0,0.0,1.0,0.0,0.0,0.0,0.0,0.0,0.0,0.0,0.0,0.0,0.0,0.0,0.0,0.0,0.0,0.0,0f1f8400,c1018d48,8bc1eb0c,000f1f80,00000000,8b5df48b,c8c1f905,f085148e,008b450c,008bca81,01a90000,088b04b9,f8000000,098bc1c1,e817a801,0f85e300,0facc214,f0010000,20040000,a810751b,0d83ff06,45f88b73,1f83ff06,00000006,1af6c101,07c745f0,02000000,8b45f889,45f8660f,8b45108b,058bcb8b,0000d3e0,75108078,8b4dfcc6,81582000,348b5514,108b088b,017599eb,5dc21400,cccccccc
1788306707.9000566,27512,7.006492321624085e-45,8.407790785948902e-45,1.401298464324817e-45,1.401298464324817e-45,1.0,0.0,0.0,0.0,0.0,0.0,0.0,1.0,0.0,0.0,0.0,0.0,0.0,0.0,0.0,0.0,0.0,0.0,0.0,0.0,1.0,0.0,1.0,0.0,0.0,0.0,0.0,0.0,0.0,0.0,0.0,0.0,1.0,0.0,0.0,0.0,0.0,0.0,0.0,0.0,0.0,0.0,0.0,0.0,0.0,0.0,0.0,0.0,0f1f8400,c1018d48,8bc1eb0c,000f1f80,00000000,8b5df48b,c8c1f905,f085148e,008b450c,008bca81,01a90000,088b04b9,f8000000,098bc1c1,e817a801,0f85e300,0facc214,f0010000,20040000,a810751b,0d83ff06,45f88b73,1f83ff06,00000006,1af6c101,07c745f0,02000000,8b45f889,45f8660f,8b45108b,058bcb8b,0000d3e0,75108078,8b4dfcc6,81582000,348b5514,108b088b,017599eb,5dc21400,cccccccc
1788306708.0005426,27512,7.006492321624085e-45,8.407790785948902e-45,1.401298464324817e-45,1.401298464324817e-45,1.0,0.0,0.0,0.0,0.0,0.0,0.0,1.0,0.0,0.0,0.0,0.0,0.0,0.0,0.0,0.0,0.0,0.0,0.0,0.0,1.0,0.0,1.0,0.0,0.0,0.0,0.0,0.0,0.0,0.0,0.0,0.0,1.0,0.0,0.0,0.0,0.0,0.0,0.0,0.0,0.0,0.0,0.0,0.0,0.0,0.0,0.0,0.0,0f1f8400,c1018d48,8bc1eb0c,000f1f80,00000000,8b5df48b,c8c1f905,f085148e,008b450c,008bca81,01a90000,088b04b9,f8000000,098bc1c1,e817a801,0f85e300,0facc214,f0010000,20040000,a810751b,0d83ff06,45f88b73,1f83ff06,00000006,1af6c101,07c745f0,02000000,8b45f889,45f8660f,8b45108b,058bcb8b,0000d3e0,75108078,8b4dfcc6,81582000,348b5514,108b088b,017599eb,5dc21400,cccccccc
1788306708.1017756,27512,7.006492321624085e-45,8.407790785948902e-45,1.401298464324817e-45,1.401298464324817e-45,1.0,0.0,0.0,0.0,0.0,0.0,0.0,1.0,0.0,0.0,0.0,0.0,0.0,0.0,0.0,0.0,0.0,0.0,0.0,0.0,1.0,0.0,1.0,0.0,0.0,0.0,0.0,0.0,0.0,0.0,0.0,0.0,1.0,0.0,0.0,0.0,0.0,0.0,0.0,0.0,0.0,0.0,0.0,0.0,0.0,0.0,0.0,0.0,0f1f8400,c1018d48,8bc1eb0c,000f1f80,00000000,8b5df48b,c8c1f905,f085148e,008b450c,008bca81,01a90000,088b04b9,f8000000,098bc1c1,e817a801,0f85e300,0facc214,f0010000,20040000,a810751b,0d83ff06,45f88b73,1f83ff06,00000006,1af6c101,07c745f0,02000000,8b45f889,45f8660f,8b45108b,058bcb8b,0000d3e0,75108078,8b4dfcc6,81582000,348b5514,108b088b,017599eb,5dc21400,cccccccc
1788306708.2022765,27512,7.006492321624085e-45,8.407790785948902e-45,1.401298464324817e-45,1.401298464324817e-45,1.0,0.0,0.0,0.0,0.0,0.0,0.0,1.0,0.0,0.0,0.0,0.0,0.0,0.0,0.0,0.0,0.0,0.0,0.0,0.0,1.0,0.0,1.0,0.0,0.0,0.0,0.0,0.0,0.0,0.0,0.0,0.0,1.0,0.0,0.0,0.0,0.0,0.0,0.0,0.0,0.0,0.0,0.0,0.0,0.0,0.0,0.0,0.0,0f1f8400,c1018d48,8bc1eb0c,000f1f80,00000000,8b5df48b,c8c1f905,f085148e,008b450c,008bca81,01a90000,088b04b9,f8000000,098bc1c1,e817a801,0f85e300,0facc214,f0010000,20040000,a810751b,0d83ff06,45f88b73,1f83ff06,00000006,1af6c101,07c745f0,02000000,8b45f889,45f8660f,8b45108b,058bcb8b,0000d3e0,75108078,8b4dfcc6,81582000,348b5514,108b088b,017599eb,5dc21400,cccccccc
1788306708.3149867,27512,7.006492321624085e-45,8.407790785948902e-45,1.401298464324817e-45,1.401298464324817e-45,1.0,0.0,0.0,0.0,0.0,0.0,0.0,1.0,0.0,0.0,0.0,0.0,0.0,0.0,0.0,0.0,0.0,0.0,0.0,0.0,1.0,0.0,1.0,0.0,0.0,0.0,0.0,0.0,0.0,0.0,0.0,0.0,1.0,0.0,0.0,0.0,0.0,0.0,0.0,0.0,0.0,0.0,0.0,0.0,0.0,0.0,0.0,0.0,0f1f8400,c1018d48,8bc1eb0c,000f1f80,00000000,8b5df48b,c8c1f905,f085148e,008b450c,008bca81,01a90000,088b04b9,f8000000,098bc1c1,e817a801,0f85e300,0facc214,f0010000,20040000,a810751b,0d83ff06,45f88b73,1f83ff06,00000006,1af6c101,07c745f0,02000000,8b45f889,45f8660f,8b45108b,058bcb8b,0000d3e0,75108078,8b4dfcc6,81582000,348b5514,108b088b,017599eb,5dc21400,cccccccc
1788306708.4156733,27512,7.006492321624085e-45,8.407790785948902e-45,1.401298464324817e-45,1.401298464324817e-45,1.0,0.0,0.0,0.0,0.0,0.0,0.0,1.0,0.0,0.0,0.0,0.0,0.0,0.0,0.0,0.0,0.0,0.0,0.0,0.0,1.0,0.0,1.0,0.0,0.0,0.0,0.0,0.0,0.0,0.0,0.0,0.0,1.0,0.0,0.0,0.0,0.0,0.0,0.0,0.0,0.0,0.0,0.0,0.0,0.0,0.0,0.0,0.0,0f1f8400,c1018d48,8bc1eb0c,000f1f80,00000000,8b5df48b,c8c1f905,f085148e,008b450c,008bca81,01a90000,088b04b9,f8000000,098bc1c1,e817a801,0f85e300,0facc214,f0010000,20040000,a810751b,0d83ff06,45f88b73,1f83ff06,00000006,1af6c101,07c745f0,02000000,8b45f889,45f8660f,8b45108b,058bcb8b,0000d3e0,75108078,8b4dfcc6,81582000,348b5514,108b088b,017599eb,5dc21400,cccccccc
1788306708.5176206,27512,7.006492321624085e-45,8.407790785948902e-45,1.401298464324817e-45,1.401298464324817e-45,1.0,0.0,0.0,0.0,0.0,0.0,0.0,1.0,0.0,0.0,0.0,0.0,0.0,0.0,0.0,0.0,0.0,0.0,0.0,0.0,1.0,0.0,1.0,0.0,0.0,0.0,0.0,0.0,0.0,0.0,0.0,0.0,1.0,0.0,0.0,0.0,0.0,0.0,0.0,0.0,0.0,0.0,0.0,0.0,0.0,0.0,0.0,0.0,0f1f8400,c1018d48,8bc1eb0c,000f1f80,00000000,8b5df48b,c8c1f905,f085148e,008b450c,008bca81,01a90000,088b04b9,f8000000,098bc1c1,e817a801,0f85e300,0facc214,f0010000,20040000,a810751b,0d83ff06,45f88b73,1f83ff06,00000006,1af6c101,07c745f0,02000000,8b45f889,45f8660f,8b45108b,058bcb8b,0000d3e0,75108078,8b4dfcc6,81582000,348b5514,108b088b,017599eb,5dc21400,cccccccc
1788306708.6181276,27512,7.006492321624085e-45,8.407790785948902e-45,1.401298464324817e-45,1.401298464324817e-45,1.0,0.0,0.0,0.0,0.0,0.0,0.0,1.0,0.0,0.0,0.0,0.0,0.0,0.0,0.0,0.0,0.0,0.0,0.0,0.0,1.0,0.0,1.0,0.0,0.0,0.0,0.0,0.0,0.0,0.0,0.0,0.0,1.0,0.0,0.0,0.0,0.0,0.0,0.0,0.0,0.0,0.0,0.0,0.0,0.0,0.0,0.0,0.0,0f1f8400,c1018d48,8bc1eb0c,000f1f80,00000000,8b5df48b,c8c1f905,f085148e,008b450c,008bca81,01a90000,088b04b9,f8000000,098bc1c1,e817a801,0f85e300,0facc214,f0010000,20040000,a810751b,0d83ff06,45f88b73,1f83ff06,00000006,1af6c101,07c745f0,02000000,8b45f889,45f8660f,8b45108b,058bcb8b,0000d3e0,75108078,8b4dfcc6,81582000,348b5514,108b088b,017599eb,5dc21400,cccccccc
1788306708.718429,27512,7.006492321624085e-45,8.407790785948902e-45,1.401298464324817e-45,1.401298464324817e-45,1.0,0.0,0.0,0.0,0.0,0.0,0.0,1.0,0.0,0.0,0.0,0.0,0.0,0.0,0.0,0.0,0.0,0.0,0.0,0.0,1.0,0.0,1.0,0.0,0.0,0.0,0.0,0.0,0.0,0.0,0.0,0.0,1.0,0.0,0.0,0.0,0.0,0.0,0.0,0.0,0.0,0.0,0.0,0.0,0.0,0.0,0.0,0.0,0f1f8400,c1018d48,8bc1eb0c,000f1f80,00000000,8b5df48b,c8c1f905,f085148e,008b450c,008bca81,01a90000,088b04b9,f8000000,098bc1c1,e817a801,0f85e300,0facc214,f0010000,20040000,a810751b,0d83ff06,45f88b73,1f83ff06,00000006,1af6c101,07c745f0,02000000,8b45f889,45f8660f,8b45108b,058bcb8b,0000d3e0,75108078,8b4dfcc6,81582000,348b5514,108b088b,017599eb,5dc21400,cccccccc
1788306708.8196783,27512,7.006492321624085e-45,8.407790785948902e-45,1.401298464324817e-45,1.401298464324817e-45,1.0,0.0,0.0,0.0,0.0,0.0,0.0,1.0,0.0,0.0,0.0,0.0,0.0,0.0,0.0,0.0,0.0,0.0,0.0,0.0,1.0,0.0,1.0,0.0,0.0,0.0,0.0,0.0,0.0,0.0,0.0,0.0,1.0,0.0,0.0,0.0,0.0,0.0,0.0,0.0,0.0,0.0,0.0,0.0,0.0,0.0,0.0,0.0,0f1f8400,c1018d48,8bc1eb0c,000f1f80,00000000,8b5df48b,c8c1f905,f085148e,008b450c,008bca81,01a90000,088b04b9,f8000000,098bc1c1,e817a801,0f85e300,0facc214,f0010000,20040000,a810751b,0d83ff06,45f88b73,1f83ff06,00000006,1af6c101,07c745f0,02000000,8b45f889,45f8660f,8b45108b,058bcb8b,0000d3e0,75108078,8b4dfcc6,81582000,348b5514,108b088b,017599eb,5dc21400,cccccccc
1788306708.9202533,27512,7.006492321624085e-45,8.407790785948902e-45,1.401298464324817e-45,1.401298464324817e-45,1.0,0.0,0.0,0.0,0.0,0.0,0.0,1.0,0.0,0.0,0.0,0.0,0.0,0.0,0.0,0.0,0.0,0.0,0.0,0.0,1.0,0.0,1.0,0.0,0.0,0.0,0.0,0.0,0.0,0.0,0.0,0.0,1.0,0.0,0.0,0.0,0.0,0.0,0.0,0.0,0.0,0.0,0.0,0.0,0.0,0.0,0.0,0.0,0f1f8400,c1018d48,8bc1eb0c,000f1f80,00000000,8b5df48b,c8c1f905,f085148e,008b450c,008bca81,01a90000,088b04b9,f8000000,098bc1c1,e817a801,0f85e300,0facc214,f0010000,20040000,a810751b,0d83ff06,45f88b73,1f83ff06,00000006,1af6c101,07c745f0,02000000,8b45f889,45f8660f,8b45108b,058bcb8b,0000d3e0,75108078,8b4dfcc6,81582000,348b5514,108b088b,017599eb,5dc21400,cccccccc
1788306709.0207498,27512,7.006492321624085e-45,8.407790785948902e-45,1.401298464324817e-45,1.401298464324817e-45,1.0,0.0,0.0,0.0,0.0,0.0,0.0,1.0,0.0,0.0,0.0,0.0,0.0,0.0,0.0,0.0,0.0,0.0,0.0,0.0,1.0,0.0,1.0,0.0,0.0,0.0,0.0,0.0,0.0,0.0,0.0,0.0,1.0,0.0,0.0,0.0,0.0,0.0,0.0,0.0,0.0,0.0,0.0,0.0,0.0,0.0,0.0,0.0,0f1f8400,c1018d48,8bc1eb0c,000f1f80,00000000,8b5df48b,c8c1f905,f085148e,008b450c,008bca81,01a90000,088b04b9,f8000000,098bc1c1,e817a801,0f85e300,0facc214,f0010000,20040000,a810751b,0d83ff06,45f88b73,1f83ff06,00000006,1af6c101,07c745f0,02000000,8b45f889,45f8660f,8b45108b,058bcb8b,0000d3e0,75108078,8b4dfcc6,81582000,348b5514,108b088b,017599eb,5dc21400,cccccccc
1788306709.122347,27512,7.006492321624085e-45,8.407790785948902e-45,1.401298464324817e-45,1.401298464324817e-45,1.0,0.0,0.0,0.0,0.0,0.0,0.0,1.0,0.0,0.0,0.0,0.0,0.0,0.0,0.0,0.0,0.0,0.0,0.0,0.0,1.0,0.0,1.0,0.0,0.0,0.0,0.0,0.0,0.0,0.0,0.0,0.0,1.0,0.0,0.0,0.0,0.0,0.0,0.0,0.0,0.0,0.0,0.0,0.0,0.0,0.0,0.0,0.0,0f1f8400,c1018d48,8bc1eb0c,000f1f80,00000000,8b5df48b,c8c1f905,f085148e,008b450c,008bca81,01a90000,088b04b9,f8000000,098bc1c1,e817a801,0f85e300,0facc214,f0010000,20040000,a810751b,0d83ff06,45f88b73,1f83ff06,00000006,1af6c101,07c745f0,02000000,8b45f889,45f8660f,8b45108b,058bcb8b,0000d3e0,75108078,8b4dfcc6,81582000,348b5514,108b088b,017599eb,5dc21400,cccccccc
1788306709.2235315,27512,7.006492321624085e-45,8.407790785948902e-45,1.401298464324817e-45,1.401298464324817e-45,1.0,0.0,0.0,0.0,0.0,0.0,0.0,1.0,0.0,0.0,0.0,0.0,0.0,0.0,0.0,0.0,0.0,0.0,0.0,0.0,1.0,0.0,1.0,0.0,0.0,0.0,0.0,0.0,0.0,0.0,0.0,0.0,1.0,0.0,0.0,0.0,0.0,0.0,0.0,0.0,0.0,0.0,0.0,0.0,0.0,0.0,0.0,0.0,0f1f8400,c1018d48,8bc1eb0c,000f1f80,00000000,8b5df48b,c8c1f905,f085148e,008b450c,008bca81,01a90000,088b04b9,f8000000,098bc1c1,e817a801,0f85e300,0facc214,f0010000,20040000,a810751b,0d83ff06,45f88b73,1f83ff06,00000006,1af6c101,07c745f0,02000000,8b45f889,45f8660f,8b45108b,058bcb8b,0000d3e0,75108078,8b4dfcc6,81582000,348b5514,108b088b,017599eb,5dc21400,cccccccc
1788306709.3245492,27512,7.006492321624085e-45,8.407790785948902e-45,1.401298464324817e-45,1.401298464324817e-45,1.0,0.0,0.0,0.0,0.0,0.0,0.0,1.0,0.0,0.0,0.0,0.0,0.0,0.0,0.0,0.0,0.0,0.0,0.0,0.0,1.0,0.0,1.0,0.0,0.0,0.0,0.0,0.0,0.0,0.0,0.0,0.0,1.0,0.0,0.0,0.0,0.0,0.0,0.0,0.0,0.0,0.0,0.0,0.0,0.0,0.0,0.0,0.0,0f1f8400,c1018d48,8bc1eb0c,000f1f80,00000000,8b5df48b,c8c1f905,f085148e,008b450c,008bca81,01a90000,088b04b9,f8000000,098bc1c1,e817a801,0f85e300,0facc214,f0010000,20040000,a810751b,0d83ff06,45f88b73,1f83ff06,00000006,1af6c101,07c745f0,02000000,8b45f889,45f8660f,8b45108b,058bcb8b,0000d3e0,75108078,8b4dfcc6,81582000,348b5514,108b088b,017599eb,5dc21400,cccccccc
1788306709.4257655,27512,7.006492321624085e-45,8.407790785948902e-45,1.401298464324817e-45,1.401298464324817e-45,1.0,0.0,0.0,0.0,0.0,0.0,0.0,1.0,0.0,0.0,0.0,0.0,0.0,0.0,0.0,0.0,0.0,0.0,0.0,0.0,1.0,0.0,1.0,0.0,0.0,0.0,0.0,0.0,0.0,0.0,0.0,0.0,1.0,0.0,0.0,0.0,0.0,0.0,0.0,0.0,0.0,0.0,0.0,0.0,0.0,0.0,0.0,0.0,0f1f8400,c1018d48,8bc1eb0c,000f1f80,00000000,8b5df48b,c8c1f905,f085148e,008b450c,008bca81,01a90000,088b04b9,f8000000,098bc1c1,e817a801,0f85e300,0facc214,f0010000,20040000,a810751b,0d83ff06,45f88b73,1f83ff06,00000006,1af6c101,07c745f0,02000000,8b45f889,45f8660f,8b45108b,058bcb8b,0000d3e0,75108078,8b4dfcc6,81582000,348b5514,108b088b,017599eb,5dc21400,cccccccc
1788306709.5264642,27512,7.006492321624085e-45,8.407790785948902e-45,1.401298464324817e-45,1.401298464324817e-45,1.0,0.0,0.0,0.0,0.0,0.0,0.0,1.0,0.0,0.0,0.0,0.0,0.0,0.0,0.0,0.0,0.0,0.0,0.0,0.0,1.0,0.0,1.0,0.0,0.0,0.0,0.0,0.0,0.0,0.0,0.0,0.0,1.0,0.0,0.0,0.0,0.0,0.0,0.0,0.0,0.0,0.0,0.0,0.0,0.0,0.0,0.0,0.0,0f1f8400,c1018d48,8bc1eb0c,000f1f80,00000000,8b5df48b,c8c1f905,f085148e,008b450c,008bca81,01a90000,088b04b9,f8000000,098bc1c1,e817a801,0f85e300,0facc214,f0010000,20040000,a810751b,0d83ff06,45f88b73,1f83ff06,00000006,1af6c101,07c745f0,02000000,8b45f889,45f8660f,8b45108b,058bcb8b,0000d3e0,75108078,8b4dfcc6,81582000,348b5514,108b088b,017599eb,5dc21400,cccccccc
1788306709.627104,27512,7.006492321624085e-45,8.407790785948902e-45,1.401298464324817e-45,1.401298464324817e-45,1.0,0.0,0.0,0.0,0.0,0.0,0.0,1.0,0.0,0.0,0.0,0.0,0.0,0.0,0.0,0.0,0.0,0.0,0.0,0.0,1.0,0.0,1.0,0.0,0.0,0.0,0.0,0.0,0.0,0.0,0.0,0.0,1.0,0.0,0.0,0.0,0.0,0.0,0.0,0.0,0.0,0.0,0.0,0.0,0.0,0.0,0.0,0.0,0f1f8400,c1018d48,8bc1eb0c,000f1f80,00000000,8b5df48b,c8c1f905,f085148e,008b450c,008bca81,01a90000,088b04b9,f8000000,098bc1c1,e817a801,0f85e300,0facc214,f0010000,20040000,a810751b,0d83ff06,45f88b73,1f83ff06,00000006,1af6c101,07c745f0,02000000,8b45f889,45f8660f,8b45108b,058bcb8b,0000d3e0,75108078,8b4dfcc6,81582000,348b5514,108b088b,017599eb,5dc21400,cccccccc
1788306709.7280552,27512,7.006492321624085e-45,8.407790785948902e-45,1.401298464324817e-45,1.401298464324817e-45,1.0,0.0,0.0,0.0,0.0,0.0,0.0,1.0,0.0,0.0,0.0,0.0,0.0,0.0,0.0,0.0,0.0,0.0,0.0,0.0,1.0,0.0,1.0,0.0,0.0,0.0,0.0,0.0,0.0,0.0,0.0,0.0,1.0,0.0,0.0,0.0,0.0,0.0,0.0,0.0,0.0,0.0,0.0,0.0,0.0,0.0,0.0,0.0,0f1f8400,c1018d48,8bc1eb0c,000f1f80,00000000,8b5df48b,c8c1f905,f085148e,008b450c,008bca81,01a90000,088b04b9,f8000000,098bc1c1,e817a801,0f85e300,0facc214,f0010000,20040000,a810751b,0d83ff06,45f88b73,1f83ff06,00000006,1af6c101,07c745f0,02000000,8b45f889,45f8660f,8b45108b,058bcb8b,0000d3e0,75108078,8b4dfcc6,81582000,348b5514,108b088b,017599eb,5dc21400,cccccccc
1788306709.8285174,27512,7.006492321624085e-45,8.407790785948902e-45,1.401298464324817e-45,1.401298464324817e-45,1.0,0.0,0.0,0.0,0.0,0.0,0.0,1.0,0.0,0.0,0.0,0.0,0.0,0.0,0.0,0.0,0.0,0.0,0.0,0.0,1.0,0.0,1.0,0.0,0.0,0.0,0.0,0.0,0.0,0.0,0.0,0.0,1.0,0.0,0.0,0.0,0.0,0.0,0.0,0.0,0.0,0.0,0.0,0.0,0.0,0.0,0.0,0.0,0f1f8400,c1018d48,8bc1eb0c,000f1f80,00000000,8b5df48b,c8c1f905,f085148e,008b450c,008bca81,01a90000,088b04b9,f8000000,098bc1c1,e817a801,0f85e300,0facc214,f0010000,20040000,a810751b,0d83ff06,45f88b73,1f83ff06,00000006,1af6c101,07c745f0,02000000,8b45f889,45f8660f,8b45108b,058bcb8b,0000d3e0,75108078,8b4dfcc6,81582000,348b5514,108b088b,017599eb,5dc21400,cccccccc
1788306709.9292474,27512,7.006492321624085e-45,8.407790785948902e-45,1.401298464324817e-45,1.401298464324817e-45,1.0,0.0,0.0,0.0,0.0,0.0,0.0,1.0,0.0,0.0,0.0,0.0,0.0,0.0,0.0,0.0,0.0,0.0,0.0,0.0,1.0,0.0,1.0,0.0,0.0,0.0,0.0,0.0,0.0,0.0,0.0,0.0,1.0,0.0,0.0,0.0,0.0,0.0,0.0,0.0,0.0,0.0,0.0,0.0,0.0,0.0,0.0,0.0,0f1f8400,c1018d48,8bc1eb0c,000f1f80,00000000,8b5df48b,c8c1f905,f085148e,008b450c,008bca81,01a90000,088b04b9,f8000000,098bc1c1,e817a801,0f85e300,0facc214,f0010000,20040000,a810751b,0d83ff06,45f88b73,1f83ff06,00000006,1af6c101,07c745f0,02000000,8b45f889,45f8660f,8b45108b,058bcb8b,0000d3e0,75108078,8b4dfcc6,81582000,348b5514,108b088b,017599eb,5dc21400,cccccccc
1788306710.0299542,27512,7.006492321624085e-45,8.407790785948902e-45,1.401298464324817e-45,1.401298464324817e-45,1.0,0.0,0.0,0.0,0.0,0.0,0.0,1.0,0.0,0.0,0.0,0.0,0.0,0.0,0.0,0.0,0.0,0.0,0.0,0.0,1.0,0.0,1.0,0.0,0.0,0.0,0.0,0.0,0.0,0.0,0.0,0.0,1.0,0.0,0.0,0.0,0.0,0.0,0.0,0.0,0.0,0.0,0.0,0.0,0.0,0.0,0.0,0.0,0f1f8400,c1018d48,8bc1eb0c,000f1f80,00000000,8b5df48b,c8c1f905,f085148e,008b450c,008bca81,01a90000,088b04b9,f8000000,098bc1c1,e817a801,0f85e300,0facc214,f0010000,20040000,a810751b,0d83ff06,45f88b73,1f83ff06,00000006,1af6c101,07c745f0,02000000,8b45f889,45f8660f,8b45108b,058bcb8b,0000d3e0,75108078,8b4dfcc6,81582000,348b5514,108b088b,017599eb,5dc21400,cccccccc
1788306710.1305726,27512,7.006492321624085e-45,8.407790785948902e-45,1.401298464324817e-45,1.401298464324817e-45,1.0,0.0,0.0,0.0,0.0,0.0,0.0,1.0,0.0,0.0,0.0,0.0,0.0,0.0,0.0,0.0,0.0,0.0,0.0,0.0,1.0,0.0,1.0,0.0,0.0,0.0,0.0,0.0,0.0,0.0,0.0,0.0,1.0,0.0,0.0,0.0,0.0,0.0,0.0,0.0,0.0,0.0,0.0,0.0,0.0,0.0,0.0,0.0,0f1f8400,c1018d48,8bc1eb0c,000f1f80,00000000,8b5df48b,c8c1f905,f085148e,008b450c,008bca81,01a90000,088b04b9,f8000000,098bc1c1,e817a801,0f85e300,0facc214,f0010000,20040000,a810751b,0d83ff06,45f88b73,1f83ff06,00000006,1af6c101,07c745f0,02000000,8b45f889,45f8660f,8b45108b,058bcb8b,0000d3e0,75108078,8b4dfcc6,81582000,348b5514,108b088b,017599eb,5dc21400,cccccccc
1788306710.2310607,27512,7.006492321624085e-45,8.407790785948902e-45,1.401298464324817e-45,1.401298464324817e-45,1.0,0.0,0.0,0.0,0.0,0.0,0.0,1.0,0.0,0.0,0.0,0.0,0.0,0.0,0.0,0.0,0.0,0.0,0.0,0.0,1.0,0.0,1.0,0.0,0.0,0.0,0.0,0.0,0.0,0.0,0.0,0.0,1.0,0.0,0.0,0.0,0.0,0.0,0.0,0.0,0.0,0.0,0.0,0.0,0.0,0.0,0.0,0.0,0f1f8400,c1018d48,8bc1eb0c,000f1f80,00000000,8b5df48b,c8c1f905,f085148e,008b450c,008bca81,01a90000,088b04b9,f8000000,098bc1c1,e817a801,0f85e300,0facc214,f0010000,20040000,a810751b,0d83ff06,45f88b73,1f83ff06,00000006,1af6c101,07c745f0,02000000,8b45f889,45f8660f,8b45108b,058bcb8b,0000d3e0,75108078,8b4dfcc6,81582000,348b5514,108b088b,017599eb,5dc21400,cccccccc
1788306710.33248,27512,7.006492321624085e-45,8.407790785948902e-45,1.401298464324817e-45,1.401298464324817e-45,1.0,0.0,0.0,0.0,0.0,0.0,0.0,1.0,0.0,0.0,0.0,0.0,0.0,0.0,0.0,0.0,0.0,0.0,0.0,0.0,1.0,0.0,1.0,0.0,0.0,0.0,0.0,0.0,0.0,0.0,0.0,0.0,1.0,0.0,0.0,0.0,0.0,0.0,0.0,0.0,0.0,0.0,0.0,0.0,0.0,0.0,0.0,0.0,0f1f8400,c1018d48,8bc1eb0c,000f1f80,00000000,8b5df48b,c8c1f905,f085148e,008b450c,008bca81,01a90000,088b04b9,f8000000,098bc1c1,e817a801,0f85e300,0facc214,f0010000,20040000,a810751b,0d83ff06,45f88b73,1f83ff06,00000006,1af6c101,07c745f0,02000000,8b45f889,45f8660f,8b45108b,058bcb8b,0000d3e0,75108078,8b4dfcc6,81582000,348b5514,108b088b,017599eb,5dc21400,cccccccc
1788306710.4333477,27512,7.006492321624085e-45,8.407790785948902e-45,1.401298464324817e-45,1.401298464324817e-45,1.0,0.0,0.0,0.0,0.0,0.0,0.0,1.0,0.0,0.0,0.0,0.0,0.0,0.0,0.0,0.0,0.0,0.0,0.0,0.0,1.0,0.0,1.0,0.0,0.0,0.0,0.0,0.0,0.0,0.0,0.0,0.0,1.0,0.0,0.0,0.0,0.0,0.0,0.0,0.0,0.0,0.0,0.0,0.0,0.0,0.0,0.0,0.0,0f1f8400,c1018d48,8bc1eb0c,000f1f80,00000000,8b5df48b,c8c1f905,f085148e,008b450c,008bca81,01a90000,088b04b9,f8000000,098bc1c1,e817a801,0f85e300,0facc214,f0010000,20040000,a810751b,0d83ff06,45f88b73,1f83ff06,00000006,1af6c101,07c745f0,02000000,8b45f889,45f8660f,8b45108b,058bcb8b,0000d3e0,75108078,8b4dfcc6,81582000,348b5514,108b088b,017599eb,5dc21400,cccccccc
1788306710.5340722,27512,7.006492321624085e-45,8.407790785948902e-45,1.401298464324817e-45,1.401298464324817e-45,1.0,0.0,0.0,0.0,0.0,0.0,0.0,1.0,0.0,0.0,0.0,0.0,0.0,0.0,0.0,0.0,0.0,0.0,0.0,0.0,1.0,0.0,1.0,0.0,0.0,0.0,0.0,0.0,0.0,0.0,0.0,0.0,1.0,0.0,0.0,0.0,0.0,0.0,0.0,0.0,0.0,0.0,0.0,0.0,0.0,0.0,0.0,0.0,0f1f8400,c1018d48,8bc1eb0c,000f1f80,00000000,8b5df48b,c8c1f905,f085148e,008b450c,008bca81,01a90000,088b04b9,f8000000,098bc1c1,e817a801,0f85e300,0facc214,f0010000,20040000,a810751b,0d83ff06,45f88b73,1f83ff06,00000006,1af6c101,07c745f0,02000000,8b45f889,45f8660f,8b45108b,058bcb8b,0000d3e0,75108078,8b4dfcc6,81582000,348b5514,108b088b,017599eb,5dc21400,cccccccc
1788306710.664249,27512,7.006492321624085e-45,8.407790785948902e-45,1.401298464324817e-45,1.401298464324817e-45,1.0,0.0,0.0,0.0,0.0,0.0,0.0,1.0,0.0,0.0,0.0,0.0,0.0,0.0,0.0,0.0,0.0,0.0,0.0,0.0,1.0,0.0,1.0,0.0,0.0,0.0,0.0,0.0,0.0,0.0,0.0,0.0,1.0,0.0,0.0,0.0,0.0,0.0,0.0,0.0,0.0,0.0,0.0,0.0,0.0,0.0,0.0,0.0,0f1f8400,c1018d48,8bc1eb0c,000f1f80,00000000,8b5df48b,c8c1f905,f085148e,008b450c,008bca81,01a90000,088b04b9,f8000000,098bc1c1,e817a801,0f85e300,0facc214,f0010000,20040000,a810751b,0d83ff06,45f88b73,1f83ff06,00000006,1af6c101,07c745f0,02000000,8b45f889,45f8660f,8b45108b,058bcb8b,0000d3e0,75108078,8b4dfcc6,81582000,348b5514,108b088b,017599eb,5dc21400,cccccccc
1788306710.7656014,27512,7.006492321624085e-45,8.407790785948902e-45,1.401298464324817e-45,1.401298464324817e-45,1.0,0.0,0.0,0.0,0.0,0.0,0.0,1.0,0.0,0.0,0.0,0.0,0.0,0.0,0.0,0.0,0.0,0.0,0.0,0.0,1.0,0.0,1.0,0.0,0.0,0.0,0.0,0.0,0.0,0.0,0.0,0.0,1.0,0.0,0.0,0.0,0.0,0.0,0.0,0.0,0.0,0.0,0.0,0.0,0.0,0.0,0.0,0.0,0f1f8400,c1018d48,8bc1eb0c,000f1f80,00000000,8b5df48b,c8c1f905,f085148e,008b450c,008bca81,01a90000,088b04b9,f8000000,098bc1c1,e817a801,0f85e300,0facc214,f0010000,20040000,a810751b,0d83ff06,45f88b73,1f83ff06,00000006,1af6c101,07c745f0,02000000,8b45f889,45f8660f,8b45108b,058bcb8b,0000d3e0,75108078,8b4dfcc6,81582000,348b5514,108b088b,017599eb,5dc21400,cccccccc
1788306710.8660266,27512,7.006492321624085e-45,8.407790785948902e-45,1.401298464324817e-45,1.401298464324817e-45,1.0,0.0,0.0,0.0,0.0,0.0,0.0,1.0,0.0,0.0,0.0,0.0,0.0,0.0,0.0,0.0,0.0,0.0,0.0,0.0,1.0,0.0,1.0,0.0,0.0,0.0,0.0,0.0,0.0,0.0,0.0,0.0,1.0,0.0,0.0,0.0,0.0,0.0,0.0,0.0,0.0,0.0,0.0,0.0,0.0,0.0,0.0,0.0,0f1f8400,c1018d48,8bc1eb0c,000f1f80,00000000,8b5df48b,c8c1f905,f085148e,008b450c,008bca81,01a90000,088b04b9,f8000000,098bc1c1,e817a801,0f85e300,0facc214,f0010000,20040000,a810751b,0d83ff06,45f88b73,1f83ff06,00000006,1af6c101,07c745f0,02000000,8b45f889,45f8660f,8b45108b,058bcb8b,0000d3e0,75108078,8b4dfcc6,81582000,348b5514,108b088b,017599eb,5dc21400,cccccccc
1788306710.9666255,27512,7.006492321624085e-45,8.407790785948902e-45,1.401298464324817e-45,1.401298464324817e-45,1.0,0.0,0.0,0.0,0.0,0.0,0.0,1.0,0.0,0.0,0.0,0.0,0.0,0.0,0.0,0.0,0.0,0.0,0.0,0.0,1.0,0.0,1.0,0.0,0.0,0.0,0.0,0.0,0.0,0.0,0.0,0.0,1.0,0.0,0.0,0.0,0.0,0.0,0.0,0.0,0.0,0.0,0.0,0.0,0.0,0.0,0.0,0.0,0f1f8400,c1018d48,8bc1eb0c,000f1f80,00000000,8b5df48b,c8c1f905,f085148e,008b450c,008bca81,01a90000,088b04b9,f8000000,098bc1c1,e817a801,0f85e300,0facc214,f0010000,20040000,a810751b,0d83ff06,45f88b73,1f83ff06,00000006,1af6c101,07c745f0,02000000,8b45f889,45f8660f,8b45108b,058bcb8b,0000d3e0,75108078,8b4dfcc6,81582000,348b5514,108b088b,017599eb,5dc21400,cccccccc
1788306711.0670543,27512,7.006492321624085e-45,8.407790785948902e-45,1.401298464324817e-45,1.401298464324817e-45,1.0,0.0,0.0,0.0,0.0,0.0,0.0,1.0,0.0,0.0,0.0,0.0,0.0,0.0,0.0,0.0,0.0,0.0,0.0,0.0,1.0,0.0,1.0,0.0,0.0,0.0,0.0,0.0,0.0,0.0,0.0,0.0,1.0,0.0,0.0,0.0,0.0,0.0,0.0,0.0,0.0,0.0,0.0,0.0,0.0,0.0,0.0,0.0,0f1f8400,c1018d48,8bc1eb0c,000f1f80,00000000,8b5df48b,c8c1f905,f085148e,008b450c,008bca81,01a90000,088b04b9,f8000000,098bc1c1,e817a801,0f85e300,0facc214,f0010000,20040000,a810751b,0d83ff06,45f88b73,1f83ff06,00000006,1af6c101,07c745f0,02000000,8b45f889,45f8660f,8b45108b,058bcb8b,0000d3e0,75108078,8b4dfcc6,81582000,348b5514,108b088b,017599eb,5dc21400,cccccccc
1788306711.167693,27512,7.006492321624085e-45,8.407790785948902e-45,1.401298464324817e-45,1.401298464324817e-45,1.0,0.0,0.0,0.0,0.0,0.0,0.0,1.0,0.0,0.0,0.0,0.0,0.0,0.0,0.0,0.0,0.0,0.0,0.0,0.0,1.0,0.0,1.0,0.0,0.0,0.0,0.0,0.0,0.0,0.0,0.0,0.0,1.0,0.0,0.0,0.0,0.0,0.0,0.0,0.0,0.0,0.0,0.0,0.0,0.0,0.0,0.0,0.0,0f1f8400,c1018d48,8bc1eb0c,000f1f80,00000000,8b5df48b,c8c1f905,f085148e,008b450c,008bca81,01a90000,088b04b9,f8000000,098bc1c1,e817a801,0f85e300,0facc214,f0010000,20040000,a810751b,0d83ff06,45f88b73,1f83ff06,00000006,1af6c101,07c745f0,02000000,8b45f889,45f8660f,8b45108b,058bcb8b,0000d3e0,75108078,8b4dfcc6,81582000,348b5514,108b088b,017599eb,5dc21400,cccccccc
1788306711.2681036,27512,7.006492321624085e-45,8.407790785948902e-45,1.401298464324817e-45,1.401298464324817e-45,1.0,0.0,0.0,0.0,0.0,0.0,0.0,1.0,0.0,0.0,0.0,0.0,0.0,0.0,0.0,0.0,0.0,0.0,0.0,0.0,1.0,0.0,1.0,0.0,0.0,0.0,0.0,0.0,0.0,0.0,0.0,0.0,1.0,0.0,0.0,0.0,0.0,0.0,0.0,0.0,0.0,0.0,0.0,0.0,0.0,0.0,0.0,0.0,0f1f8400,c1018d48,8bc1eb0c,000f1f80,00000000,8b5df48b,c8c1f905,f085148e,008b450c,008bca81,01a90000,088b04b9,f8000000,098bc1c1,e817a801,0f85e300,0facc214,f0010000,20040000,a810751b,0d83ff06,45f88b73,1f83ff06,00000006,1af6c101,07c745f0,02000000,8b45f889,45f8660f,8b45108b,058bcb8b,0000d3e0,75108078,8b4dfcc6,81582000,348b5514,108b088b,017599eb,5dc21400,cccccccc
1788306711.369521,27512,7.006492321624085e-45,8.407790785948902e-45,1.401298464324817e-45,1.401298464324817e-45,1.0,0.0,0.0,0.0,0.0,0.0,0.0,1.0,0.0,0.0,0.0,0.0,0.0,0.0,0.0,0.0,0.0,0.0,0.0,0.0,1.0,0.0,1.0,0.0,0.0,0.0,0.0,0.0,0.0,0.0,0.0,0.0,1.0,0.0,0.0,0.0,0.0,0.0,0.0,0.0,0.0,0.0,0.0,0.0,0.0,0.0,0.0,0.0,0f1f8400,c1018d48,8bc1eb0c,000f1f80,00000000,8b5df48b,c8c1f905,f085148e,008b450c,008bca81,01a90000,088b04b9,f8000000,098bc1c1,e817a801,0f85e300,0facc214,f0010000,20040000,a810751b,0d83ff06,45f88b73,1f83ff06,00000006,1af6c101,07c745f0,02000000,8b45f889,45f8660f,8b45108b,058bcb8b,0000d3e0,75108078,8b4dfcc6,81582000,348b5514,108b088b,017599eb,5dc21400,cccccccc
